customer_id,product_id
7590-VHVEG,OnlineBackup
7590-VHVEG,InternetService_DSL
5575-GNVDE,PhoneService
5575-GNVDE,OnlineSecurity
5575-GNVDE,DeviceProtection
5575-GNVDE,InternetService_DSL
3668-QPYBK,PhoneService
3668-QPYBK,OnlineSecurity
3668-QPYBK,OnlineBackup
3668-QPYBK,InternetService_DSL
7795-CFOCW,OnlineSecurity
7795-CFOCW,DeviceProtection
7795-CFOCW,TechSupport
7795-CFOCW,InternetService_DSL
9237-HQITU,PhoneService
9237-HQITU,InternetService_Fiber
9305-CDSKC,PhoneService
9305-CDSKC,MultipleLines
9305-CDSKC,DeviceProtection
9305-CDSKC,StreamingTV
9305-CDSKC,StreamingMovies
9305-CDSKC,InternetService_Fiber
1452-KIOVK,PhoneService
1452-KIOVK,MultipleLines
1452-KIOVK,OnlineBackup
1452-KIOVK,StreamingTV
1452-KIOVK,InternetService_Fiber
6713-OKOMC,OnlineSecurity
6713-OKOMC,InternetService_DSL
7892-POOKP,PhoneService
7892-POOKP,MultipleLines
7892-POOKP,DeviceProtection
7892-POOKP,TechSupport
7892-POOKP,StreamingTV
7892-POOKP,StreamingMovies
7892-POOKP,InternetService_Fiber
6388-TABGU,PhoneService
6388-TABGU,OnlineSecurity
6388-TABGU,OnlineBackup
6388-TABGU,InternetService_DSL
9763-GRSKD,PhoneService
9763-GRSKD,OnlineSecurity
9763-GRSKD,InternetService_DSL
7469-LKBCI,PhoneService
8091-TTVAX,PhoneService
8091-TTVAX,MultipleLines
8091-TTVAX,DeviceProtection
8091-TTVAX,StreamingTV
8091-TTVAX,StreamingMovies
8091-TTVAX,InternetService_Fiber
0280-XJGEX,PhoneService
0280-XJGEX,MultipleLines
0280-XJGEX,OnlineBackup
0280-XJGEX,DeviceProtection
0280-XJGEX,StreamingTV
0280-XJGEX,StreamingMovies
0280-XJGEX,InternetService_Fiber
5129-JLPIS,PhoneService
5129-JLPIS,OnlineSecurity
5129-JLPIS,DeviceProtection
5129-JLPIS,TechSupport
5129-JLPIS,StreamingTV
5129-JLPIS,StreamingMovies
5129-JLPIS,InternetService_Fiber
3655-SNQYZ,PhoneService
3655-SNQYZ,MultipleLines
3655-SNQYZ,OnlineSecurity
3655-SNQYZ,OnlineBackup
3655-SNQYZ,DeviceProtection
3655-SNQYZ,TechSupport
3655-SNQYZ,StreamingTV
3655-SNQYZ,StreamingMovies
3655-SNQYZ,InternetService_Fiber
8191-XWSZG,PhoneService
9959-WOFKT,PhoneService
9959-WOFKT,MultipleLines
9959-WOFKT,OnlineSecurity
9959-WOFKT,DeviceProtection
9959-WOFKT,StreamingTV
9959-WOFKT,StreamingMovies
9959-WOFKT,InternetService_Fiber
4190-MFLUW,PhoneService
4190-MFLUW,DeviceProtection
4190-MFLUW,TechSupport
4190-MFLUW,InternetService_DSL
4183-MYFRB,PhoneService
4183-MYFRB,OnlineBackup
4183-MYFRB,DeviceProtection
4183-MYFRB,StreamingMovies
4183-MYFRB,InternetService_Fiber
8779-QRDMV,DeviceProtection
8779-QRDMV,StreamingMovies
8779-QRDMV,InternetService_DSL
1680-VDCWW,PhoneService
1066-JKSGK,PhoneService
3638-WEABW,PhoneService
3638-WEABW,MultipleLines
3638-WEABW,OnlineBackup
3638-WEABW,TechSupport
3638-WEABW,InternetService_DSL
6322-HRPFA,PhoneService
6322-HRPFA,OnlineSecurity
6322-HRPFA,OnlineBackup
6322-HRPFA,TechSupport
6322-HRPFA,InternetService_DSL
6865-JZNKO,PhoneService
6865-JZNKO,OnlineSecurity
6865-JZNKO,OnlineBackup
6865-JZNKO,InternetService_DSL
6467-CHFZW,PhoneService
6467-CHFZW,MultipleLines
6467-CHFZW,OnlineBackup
6467-CHFZW,StreamingTV
6467-CHFZW,StreamingMovies
6467-CHFZW,InternetService_Fiber
8665-UTDHZ,OnlineBackup
8665-UTDHZ,InternetService_DSL
5248-YGIJN,PhoneService
5248-YGIJN,MultipleLines
5248-YGIJN,OnlineSecurity
5248-YGIJN,OnlineBackup
5248-YGIJN,DeviceProtection
5248-YGIJN,TechSupport
5248-YGIJN,StreamingTV
5248-YGIJN,StreamingMovies
5248-YGIJN,InternetService_DSL
8773-HHUOZ,PhoneService
8773-HHUOZ,StreamingTV
8773-HHUOZ,StreamingMovies
8773-HHUOZ,InternetService_DSL
3841-NFECX,PhoneService
3841-NFECX,MultipleLines
3841-NFECX,OnlineSecurity
3841-NFECX,OnlineBackup
3841-NFECX,DeviceProtection
3841-NFECX,TechSupport
3841-NFECX,InternetService_Fiber
4929-XIHVW,PhoneService
4929-XIHVW,DeviceProtection
4929-XIHVW,StreamingTV
4929-XIHVW,StreamingMovies
4929-XIHVW,InternetService_Fiber
6827-IEAUQ,PhoneService
6827-IEAUQ,OnlineSecurity
6827-IEAUQ,OnlineBackup
6827-IEAUQ,DeviceProtection
6827-IEAUQ,TechSupport
6827-IEAUQ,InternetService_DSL
7310-EGVHZ,PhoneService
3413-BMNZE,PhoneService
3413-BMNZE,InternetService_DSL
6234-RAAPL,PhoneService
6234-RAAPL,MultipleLines
6234-RAAPL,OnlineSecurity
6234-RAAPL,OnlineBackup
6234-RAAPL,TechSupport
6234-RAAPL,StreamingTV
6234-RAAPL,InternetService_Fiber
6047-YHPVI,PhoneService
6047-YHPVI,InternetService_Fiber
6572-ADKRS,PhoneService
6572-ADKRS,DeviceProtection
6572-ADKRS,InternetService_Fiber
5380-WJKOV,PhoneService
5380-WJKOV,MultipleLines
5380-WJKOV,OnlineBackup
5380-WJKOV,DeviceProtection
5380-WJKOV,StreamingTV
5380-WJKOV,StreamingMovies
5380-WJKOV,InternetService_Fiber
8168-UQWWF,PhoneService
8168-UQWWF,MultipleLines
8168-UQWWF,DeviceProtection
8168-UQWWF,StreamingTV
8168-UQWWF,StreamingMovies
8168-UQWWF,InternetService_Fiber
8865-TNMNX,PhoneService
8865-TNMNX,OnlineBackup
8865-TNMNX,InternetService_DSL
9489-DEDVP,PhoneService
9489-DEDVP,MultipleLines
9489-DEDVP,OnlineSecurity
9489-DEDVP,OnlineBackup
9489-DEDVP,StreamingTV
9489-DEDVP,InternetService_DSL
9867-JCZSP,PhoneService
4671-VJLCL,PhoneService
4671-VJLCL,MultipleLines
4671-VJLCL,OnlineSecurity
4671-VJLCL,OnlineBackup
4671-VJLCL,DeviceProtection
4671-VJLCL,TechSupport
4671-VJLCL,StreamingTV
4671-VJLCL,InternetService_DSL
4080-IIARD,PhoneService
4080-IIARD,MultipleLines
4080-IIARD,OnlineSecurity
4080-IIARD,OnlineBackup
4080-IIARD,TechSupport
4080-IIARD,StreamingTV
4080-IIARD,InternetService_DSL
3714-NTNFO,PhoneService
3714-NTNFO,MultipleLines
3714-NTNFO,StreamingMovies
3714-NTNFO,InternetService_Fiber
5948-UJZLF,PhoneService
5948-UJZLF,OnlineBackup
5948-UJZLF,InternetService_DSL
7760-OYPDY,PhoneService
7760-OYPDY,StreamingTV
7760-OYPDY,InternetService_Fiber
7639-LIAYI,PhoneService
7639-LIAYI,MultipleLines
7639-LIAYI,OnlineSecurity
7639-LIAYI,TechSupport
7639-LIAYI,StreamingTV
7639-LIAYI,StreamingMovies
7639-LIAYI,InternetService_DSL
2954-PIBKO,PhoneService
2954-PIBKO,MultipleLines
2954-PIBKO,OnlineSecurity
2954-PIBKO,DeviceProtection
2954-PIBKO,TechSupport
2954-PIBKO,InternetService_DSL
8012-SOUDQ,PhoneService
8012-SOUDQ,MultipleLines
8012-SOUDQ,OnlineBackup
8012-SOUDQ,StreamingTV
8012-SOUDQ,InternetService_Fiber
9420-LOJKX,PhoneService
9420-LOJKX,OnlineSecurity
9420-LOJKX,OnlineBackup
9420-LOJKX,StreamingTV
9420-LOJKX,StreamingMovies
9420-LOJKX,InternetService_Fiber
6575-SUVOI,PhoneService
6575-SUVOI,MultipleLines
6575-SUVOI,OnlineSecurity
6575-SUVOI,TechSupport
6575-SUVOI,StreamingTV
6575-SUVOI,InternetService_DSL
7495-OOKFY,PhoneService
7495-OOKFY,MultipleLines
7495-OOKFY,OnlineBackup
7495-OOKFY,InternetService_Fiber
4667-QONEA,PhoneService
4667-QONEA,OnlineSecurity
4667-QONEA,OnlineBackup
4667-QONEA,DeviceProtection
4667-QONEA,TechSupport
4667-QONEA,StreamingMovies
4667-QONEA,InternetService_DSL
1658-BYGOY,PhoneService
1658-BYGOY,MultipleLines
1658-BYGOY,StreamingTV
1658-BYGOY,StreamingMovies
1658-BYGOY,InternetService_Fiber
8769-KKTPH,PhoneService
8769-KKTPH,MultipleLines
8769-KKTPH,OnlineSecurity
8769-KKTPH,StreamingTV
8769-KKTPH,StreamingMovies
8769-KKTPH,InternetService_Fiber
5067-XJQFU,PhoneService
5067-XJQFU,MultipleLines
5067-XJQFU,OnlineBackup
5067-XJQFU,DeviceProtection
5067-XJQFU,TechSupport
5067-XJQFU,StreamingTV
5067-XJQFU,StreamingMovies
5067-XJQFU,InternetService_Fiber
3957-SQXML,PhoneService
3957-SQXML,MultipleLines
5954-BDFSG,PhoneService
5954-BDFSG,MultipleLines
5954-BDFSG,DeviceProtection
5954-BDFSG,TechSupport
5954-BDFSG,StreamingTV
5954-BDFSG,StreamingMovies
5954-BDFSG,InternetService_Fiber
0434-CSFON,PhoneService
0434-CSFON,MultipleLines
0434-CSFON,DeviceProtection
0434-CSFON,StreamingTV
0434-CSFON,StreamingMovies
0434-CSFON,InternetService_Fiber
1215-FIGMP,PhoneService
1215-FIGMP,MultipleLines
1215-FIGMP,OnlineBackup
1215-FIGMP,StreamingTV
1215-FIGMP,InternetService_Fiber
0526-SXDJP,OnlineSecurity
0526-SXDJP,OnlineBackup
0526-SXDJP,DeviceProtection
0526-SXDJP,InternetService_DSL
0557-ASKVU,PhoneService
0557-ASKVU,DeviceProtection
0557-ASKVU,TechSupport
0557-ASKVU,InternetService_DSL
5698-BQJOH,PhoneService
5698-BQJOH,MultipleLines
5698-BQJOH,StreamingTV
5698-BQJOH,StreamingMovies
5698-BQJOH,InternetService_Fiber
5122-CYFXA,PhoneService
5122-CYFXA,OnlineBackup
5122-CYFXA,TechSupport
5122-CYFXA,StreamingTV
5122-CYFXA,StreamingMovies
5122-CYFXA,InternetService_DSL
8627-ZYGSZ,PhoneService
8627-ZYGSZ,MultipleLines
8627-ZYGSZ,OnlineBackup
8627-ZYGSZ,InternetService_Fiber
3410-YOQBQ,PhoneService
3410-YOQBQ,OnlineBackup
3410-YOQBQ,DeviceProtection
3410-YOQBQ,TechSupport
3410-YOQBQ,StreamingTV
3410-YOQBQ,StreamingMovies
3410-YOQBQ,InternetService_DSL
3170-NMYVV,PhoneService
7410-OIEDU,PhoneService
7410-OIEDU,OnlineSecurity
7410-OIEDU,DeviceProtection
7410-OIEDU,InternetService_Fiber
2273-QCKXA,PhoneService
2273-QCKXA,TechSupport
2273-QCKXA,InternetService_DSL
0731-EBJQB,PhoneService
1891-QRQSA,PhoneService
1891-QRQSA,MultipleLines
1891-QRQSA,OnlineSecurity
1891-QRQSA,DeviceProtection
1891-QRQSA,TechSupport
1891-QRQSA,StreamingTV
1891-QRQSA,StreamingMovies
1891-QRQSA,InternetService_Fiber
8028-PNXHQ,PhoneService
8028-PNXHQ,MultipleLines
5630-AHZIL,PhoneService
5630-AHZIL,OnlineSecurity
5630-AHZIL,TechSupport
5630-AHZIL,StreamingMovies
5630-AHZIL,InternetService_DSL
2673-CXQEU,PhoneService
2673-CXQEU,MultipleLines
2673-CXQEU,OnlineSecurity
2673-CXQEU,OnlineBackup
2673-CXQEU,DeviceProtection
2673-CXQEU,StreamingTV
2673-CXQEU,StreamingMovies
2673-CXQEU,InternetService_Fiber
6416-JNVRK,PhoneService
6416-JNVRK,StreamingMovies
6416-JNVRK,InternetService_DSL
5590-ZSKRV,PhoneService
5590-ZSKRV,OnlineSecurity
5590-ZSKRV,OnlineBackup
5590-ZSKRV,InternetService_DSL
0191-ZHSKZ,PhoneService
0191-ZHSKZ,OnlineSecurity
0191-ZHSKZ,OnlineBackup
0191-ZHSKZ,StreamingTV
0191-ZHSKZ,StreamingMovies
0191-ZHSKZ,InternetService_DSL
3887-PBQAO,PhoneService
3887-PBQAO,MultipleLines
5919-TMRGD,PhoneService
5919-TMRGD,StreamingTV
5919-TMRGD,InternetService_Fiber
8108-UXRQN,OnlineSecurity
8108-UXRQN,StreamingTV
8108-UXRQN,StreamingMovies
8108-UXRQN,InternetService_DSL
9191-MYQKX,PhoneService
9191-MYQKX,DeviceProtection
9191-MYQKX,InternetService_Fiber
9919-YLNNG,PhoneService
9919-YLNNG,OnlineBackup
9919-YLNNG,DeviceProtection
9919-YLNNG,TechSupport
9919-YLNNG,StreamingTV
9919-YLNNG,StreamingMovies
9919-YLNNG,InternetService_Fiber
0318-ZOPWS,PhoneService
4445-ZJNMU,PhoneService
4445-ZJNMU,MultipleLines
4445-ZJNMU,OnlineBackup
4445-ZJNMU,StreamingTV
4445-ZJNMU,StreamingMovies
4445-ZJNMU,InternetService_Fiber
4808-YNLEU,PhoneService
4808-YNLEU,OnlineSecurity
4808-YNLEU,StreamingTV
4808-YNLEU,InternetService_DSL
1862-QRWPE,PhoneService
2796-NNUFI,PhoneService
3016-KSVCP,StreamingTV
3016-KSVCP,InternetService_DSL
4767-HZZHQ,PhoneService
4767-HZZHQ,OnlineBackup
4767-HZZHQ,DeviceProtection
4767-HZZHQ,InternetService_Fiber
2424-WVHPL,PhoneService
2424-WVHPL,TechSupport
2424-WVHPL,InternetService_Fiber
7233-PAHHL,PhoneService
7233-PAHHL,MultipleLines
7233-PAHHL,OnlineSecurity
7233-PAHHL,DeviceProtection
7233-PAHHL,TechSupport
7233-PAHHL,StreamingTV
7233-PAHHL,StreamingMovies
7233-PAHHL,InternetService_DSL
6067-NGCEU,PhoneService
6067-NGCEU,MultipleLines
6067-NGCEU,OnlineSecurity
6067-NGCEU,OnlineBackup
6067-NGCEU,DeviceProtection
6067-NGCEU,StreamingTV
6067-NGCEU,StreamingMovies
6067-NGCEU,InternetService_Fiber
9848-JQJTX,PhoneService
9848-JQJTX,MultipleLines
9848-JQJTX,OnlineBackup
9848-JQJTX,DeviceProtection
9848-JQJTX,StreamingTV
9848-JQJTX,StreamingMovies
9848-JQJTX,InternetService_Fiber
8637-XJIVR,PhoneService
8637-XJIVR,MultipleLines
8637-XJIVR,OnlineSecurity
8637-XJIVR,InternetService_Fiber
9803-FTJCG,PhoneService
9803-FTJCG,MultipleLines
9803-FTJCG,OnlineSecurity
9803-FTJCG,OnlineBackup
9803-FTJCG,TechSupport
9803-FTJCG,InternetService_DSL
0278-YXOOG,PhoneService
3212-KXOCR,PhoneService
4598-XLKNJ,PhoneService
4598-XLKNJ,OnlineBackup
4598-XLKNJ,DeviceProtection
4598-XLKNJ,StreamingTV
4598-XLKNJ,StreamingMovies
4598-XLKNJ,InternetService_Fiber
6380-ARCEH,PhoneService
3679-XASPY,PhoneService
7123-WQUHX,PhoneService
7123-WQUHX,MultipleLines
7123-WQUHX,DeviceProtection
7123-WQUHX,TechSupport
7123-WQUHX,StreamingTV
7123-WQUHX,InternetService_Fiber
5386-THSLQ,OnlineBackup
5386-THSLQ,DeviceProtection
5386-THSLQ,StreamingTV
5386-THSLQ,InternetService_DSL
3192-NQECA,PhoneService
3192-NQECA,MultipleLines
3192-NQECA,OnlineBackup
3192-NQECA,DeviceProtection
3192-NQECA,TechSupport
3192-NQECA,StreamingTV
3192-NQECA,StreamingMovies
3192-NQECA,InternetService_Fiber
6180-YBIQI,InternetService_DSL
6728-DKUCO,PhoneService
6728-DKUCO,MultipleLines
6728-DKUCO,OnlineSecurity
6728-DKUCO,OnlineBackup
6728-DKUCO,StreamingTV
6728-DKUCO,StreamingMovies
6728-DKUCO,InternetService_Fiber
9750-BOOHV,OnlineSecurity
9750-BOOHV,InternetService_DSL
8597-CWYHH,PhoneService
8597-CWYHH,MultipleLines
8597-CWYHH,StreamingTV
8597-CWYHH,StreamingMovies
8597-CWYHH,InternetService_Fiber
2848-YXSMW,PhoneService
0486-HECZI,PhoneService
0486-HECZI,MultipleLines
0486-HECZI,OnlineSecurity
0486-HECZI,OnlineBackup
0486-HECZI,StreamingTV
0486-HECZI,InternetService_Fiber
4549-ZDQYY,PhoneService
4549-ZDQYY,OnlineSecurity
4549-ZDQYY,DeviceProtection
4549-ZDQYY,TechSupport
4549-ZDQYY,InternetService_DSL
5712-AHQNN,PhoneService
5712-AHQNN,OnlineBackup
5712-AHQNN,DeviceProtection
5712-AHQNN,StreamingTV
5712-AHQNN,InternetService_Fiber
4846-WHAFZ,PhoneService
4846-WHAFZ,MultipleLines
4846-WHAFZ,InternetService_Fiber
5256-SKJGO,OnlineBackup
5256-SKJGO,TechSupport
5256-SKJGO,StreamingTV
5256-SKJGO,StreamingMovies
5256-SKJGO,InternetService_DSL
3071-VBYPO,PhoneService
3071-VBYPO,OnlineSecurity
3071-VBYPO,OnlineBackup
3071-VBYPO,StreamingTV
3071-VBYPO,InternetService_Fiber
9560-BBZXK,OnlineSecurity
9560-BBZXK,InternetService_DSL
5299-RULOA,PhoneService
5299-RULOA,MultipleLines
5299-RULOA,OnlineSecurity
5299-RULOA,StreamingTV
5299-RULOA,StreamingMovies
5299-RULOA,InternetService_Fiber
8402-OOOHJ,PhoneService
9445-ZUEQE,PhoneService
9445-ZUEQE,MultipleLines
9445-ZUEQE,OnlineBackup
9445-ZUEQE,TechSupport
9445-ZUEQE,InternetService_Fiber
1091-SOZGA,PhoneService
1091-SOZGA,MultipleLines
1091-SOZGA,DeviceProtection
1091-SOZGA,StreamingTV
1091-SOZGA,StreamingMovies
1091-SOZGA,InternetService_Fiber
2928-HLDBA,PhoneService
0404-SWRVG,PhoneService
0404-SWRVG,MultipleLines
0404-SWRVG,InternetService_Fiber
6497-TILVL,PhoneService
6497-TILVL,OnlineSecurity
6497-TILVL,InternetService_DSL
7219-TLZHO,PhoneService
4622-YNKIJ,PhoneService
4622-YNKIJ,OnlineSecurity
4622-YNKIJ,TechSupport
4622-YNKIJ,StreamingTV
4622-YNKIJ,InternetService_Fiber
4412-YLTKF,PhoneService
4412-YLTKF,MultipleLines
4412-YLTKF,DeviceProtection
4412-YLTKF,InternetService_Fiber
6734-PSBAW,PhoneService
6734-PSBAW,MultipleLines
3930-ZGWVE,PhoneService
2639-UGMAZ,OnlineSecurity
2639-UGMAZ,OnlineBackup
2639-UGMAZ,StreamingTV
2639-UGMAZ,StreamingMovies
2639-UGMAZ,InternetService_DSL
2876-GZYZC,PhoneService
2876-GZYZC,MultipleLines
2876-GZYZC,StreamingMovies
2876-GZYZC,InternetService_Fiber
6207-WIOLX,OnlineSecurity
6207-WIOLX,OnlineBackup
6207-WIOLX,DeviceProtection
6207-WIOLX,StreamingTV
6207-WIOLX,StreamingMovies
6207-WIOLX,InternetService_DSL
8587-XYZSF,PhoneService
8587-XYZSF,TechSupport
8587-XYZSF,InternetService_DSL
3091-FYHKI,StreamingMovies
3091-FYHKI,InternetService_DSL
2372-HWUHI,PhoneService
2372-HWUHI,InternetService_DSL
7799-LGRDP,PhoneService
7799-LGRDP,MultipleLines
7850-VWJUU,PhoneService
7850-VWJUU,OnlineSecurity
7850-VWJUU,InternetService_Fiber
3774-VBNXY,PhoneService
6217-KDYWC,PhoneService
0390-DCFDQ,PhoneService
0390-DCFDQ,InternetService_Fiber
3146-MSEGF,PhoneService
3146-MSEGF,MultipleLines
3146-MSEGF,OnlineSecurity
3146-MSEGF,OnlineBackup
3146-MSEGF,DeviceProtection
3146-MSEGF,TechSupport
3146-MSEGF,StreamingTV
3146-MSEGF,StreamingMovies
3146-MSEGF,InternetService_DSL
4080-OGPJL,PhoneService
4080-OGPJL,MultipleLines
4080-OGPJL,OnlineSecurity
4080-OGPJL,TechSupport
4080-OGPJL,StreamingMovies
4080-OGPJL,InternetService_DSL
1095-WGNGG,PhoneService
1095-WGNGG,MultipleLines
1095-WGNGG,OnlineBackup
1095-WGNGG,StreamingTV
1095-WGNGG,StreamingMovies
1095-WGNGG,InternetService_Fiber
2636-SJDOU,PhoneService
2636-SJDOU,MultipleLines
2636-SJDOU,OnlineSecurity
2636-SJDOU,OnlineBackup
2636-SJDOU,InternetService_Fiber
1131-QQZEB,PhoneService
1131-QQZEB,MultipleLines
5716-EZXZN,PhoneService
5716-EZXZN,MultipleLines
5716-EZXZN,OnlineSecurity
5716-EZXZN,OnlineBackup
5716-EZXZN,TechSupport
5716-EZXZN,StreamingTV
5716-EZXZN,InternetService_Fiber
6837-BJYDQ,PhoneService
2135-RXIHG,PhoneService
2135-RXIHG,InternetService_DSL
6440-DKQGE,PhoneService
6440-DKQGE,OnlineBackup
6440-DKQGE,DeviceProtection
6440-DKQGE,StreamingTV
6440-DKQGE,InternetService_DSL
3466-BYAVD,PhoneService
3466-BYAVD,OnlineBackup
3466-BYAVD,DeviceProtection
3466-BYAVD,TechSupport
3466-BYAVD,StreamingMovies
3466-BYAVD,InternetService_DSL
3780-YVMFA,PhoneService
3780-YVMFA,TechSupport
3780-YVMFA,StreamingTV
3780-YVMFA,StreamingMovies
3780-YVMFA,InternetService_DSL
3874-EQOEP,PhoneService
3874-EQOEP,MultipleLines
3874-EQOEP,StreamingTV
3874-EQOEP,StreamingMovies
3874-EQOEP,InternetService_Fiber
1679-JRFBR,PhoneService
1679-JRFBR,MultipleLines
1679-JRFBR,OnlineSecurity
1679-JRFBR,OnlineBackup
1679-JRFBR,DeviceProtection
1679-JRFBR,StreamingTV
1679-JRFBR,StreamingMovies
1679-JRFBR,InternetService_Fiber
9073-ZZIAY,PhoneService
9073-ZZIAY,OnlineSecurity
9073-ZZIAY,OnlineBackup
9073-ZZIAY,DeviceProtection
9073-ZZIAY,TechSupport
9073-ZZIAY,StreamingTV
9073-ZZIAY,StreamingMovies
9073-ZZIAY,InternetService_DSL
3077-RSNTJ,PhoneService
6551-GNYDG,PhoneService
6551-GNYDG,StreamingMovies
6551-GNYDG,InternetService_Fiber
9167-APMXZ,PhoneService
9167-APMXZ,MultipleLines
9167-APMXZ,StreamingTV
9167-APMXZ,InternetService_Fiber
2749-CTKAJ,PhoneService
6371-NZYEG,PhoneService
6371-NZYEG,OnlineSecurity
6371-NZYEG,DeviceProtection
6371-NZYEG,StreamingTV
6371-NZYEG,InternetService_DSL
7554-NEWDD,PhoneService
7554-NEWDD,MultipleLines
8992-VONJD,PhoneService
8992-VONJD,OnlineSecurity
8992-VONJD,OnlineBackup
8992-VONJD,InternetService_DSL
0867-MKZVY,PhoneService
0867-MKZVY,MultipleLines
0867-MKZVY,OnlineSecurity
0867-MKZVY,InternetService_Fiber
4482-EWFMI,PhoneService
4482-EWFMI,InternetService_Fiber
4648-YPBTM,PhoneService
4648-YPBTM,MultipleLines
4648-YPBTM,OnlineBackup
4648-YPBTM,DeviceProtection
4648-YPBTM,TechSupport
4648-YPBTM,StreamingMovies
4648-YPBTM,InternetService_DSL
2907-ILJBN,PhoneService
6345-FZOQH,PhoneService
3376-BMGFE,PhoneService
3376-BMGFE,InternetService_Fiber
5997-OPVFA,PhoneService
5997-OPVFA,MultipleLines
5997-OPVFA,OnlineSecurity
5997-OPVFA,OnlineBackup
5997-OPVFA,DeviceProtection
5997-OPVFA,TechSupport
5997-OPVFA,StreamingTV
5997-OPVFA,StreamingMovies
5997-OPVFA,InternetService_DSL
3445-HXXGF,OnlineBackup
3445-HXXGF,DeviceProtection
3445-HXXGF,StreamingMovies
3445-HXXGF,InternetService_DSL
1159-WFSGR,PhoneService
7654-YWJUF,PhoneService
7654-YWJUF,OnlineSecurity
7654-YWJUF,DeviceProtection
7654-YWJUF,TechSupport
7654-YWJUF,InternetService_Fiber
1875-QIVME,PhoneService
1875-QIVME,MultipleLines
1875-QIVME,DeviceProtection
1875-QIVME,TechSupport
1875-QIVME,StreamingTV
1875-QIVME,StreamingMovies
1875-QIVME,InternetService_Fiber
6727-IOTLZ,PhoneService
6727-IOTLZ,OnlineBackup
6727-IOTLZ,DeviceProtection
6727-IOTLZ,TechSupport
6727-IOTLZ,StreamingTV
6727-IOTLZ,StreamingMovies
6727-IOTLZ,InternetService_DSL
0691-JVSYA,PhoneService
0691-JVSYA,DeviceProtection
0691-JVSYA,StreamingTV
0691-JVSYA,StreamingMovies
0691-JVSYA,InternetService_Fiber
5918-VUKWP,PhoneService
1744-JHKYS,PhoneService
1744-JHKYS,MultipleLines
2656-FMOKZ,PhoneService
2656-FMOKZ,MultipleLines
2656-FMOKZ,InternetService_Fiber
2070-FNEXE,PhoneService
2070-FNEXE,OnlineSecurity
2070-FNEXE,InternetService_Fiber
5947-SGKCL,PhoneService
5947-SGKCL,MultipleLines
5947-SGKCL,OnlineBackup
5947-SGKCL,DeviceProtection
5947-SGKCL,StreamingTV
5947-SGKCL,StreamingMovies
5947-SGKCL,InternetService_Fiber
3712-PKXZA,PhoneService
6317-YPKDH,OnlineBackup
6317-YPKDH,InternetService_DSL
6582-OIVSP,PhoneService
6582-OIVSP,InternetService_DSL
9367-WXLCH,PhoneService
9367-WXLCH,MultipleLines
9367-WXLCH,StreamingMovies
9367-WXLCH,InternetService_Fiber
5524-KHNJP,PhoneService
5524-KHNJP,OnlineSecurity
5524-KHNJP,DeviceProtection
5524-KHNJP,StreamingTV
5524-KHNJP,StreamingMovies
5524-KHNJP,InternetService_DSL
1918-ZBFQJ,PhoneService
1918-ZBFQJ,OnlineBackup
1918-ZBFQJ,DeviceProtection
1918-ZBFQJ,InternetService_Fiber
1024-GUALD,InternetService_DSL
4827-USJHP,PhoneService
4827-USJHP,OnlineBackup
4827-USJHP,InternetService_DSL
8167-GJLRN,TechSupport
8167-GJLRN,InternetService_DSL
0956-SYCWG,PhoneService
8017-UVSZU,PhoneService
8017-UVSZU,MultipleLines
8017-UVSZU,OnlineBackup
8017-UVSZU,InternetService_DSL
7100-FQPRV,PhoneService
7100-FQPRV,MultipleLines
7100-FQPRV,OnlineSecurity
7100-FQPRV,TechSupport
7100-FQPRV,StreamingMovies
7100-FQPRV,InternetService_DSL
2472-OVKUP,PhoneService
2472-OVKUP,OnlineBackup
2472-OVKUP,DeviceProtection
2472-OVKUP,StreamingMovies
2472-OVKUP,InternetService_Fiber
2984-RGEYA,PhoneService
9680-NIAUV,PhoneService
9680-NIAUV,MultipleLines
9680-NIAUV,OnlineSecurity
9680-NIAUV,OnlineBackup
9680-NIAUV,DeviceProtection
9680-NIAUV,StreamingTV
9680-NIAUV,StreamingMovies
9680-NIAUV,InternetService_Fiber
2146-EGVDT,PhoneService
2604-IJPDU,PhoneService
2604-IJPDU,OnlineSecurity
2604-IJPDU,OnlineBackup
2604-IJPDU,TechSupport
2604-IJPDU,StreamingTV
2604-IJPDU,InternetService_Fiber
9178-JHUVJ,PhoneService
9178-JHUVJ,MultipleLines
6168-YBYNP,PhoneService
6168-YBYNP,MultipleLines
6168-YBYNP,OnlineBackup
6168-YBYNP,DeviceProtection
6168-YBYNP,TechSupport
6168-YBYNP,StreamingTV
6168-YBYNP,StreamingMovies
6168-YBYNP,InternetService_Fiber
7255-SSFBC,PhoneService
7255-SSFBC,MultipleLines
7255-SSFBC,OnlineBackup
7255-SSFBC,DeviceProtection
7255-SSFBC,TechSupport
7255-SSFBC,StreamingTV
7255-SSFBC,StreamingMovies
7255-SSFBC,InternetService_Fiber
3645-DEYGF,PhoneService
9323-HGFWY,PhoneService
9323-HGFWY,OnlineSecurity
9323-HGFWY,TechSupport
9323-HGFWY,StreamingTV
9323-HGFWY,StreamingMovies
9323-HGFWY,InternetService_Fiber
8544-GOQSH,PhoneService
8544-GOQSH,OnlineBackup
8544-GOQSH,TechSupport
8544-GOQSH,InternetService_Fiber
3363-DTIVD,PhoneService
3363-DTIVD,MultipleLines
3363-DTIVD,OnlineSecurity
3363-DTIVD,DeviceProtection
3363-DTIVD,StreamingTV
3363-DTIVD,StreamingMovies
3363-DTIVD,InternetService_Fiber
7018-WBJNK,PhoneService
7018-WBJNK,StreamingTV
7018-WBJNK,InternetService_Fiber
9142-KZXOP,PhoneService
9142-KZXOP,InternetService_Fiber
7674-YTAFD,PhoneService
7674-YTAFD,OnlineBackup
7674-YTAFD,TechSupport
7674-YTAFD,InternetService_Fiber
6348-SNFUS,OnlineSecurity
6348-SNFUS,OnlineBackup
6348-SNFUS,DeviceProtection
6348-SNFUS,TechSupport
6348-SNFUS,StreamingMovies
6348-SNFUS,InternetService_DSL
1285-OKIPP,PhoneService
1285-OKIPP,StreamingMovies
1285-OKIPP,InternetService_Fiber
7825-ECJRF,PhoneService
7825-ECJRF,OnlineSecurity
7825-ECJRF,DeviceProtection
7825-ECJRF,TechSupport
7825-ECJRF,StreamingTV
7825-ECJRF,StreamingMovies
7825-ECJRF,InternetService_Fiber
1347-KTTTA,PhoneService
1347-KTTTA,OnlineBackup
1347-KTTTA,DeviceProtection
1347-KTTTA,TechSupport
1347-KTTTA,StreamingTV
1347-KTTTA,StreamingMovies
1347-KTTTA,InternetService_Fiber
7841-TZDMQ,PhoneService
7841-TZDMQ,InternetService_DSL
4195-NZGTA,InternetService_DSL
7157-SMCFK,PhoneService
4709-LKHYG,PhoneService
2504-DSHIH,PhoneService
2504-DSHIH,MultipleLines
2504-DSHIH,StreamingMovies
2504-DSHIH,InternetService_Fiber
0699-NDKJM,OnlineSecurity
0699-NDKJM,OnlineBackup
0699-NDKJM,DeviceProtection
0699-NDKJM,StreamingTV
0699-NDKJM,StreamingMovies
0699-NDKJM,InternetService_DSL
9286-BHDQG,OnlineSecurity
9286-BHDQG,OnlineBackup
9286-BHDQG,DeviceProtection
9286-BHDQG,TechSupport
9286-BHDQG,InternetService_DSL
0230-WEQUW,OnlineSecurity
0230-WEQUW,OnlineBackup
0230-WEQUW,DeviceProtection
0230-WEQUW,TechSupport
0230-WEQUW,StreamingTV
0230-WEQUW,InternetService_DSL
2040-LDIWQ,PhoneService
2040-LDIWQ,MultipleLines
2040-LDIWQ,OnlineBackup
2040-LDIWQ,DeviceProtection
2040-LDIWQ,TechSupport
2040-LDIWQ,StreamingTV
2040-LDIWQ,StreamingMovies
2040-LDIWQ,InternetService_DSL
6496-JDSSB,PhoneService
6496-JDSSB,StreamingTV
6496-JDSSB,InternetService_Fiber
9408-SSNVZ,PhoneService
9408-SSNVZ,InternetService_Fiber
4443-EMBNA,PhoneService
4443-EMBNA,MultipleLines
6469-MRVET,PhoneService
0742-MOABM,PhoneService
0742-MOABM,TechSupport
0742-MOABM,InternetService_DSL
5961-VUSRV,PhoneService
6778-JFCMK,OnlineSecurity
6778-JFCMK,StreamingTV
6778-JFCMK,StreamingMovies
6778-JFCMK,InternetService_DSL
6341-JVQGF,PhoneService
6341-JVQGF,OnlineSecurity
6341-JVQGF,DeviceProtection
6341-JVQGF,TechSupport
6341-JVQGF,StreamingTV
6341-JVQGF,StreamingMovies
6341-JVQGF,InternetService_DSL
2232-DMLXU,PhoneService
2232-DMLXU,StreamingTV
2232-DMLXU,InternetService_DSL
4811-JBUVU,PhoneService
4811-JBUVU,MultipleLines
4811-JBUVU,TechSupport
4811-JBUVU,StreamingMovies
4811-JBUVU,InternetService_Fiber
0945-TSONX,PhoneService
0945-TSONX,MultipleLines
0945-TSONX,OnlineSecurity
0945-TSONX,OnlineBackup
0945-TSONX,TechSupport
0945-TSONX,StreamingTV
0945-TSONX,StreamingMovies
0945-TSONX,InternetService_DSL
2651-ZCBXV,PhoneService
2651-ZCBXV,MultipleLines
2651-ZCBXV,OnlineSecurity
2651-ZCBXV,OnlineBackup
2651-ZCBXV,TechSupport
2651-ZCBXV,StreamingTV
2651-ZCBXV,StreamingMovies
2651-ZCBXV,InternetService_Fiber
3316-UWXUY,PhoneService
3316-UWXUY,OnlineSecurity
3316-UWXUY,OnlineBackup
3316-UWXUY,TechSupport
3316-UWXUY,StreamingMovies
3316-UWXUY,InternetService_Fiber
8937-RDTHP,PhoneService
8937-RDTHP,OnlineSecurity
8937-RDTHP,StreamingMovies
8937-RDTHP,InternetService_Fiber
7083-MIOPC,PhoneService
1984-GPTEH,PhoneService
1984-GPTEH,MultipleLines
1251-KRREG,PhoneService
1251-KRREG,MultipleLines
1251-KRREG,OnlineBackup
1251-KRREG,InternetService_DSL
0621-JFHOL,TechSupport
0621-JFHOL,InternetService_DSL
9903-LYSAB,PhoneService
9903-LYSAB,MultipleLines
9903-LYSAB,InternetService_Fiber
0094-OIFMO,PhoneService
0094-OIFMO,OnlineBackup
0094-OIFMO,StreamingTV
0094-OIFMO,StreamingMovies
0094-OIFMO,InternetService_Fiber
9227-UAQFT,PhoneService
7301-ABVAD,PhoneService
7301-ABVAD,MultipleLines
7301-ABVAD,OnlineBackup
7301-ABVAD,DeviceProtection
7301-ABVAD,TechSupport
7301-ABVAD,StreamingTV
7301-ABVAD,StreamingMovies
7301-ABVAD,InternetService_DSL
6614-FHDBO,PhoneService
6614-FHDBO,MultipleLines
6614-FHDBO,OnlineBackup
6614-FHDBO,DeviceProtection
6614-FHDBO,TechSupport
6614-FHDBO,StreamingTV
6614-FHDBO,StreamingMovies
6614-FHDBO,InternetService_Fiber
7576-ASEJU,PhoneService
7576-ASEJU,OnlineSecurity
7576-ASEJU,TechSupport
7576-ASEJU,StreamingTV
7576-ASEJU,StreamingMovies
7576-ASEJU,InternetService_DSL
9058-HRZSV,PhoneService
9058-HRZSV,OnlineSecurity
9058-HRZSV,OnlineBackup
9058-HRZSV,DeviceProtection
9058-HRZSV,StreamingMovies
9058-HRZSV,InternetService_Fiber
4522-AKYLR,PhoneService
4522-AKYLR,OnlineBackup
4522-AKYLR,DeviceProtection
4522-AKYLR,InternetService_DSL
0221-WMXNQ,PhoneService
0221-WMXNQ,OnlineSecurity
0221-WMXNQ,InternetService_Fiber
0303-UNCIP,PhoneService
0303-UNCIP,MultipleLines
0303-UNCIP,DeviceProtection
0303-UNCIP,StreamingMovies
0303-UNCIP,InternetService_DSL
9947-OTFQU,PhoneService
9947-OTFQU,OnlineBackup
9947-OTFQU,InternetService_Fiber
0322-YINQP,PhoneService
0322-YINQP,OnlineSecurity
0322-YINQP,InternetService_DSL
0959-WHOKV,PhoneService
0959-WHOKV,MultipleLines
0959-WHOKV,OnlineSecurity
0959-WHOKV,OnlineBackup
0959-WHOKV,DeviceProtection
0959-WHOKV,StreamingMovies
0959-WHOKV,InternetService_Fiber
4075-JFPGR,PhoneService
4075-JFPGR,OnlineSecurity
4075-JFPGR,OnlineBackup
4075-JFPGR,DeviceProtection
4075-JFPGR,StreamingTV
4075-JFPGR,InternetService_Fiber
4629-NRXKX,PhoneService
4629-NRXKX,InternetService_Fiber
9514-JDSKI,OnlineBackup
9514-JDSKI,StreamingTV
9514-JDSKI,InternetService_DSL
3282-ZISZV,PhoneService
3282-ZISZV,MultipleLines
3282-ZISZV,OnlineBackup
3282-ZISZV,DeviceProtection
3282-ZISZV,TechSupport
3282-ZISZV,StreamingTV
3282-ZISZV,StreamingMovies
3282-ZISZV,InternetService_DSL
3675-YDUPJ,PhoneService
4111-BNXIF,OnlineBackup
4111-BNXIF,DeviceProtection
4111-BNXIF,TechSupport
4111-BNXIF,StreamingTV
4111-BNXIF,StreamingMovies
4111-BNXIF,InternetService_DSL
7017-VFHAY,PhoneService
7017-VFHAY,MultipleLines
7017-VFHAY,OnlineSecurity
7017-VFHAY,OnlineBackup
7017-VFHAY,DeviceProtection
7017-VFHAY,TechSupport
7017-VFHAY,StreamingTV
7017-VFHAY,StreamingMovies
7017-VFHAY,InternetService_Fiber
6655-LHBYW,PhoneService
6655-LHBYW,MultipleLines
6655-LHBYW,OnlineSecurity
6655-LHBYW,OnlineBackup
6655-LHBYW,DeviceProtection
6655-LHBYW,TechSupport
6655-LHBYW,StreamingTV
6655-LHBYW,StreamingMovies
6655-LHBYW,InternetService_Fiber
4959-JOSRX,PhoneService
4959-JOSRX,InternetService_DSL
5046-NUHWD,OnlineSecurity
5046-NUHWD,DeviceProtection
5046-NUHWD,StreamingMovies
5046-NUHWD,InternetService_DSL
7273-TEFQD,DeviceProtection
7273-TEFQD,StreamingMovies
7273-TEFQD,InternetService_DSL
3606-TWKGI,PhoneService
3606-TWKGI,MultipleLines
3606-TWKGI,OnlineBackup
3606-TWKGI,DeviceProtection
3606-TWKGI,StreamingTV
3606-TWKGI,StreamingMovies
3606-TWKGI,InternetService_Fiber
7529-ZDFXI,PhoneService
7529-ZDFXI,MultipleLines
7529-ZDFXI,OnlineBackup
7529-ZDFXI,StreamingMovies
7529-ZDFXI,InternetService_Fiber
7605-BDWDC,OnlineSecurity
7605-BDWDC,OnlineBackup
7605-BDWDC,TechSupport
7605-BDWDC,StreamingMovies
7605-BDWDC,InternetService_DSL
1950-KSVVJ,PhoneService
1950-KSVVJ,MultipleLines
1950-KSVVJ,OnlineSecurity
1950-KSVVJ,OnlineBackup
1950-KSVVJ,DeviceProtection
1950-KSVVJ,TechSupport
1950-KSVVJ,StreamingTV
1950-KSVVJ,StreamingMovies
1950-KSVVJ,InternetService_Fiber
0123-CRBRT,PhoneService
0123-CRBRT,MultipleLines
0123-CRBRT,OnlineSecurity
0123-CRBRT,OnlineBackup
0123-CRBRT,DeviceProtection
0123-CRBRT,TechSupport
0123-CRBRT,StreamingTV
0123-CRBRT,StreamingMovies
0123-CRBRT,InternetService_DSL
6292-TOSSS,PhoneService
6292-TOSSS,MultipleLines
3197-ARFOY,PhoneService
3197-ARFOY,OnlineSecurity
3197-ARFOY,OnlineBackup
3197-ARFOY,TechSupport
3197-ARFOY,StreamingTV
3197-ARFOY,StreamingMovies
3197-ARFOY,InternetService_Fiber
6323-AYBRX,PhoneService
7014-ZZXAW,PhoneService
7014-ZZXAW,MultipleLines
4385-GZQXV,PhoneService
4385-GZQXV,TechSupport
4385-GZQXV,StreamingTV
4385-GZQXV,StreamingMovies
4385-GZQXV,InternetService_Fiber
7633-MVPUY,PhoneService
7633-MVPUY,OnlineSecurity
7633-MVPUY,OnlineBackup
7633-MVPUY,TechSupport
7633-MVPUY,InternetService_DSL
6366-ZGQGL,InternetService_DSL
4716-HHKQH,PhoneService
4716-HHKQH,MultipleLines
4716-HHKQH,OnlineBackup
4716-HHKQH,TechSupport
4716-HHKQH,StreamingTV
4716-HHKQH,StreamingMovies
4716-HHKQH,InternetService_Fiber
5940-AHUHD,PhoneService
5940-AHUHD,InternetService_Fiber
6432-TWQLB,PhoneService
6432-TWQLB,MultipleLines
6432-TWQLB,OnlineBackup
6432-TWQLB,TechSupport
6432-TWQLB,InternetService_Fiber
4484-GLZOU,PhoneService
4484-GLZOU,MultipleLines
4484-GLZOU,OnlineBackup
4484-GLZOU,DeviceProtection
4484-GLZOU,StreamingTV
4484-GLZOU,StreamingMovies
4484-GLZOU,InternetService_Fiber
3179-GBRWV,PhoneService
3179-GBRWV,OnlineSecurity
3179-GBRWV,OnlineBackup
3179-GBRWV,StreamingMovies
3179-GBRWV,InternetService_DSL
8645-KWHJO,DeviceProtection
8645-KWHJO,TechSupport
8645-KWHJO,StreamingTV
8645-KWHJO,StreamingMovies
8645-KWHJO,InternetService_DSL
4130-MZLCC,PhoneService
4130-MZLCC,OnlineBackup
4130-MZLCC,InternetService_DSL
0314-TKOSI,PhoneService
0314-TKOSI,OnlineSecurity
0314-TKOSI,OnlineBackup
0314-TKOSI,InternetService_DSL
8229-MYEJZ,PhoneService
8229-MYEJZ,OnlineBackup
8229-MYEJZ,InternetService_DSL
2080-SRCDE,PhoneService
2080-SRCDE,MultipleLines
9577-WJVCQ,PhoneService
9577-WJVCQ,MultipleLines
9577-WJVCQ,OnlineSecurity
9577-WJVCQ,InternetService_DSL
9512-UIBFX,PhoneService
9512-UIBFX,DeviceProtection
9512-UIBFX,StreamingTV
9512-UIBFX,StreamingMovies
9512-UIBFX,InternetService_Fiber
6202-DYYFX,PhoneService
6202-DYYFX,MultipleLines
6202-DYYFX,InternetService_Fiber
3808-HFKDE,PhoneService
3808-HFKDE,InternetService_DSL
5583-SXDAG,PhoneService
5583-SXDAG,InternetService_Fiber
3488-PGMQJ,PhoneService
3488-PGMQJ,OnlineBackup
3488-PGMQJ,InternetService_Fiber
3580-REOAC,PhoneService
3580-REOAC,InternetService_DSL
7534-BFESC,PhoneService
7534-BFESC,MultipleLines
7534-BFESC,InternetService_Fiber
3727-OWVYD,PhoneService
3727-OWVYD,OnlineSecurity
3727-OWVYD,OnlineBackup
3727-OWVYD,DeviceProtection
3727-OWVYD,InternetService_DSL
2294-SALNE,PhoneService
2294-SALNE,OnlineBackup
2294-SALNE,DeviceProtection
2294-SALNE,TechSupport
2294-SALNE,InternetService_Fiber
4847-TAJYI,PhoneService
4847-TAJYI,StreamingTV
4847-TAJYI,StreamingMovies
4847-TAJYI,InternetService_Fiber
1563-IWQEX,PhoneService
8203-XJZRC,PhoneService
6556-DBKZF,PhoneService
6556-DBKZF,DeviceProtection
6556-DBKZF,InternetService_Fiber
6851-WEFYX,PhoneService
6851-WEFYX,MultipleLines
6851-WEFYX,DeviceProtection
6851-WEFYX,StreamingTV
6851-WEFYX,StreamingMovies
6851-WEFYX,InternetService_Fiber
2985-JUUBZ,PhoneService
2985-JUUBZ,MultipleLines
2985-JUUBZ,DeviceProtection
2985-JUUBZ,StreamingTV
2985-JUUBZ,StreamingMovies
2985-JUUBZ,InternetService_DSL
6390-DSAZX,PhoneService
6390-DSAZX,OnlineSecurity
6390-DSAZX,InternetService_Fiber
0895-LMRSF,PhoneService
0895-LMRSF,StreamingTV
0895-LMRSF,StreamingMovies
0895-LMRSF,InternetService_DSL
8098-LLAZX,PhoneService
8098-LLAZX,MultipleLines
8098-LLAZX,StreamingTV
8098-LLAZX,StreamingMovies
8098-LLAZX,InternetService_Fiber
8266-VBFQL,PhoneService
8266-VBFQL,DeviceProtection
8266-VBFQL,TechSupport
8266-VBFQL,StreamingMovies
8266-VBFQL,InternetService_Fiber
8181-YHCMF,OnlineBackup
8181-YHCMF,DeviceProtection
8181-YHCMF,TechSupport
8181-YHCMF,StreamingTV
8181-YHCMF,StreamingMovies
8181-YHCMF,InternetService_DSL
2240-HSJQD,PhoneService
2240-HSJQD,MultipleLines
2240-HSJQD,OnlineBackup
2240-HSJQD,InternetService_Fiber
1248-DYXUB,PhoneService
1248-DYXUB,MultipleLines
0265-EDXBD,PhoneService
0265-EDXBD,MultipleLines
0265-EDXBD,InternetService_Fiber
4115-BNPJY,PhoneService
4115-BNPJY,DeviceProtection
4115-BNPJY,TechSupport
4115-BNPJY,StreamingTV
4115-BNPJY,StreamingMovies
4115-BNPJY,InternetService_DSL
3167-SNQPL,PhoneService
3167-SNQPL,MultipleLines
3167-SNQPL,OnlineBackup
3167-SNQPL,StreamingTV
3167-SNQPL,StreamingMovies
3167-SNQPL,InternetService_Fiber
4091-TVOCN,PhoneService
4091-TVOCN,MultipleLines
4091-TVOCN,OnlineSecurity
4091-TVOCN,DeviceProtection
4091-TVOCN,StreamingTV
4091-TVOCN,StreamingMovies
4091-TVOCN,InternetService_DSL
1098-TDVUQ,PhoneService
7277-OZCGZ,PhoneService
7277-OZCGZ,OnlineSecurity
7277-OZCGZ,TechSupport
7277-OZCGZ,StreamingMovies
7277-OZCGZ,InternetService_Fiber
1557-EMYVT,PhoneService
1557-EMYVT,MultipleLines
1557-EMYVT,OnlineSecurity
1557-EMYVT,OnlineBackup
1557-EMYVT,DeviceProtection
1557-EMYVT,TechSupport
1557-EMYVT,StreamingTV
1557-EMYVT,StreamingMovies
1557-EMYVT,InternetService_Fiber
2799-ARNLO,PhoneService
2799-ARNLO,InternetService_Fiber
7563-BIUPC,PhoneService
7563-BIUPC,StreamingTV
7563-BIUPC,InternetService_Fiber
5027-YOCXN,PhoneService
5027-YOCXN,MultipleLines
5027-YOCXN,OnlineSecurity
5027-YOCXN,OnlineBackup
5027-YOCXN,TechSupport
5027-YOCXN,StreamingTV
5027-YOCXN,StreamingMovies
5027-YOCXN,InternetService_Fiber
3973-SKMLN,PhoneService
2321-OMBXY,PhoneService
2321-OMBXY,OnlineSecurity
2321-OMBXY,OnlineBackup
2321-OMBXY,TechSupport
2321-OMBXY,StreamingTV
2321-OMBXY,StreamingMovies
2321-OMBXY,InternetService_DSL
2840-XANRC,PhoneService
2840-XANRC,DeviceProtection
2840-XANRC,StreamingTV
2840-XANRC,StreamingMovies
2840-XANRC,InternetService_Fiber
6745-JEFZB,PhoneService
6745-JEFZB,MultipleLines
6745-JEFZB,TechSupport
6745-JEFZB,StreamingTV
6745-JEFZB,InternetService_Fiber
5020-ZSTTY,PhoneService
5020-ZSTTY,MultipleLines
5020-ZSTTY,OnlineSecurity
5020-ZSTTY,OnlineBackup
5020-ZSTTY,TechSupport
5020-ZSTTY,StreamingTV
5020-ZSTTY,StreamingMovies
5020-ZSTTY,InternetService_DSL
9880-TDQAC,OnlineBackup
9880-TDQAC,DeviceProtection
9880-TDQAC,TechSupport
9880-TDQAC,StreamingTV
9880-TDQAC,StreamingMovies
9880-TDQAC,InternetService_DSL
8705-WZCYL,PhoneService
8705-WZCYL,InternetService_DSL
7102-JJVTX,PhoneService
7102-JJVTX,OnlineSecurity
7102-JJVTX,InternetService_DSL
8626-PTQGE,OnlineSecurity
8626-PTQGE,OnlineBackup
8626-PTQGE,TechSupport
8626-PTQGE,StreamingTV
8626-PTQGE,StreamingMovies
8626-PTQGE,InternetService_DSL
4983-CLMLV,PhoneService
4983-CLMLV,MultipleLines
4983-CLMLV,OnlineBackup
4983-CLMLV,TechSupport
4983-CLMLV,StreamingTV
4983-CLMLV,StreamingMovies
4983-CLMLV,InternetService_Fiber
5701-YVSVF,PhoneService
5701-YVSVF,TechSupport
5701-YVSVF,StreamingTV
5701-YVSVF,InternetService_Fiber
5804-LEPIM,PhoneService
5804-LEPIM,InternetService_Fiber
5697-GOMBF,StreamingTV
5697-GOMBF,InternetService_DSL
2739-CACDQ,PhoneService
2739-CACDQ,MultipleLines
2739-CACDQ,DeviceProtection
2739-CACDQ,InternetService_Fiber
9385-EHGDO,PhoneService
9498-FIMXL,PhoneService
2379-GYFLQ,PhoneService
2379-GYFLQ,MultipleLines
2379-GYFLQ,OnlineBackup
2379-GYFLQ,DeviceProtection
2379-GYFLQ,StreamingTV
2379-GYFLQ,InternetService_Fiber
0122-OAHPZ,PhoneService
0122-OAHPZ,MultipleLines
0122-OAHPZ,InternetService_Fiber
2868-SNELZ,PhoneService
2868-SNELZ,MultipleLines
2868-SNELZ,DeviceProtection
2868-SNELZ,InternetService_Fiber
4322-RCYMT,PhoneService
4322-RCYMT,MultipleLines
4322-RCYMT,OnlineBackup
4322-RCYMT,DeviceProtection
4322-RCYMT,TechSupport
4322-RCYMT,StreamingMovies
4322-RCYMT,InternetService_DSL
6680-NENYN,PhoneService
6680-NENYN,MultipleLines
6680-NENYN,OnlineBackup
6680-NENYN,DeviceProtection
6680-NENYN,StreamingTV
6680-NENYN,StreamingMovies
6680-NENYN,InternetService_Fiber
2088-IEBAU,PhoneService
2088-IEBAU,MultipleLines
2088-IEBAU,OnlineSecurity
2088-IEBAU,OnlineBackup
2088-IEBAU,DeviceProtection
2088-IEBAU,TechSupport
2088-IEBAU,StreamingTV
2088-IEBAU,StreamingMovies
2088-IEBAU,InternetService_DSL
7982-VCELR,PhoneService
7982-VCELR,OnlineBackup
7982-VCELR,StreamingTV
7982-VCELR,StreamingMovies
7982-VCELR,InternetService_Fiber
1343-EHPYB,PhoneService
1343-EHPYB,MultipleLines
1343-EHPYB,OnlineBackup
1343-EHPYB,DeviceProtection
1343-EHPYB,StreamingTV
1343-EHPYB,StreamingMovies
1343-EHPYB,InternetService_Fiber
6035-BXTTY,PhoneService
6035-BXTTY,OnlineBackup
6035-BXTTY,TechSupport
6035-BXTTY,InternetService_DSL
6885-PKOAM,PhoneService
6885-PKOAM,MultipleLines
6885-PKOAM,OnlineSecurity
6885-PKOAM,OnlineBackup
6885-PKOAM,DeviceProtection
6885-PKOAM,TechSupport
6885-PKOAM,StreamingTV
6885-PKOAM,StreamingMovies
6885-PKOAM,InternetService_DSL
7520-HQWJU,PhoneService
7520-HQWJU,MultipleLines
7520-HQWJU,OnlineSecurity
7520-HQWJU,OnlineBackup
7520-HQWJU,DeviceProtection
7520-HQWJU,InternetService_DSL
9639-BUJXT,PhoneService
5924-SNGKP,PhoneService
0021-IKXGC,PhoneService
0021-IKXGC,MultipleLines
0021-IKXGC,InternetService_Fiber
2034-GDRCN,PhoneService
2034-GDRCN,StreamingTV
2034-GDRCN,StreamingMovies
2034-GDRCN,InternetService_Fiber
8966-SNIZF,PhoneService
6243-OZGFH,StreamingTV
6243-OZGFH,StreamingMovies
6243-OZGFH,InternetService_DSL
4654-DLAMQ,PhoneService
4654-DLAMQ,OnlineSecurity
4654-DLAMQ,OnlineBackup
4654-DLAMQ,DeviceProtection
4654-DLAMQ,StreamingMovies
4654-DLAMQ,InternetService_Fiber
0513-RBGPE,PhoneService
0513-RBGPE,MultipleLines
0513-RBGPE,OnlineSecurity
0513-RBGPE,DeviceProtection
0513-RBGPE,TechSupport
0513-RBGPE,InternetService_DSL
5160-UXJED,PhoneService
5160-UXJED,InternetService_DSL
4115-NZRKS,PhoneService
4115-NZRKS,StreamingTV
4115-NZRKS,StreamingMovies
4115-NZRKS,InternetService_Fiber
0219-YTZUE,PhoneService
0219-YTZUE,MultipleLines
0219-YTZUE,OnlineBackup
0219-YTZUE,DeviceProtection
0219-YTZUE,InternetService_Fiber
0623-IIHUG,OnlineSecurity
0623-IIHUG,StreamingTV
0623-IIHUG,InternetService_DSL
4572-DVCGN,PhoneService
4572-DVCGN,StreamingMovies
4572-DVCGN,InternetService_Fiber
3351-NGXYI,PhoneService
3351-NGXYI,MultipleLines
3351-NGXYI,OnlineSecurity
3351-NGXYI,InternetService_DSL
8984-EYLLL,PhoneService
8984-EYLLL,MultipleLines
8984-EYLLL,OnlineBackup
8984-EYLLL,TechSupport
8984-EYLLL,StreamingTV
8984-EYLLL,StreamingMovies
8984-EYLLL,InternetService_Fiber
9057-MSWCO,OnlineSecurity
9057-MSWCO,InternetService_DSL
9833-TGFHX,PhoneService
9833-TGFHX,MultipleLines
9833-TGFHX,OnlineSecurity
9833-TGFHX,StreamingTV
9833-TGFHX,StreamingMovies
9833-TGFHX,InternetService_Fiber
9294-TDIPC,PhoneService
5229-DTFYB,PhoneService
5229-DTFYB,OnlineBackup
5229-DTFYB,TechSupport
5229-DTFYB,StreamingTV
5229-DTFYB,StreamingMovies
5229-DTFYB,InternetService_Fiber
0104-PPXDV,PhoneService
0104-PPXDV,DeviceProtection
0104-PPXDV,InternetService_DSL
5176-LMJXE,PhoneService
3583-KRKMD,PhoneService
3583-KRKMD,TechSupport
3583-KRKMD,InternetService_Fiber
1010-DIAUQ,PhoneService
1010-DIAUQ,DeviceProtection
1010-DIAUQ,StreamingTV
1010-DIAUQ,StreamingMovies
1010-DIAUQ,InternetService_Fiber
9069-LGEUL,PhoneService
9069-LGEUL,OnlineSecurity
9069-LGEUL,StreamingMovies
9069-LGEUL,InternetService_DSL
7302-ZHMHP,PhoneService
9571-EDEBV,PhoneService
9571-EDEBV,MultipleLines
9571-EDEBV,DeviceProtection
9571-EDEBV,StreamingTV
9571-EDEBV,StreamingMovies
9571-EDEBV,InternetService_Fiber
3520-FJGCV,PhoneService
3520-FJGCV,MultipleLines
3520-FJGCV,OnlineSecurity
3520-FJGCV,OnlineBackup
3520-FJGCV,DeviceProtection
3520-FJGCV,TechSupport
3520-FJGCV,StreamingTV
3520-FJGCV,StreamingMovies
3520-FJGCV,InternetService_Fiber
6563-VRERX,PhoneService
0259-GBZSH,PhoneService
0259-GBZSH,MultipleLines
0259-GBZSH,StreamingTV
0259-GBZSH,InternetService_Fiber
6122-EFVKN,OnlineSecurity
6122-EFVKN,TechSupport
6122-EFVKN,InternetService_DSL
2805-EDJPQ,PhoneService
2805-EDJPQ,MultipleLines
2805-EDJPQ,OnlineBackup
2805-EDJPQ,DeviceProtection
2805-EDJPQ,TechSupport
2805-EDJPQ,StreamingMovies
2805-EDJPQ,InternetService_Fiber
6862-CQUMB,PhoneService
6862-CQUMB,OnlineBackup
6862-CQUMB,StreamingTV
6862-CQUMB,StreamingMovies
6862-CQUMB,InternetService_Fiber
7156-MXBJE,PhoneService
7156-MXBJE,MultipleLines
7156-MXBJE,OnlineBackup
7156-MXBJE,DeviceProtection
7156-MXBJE,TechSupport
7156-MXBJE,StreamingTV
7156-MXBJE,StreamingMovies
7156-MXBJE,InternetService_DSL
6158-HDPXZ,InternetService_DSL
9601-BRXPO,PhoneService
9601-BRXPO,MultipleLines
9601-BRXPO,DeviceProtection
9601-BRXPO,TechSupport
9601-BRXPO,StreamingTV
9601-BRXPO,StreamingMovies
9601-BRXPO,InternetService_Fiber
2863-IMQDR,PhoneService
2863-IMQDR,MultipleLines
2863-IMQDR,OnlineSecurity
2863-IMQDR,OnlineBackup
2863-IMQDR,DeviceProtection
2863-IMQDR,TechSupport
2863-IMQDR,StreamingTV
2863-IMQDR,StreamingMovies
2863-IMQDR,InternetService_DSL
5686-CMAWK,PhoneService
5686-CMAWK,MultipleLines
5686-CMAWK,DeviceProtection
5686-CMAWK,TechSupport
5686-CMAWK,InternetService_Fiber
5651-CRHKQ,PhoneService
5651-CRHKQ,OnlineBackup
5651-CRHKQ,DeviceProtection
5651-CRHKQ,TechSupport
5651-CRHKQ,InternetService_Fiber
6905-NIQIN,PhoneService
6905-NIQIN,OnlineBackup
6905-NIQIN,InternetService_DSL
8204-YJCLA,OnlineSecurity
8204-YJCLA,OnlineBackup
8204-YJCLA,DeviceProtection
8204-YJCLA,TechSupport
8204-YJCLA,StreamingTV
8204-YJCLA,StreamingMovies
8204-YJCLA,InternetService_DSL
5167-ZFFMM,PhoneService
5167-ZFFMM,MultipleLines
5167-ZFFMM,OnlineBackup
5167-ZFFMM,StreamingMovies
5167-ZFFMM,InternetService_Fiber
6583-SZVGP,PhoneService
6583-SZVGP,MultipleLines
6583-SZVGP,OnlineBackup
6583-SZVGP,DeviceProtection
6583-SZVGP,StreamingTV
6583-SZVGP,StreamingMovies
6583-SZVGP,InternetService_Fiber
4895-TMWIR,PhoneService
0533-BNWKF,PhoneService
0533-BNWKF,MultipleLines
0533-BNWKF,OnlineBackup
0533-BNWKF,DeviceProtection
0533-BNWKF,InternetService_Fiber
1708-PBBOA,OnlineSecurity
1708-PBBOA,OnlineBackup
1708-PBBOA,DeviceProtection
1708-PBBOA,TechSupport
1708-PBBOA,StreamingMovies
1708-PBBOA,InternetService_DSL
8782-LKFPK,PhoneService
8782-LKFPK,MultipleLines
8782-LKFPK,DeviceProtection
8782-LKFPK,StreamingMovies
8782-LKFPK,InternetService_Fiber
5522-JBWMO,PhoneService
5522-JBWMO,InternetService_DSL
3597-MVHJT,PhoneService
3597-MVHJT,MultipleLines
3597-MVHJT,StreamingTV
3597-MVHJT,StreamingMovies
3597-MVHJT,InternetService_Fiber
9774-NRNAU,PhoneService
9774-NRNAU,MultipleLines
9774-NRNAU,OnlineBackup
9774-NRNAU,DeviceProtection
9774-NRNAU,TechSupport
9774-NRNAU,StreamingTV
9774-NRNAU,StreamingMovies
9774-NRNAU,InternetService_DSL
0224-RLWWD,PhoneService
0224-RLWWD,InternetService_DSL
9967-ATRFS,PhoneService
3951-NJCVI,PhoneService
3951-NJCVI,MultipleLines
3951-NJCVI,StreamingTV
3951-NJCVI,StreamingMovies
3951-NJCVI,InternetService_Fiber
2977-CEBSX,PhoneService
2977-CEBSX,MultipleLines
2977-CEBSX,OnlineSecurity
2977-CEBSX,OnlineBackup
2977-CEBSX,DeviceProtection
2977-CEBSX,TechSupport
2977-CEBSX,StreamingTV
2977-CEBSX,StreamingMovies
2977-CEBSX,InternetService_DSL
0177-PXBAT,PhoneService
0177-PXBAT,MultipleLines
0177-PXBAT,OnlineSecurity
0177-PXBAT,DeviceProtection
0177-PXBAT,TechSupport
0177-PXBAT,StreamingTV
0177-PXBAT,StreamingMovies
0177-PXBAT,InternetService_Fiber
6599-CEBNN,PhoneService
6599-CEBNN,OnlineBackup
6599-CEBNN,InternetService_Fiber
2519-ERQOJ,DeviceProtection
2519-ERQOJ,TechSupport
2519-ERQOJ,StreamingTV
2519-ERQOJ,StreamingMovies
2519-ERQOJ,InternetService_DSL
5876-QMYLD,PhoneService
2277-AXSDC,PhoneService
9442-JTWDL,PhoneService
0979-PHULV,PhoneService
0979-PHULV,MultipleLines
0979-PHULV,DeviceProtection
0979-PHULV,StreamingTV
0979-PHULV,StreamingMovies
0979-PHULV,InternetService_Fiber
3067-SVMTC,PhoneService
3067-SVMTC,OnlineSecurity
3067-SVMTC,TechSupport
3067-SVMTC,InternetService_DSL
5495-GPSRW,PhoneService
7606-BPHHN,PhoneService
4742-DRORA,PhoneService
4742-DRORA,MultipleLines
4742-DRORA,OnlineSecurity
4742-DRORA,DeviceProtection
4742-DRORA,StreamingTV
4742-DRORA,InternetService_Fiber
0111-KLBQG,PhoneService
0111-KLBQG,OnlineBackup
0111-KLBQG,StreamingTV
0111-KLBQG,StreamingMovies
0111-KLBQG,InternetService_Fiber
4800-VHZKI,PhoneService
7989-CHGTL,PhoneService
0334-GDDSO,PhoneService
0334-GDDSO,MultipleLines
0334-GDDSO,OnlineBackup
0334-GDDSO,InternetService_Fiber
4163-NCJAK,PhoneService
4163-NCJAK,MultipleLines
5233-AOZUF,PhoneService
5233-AOZUF,MultipleLines
5233-AOZUF,InternetService_Fiber
5973-EJGDP,PhoneService
5973-EJGDP,MultipleLines
5973-EJGDP,OnlineBackup
5973-EJGDP,DeviceProtection
5973-EJGDP,TechSupport
5973-EJGDP,InternetService_Fiber
1996-DBMUS,PhoneService
1996-DBMUS,InternetService_Fiber
7916-VCCPB,PhoneService
7916-VCCPB,OnlineBackup
7916-VCCPB,InternetService_Fiber
4686-GEFRM,PhoneService
4686-GEFRM,MultipleLines
4686-GEFRM,OnlineBackup
4686-GEFRM,DeviceProtection
4686-GEFRM,TechSupport
4686-GEFRM,StreamingMovies
4686-GEFRM,InternetService_Fiber
5249-QYHEX,PhoneService
5249-QYHEX,MultipleLines
0578-SKVMF,PhoneService
0578-SKVMF,OnlineBackup
0578-SKVMF,StreamingMovies
0578-SKVMF,InternetService_Fiber
5564-NEMQO,PhoneService
5564-NEMQO,DeviceProtection
5564-NEMQO,InternetService_Fiber
2233-FAGXV,PhoneService
2233-FAGXV,MultipleLines
5605-IYGFG,PhoneService
5605-IYGFG,InternetService_Fiber
7663-ZTEGJ,PhoneService
7663-ZTEGJ,MultipleLines
7663-ZTEGJ,OnlineBackup
7663-ZTEGJ,DeviceProtection
7663-ZTEGJ,TechSupport
7663-ZTEGJ,StreamingMovies
7663-ZTEGJ,InternetService_Fiber
3935-TBRZZ,PhoneService
3935-TBRZZ,MultipleLines
8111-BKVDS,OnlineSecurity
8111-BKVDS,OnlineBackup
8111-BKVDS,DeviceProtection
8111-BKVDS,InternetService_DSL
2055-SIFSS,PhoneService
2055-SIFSS,MultipleLines
2055-SIFSS,InternetService_DSL
2806-MLNTI,PhoneService
2806-MLNTI,MultipleLines
2806-MLNTI,OnlineBackup
2806-MLNTI,DeviceProtection
2806-MLNTI,StreamingTV
2806-MLNTI,StreamingMovies
2806-MLNTI,InternetService_Fiber
8734-DKSTZ,PhoneService
8734-DKSTZ,MultipleLines
8734-DKSTZ,StreamingMovies
8734-DKSTZ,InternetService_Fiber
4360-PNRQB,PhoneService
4360-PNRQB,MultipleLines
4360-PNRQB,InternetService_Fiber
6152-ONASV,PhoneService
6152-ONASV,MultipleLines
6152-ONASV,OnlineSecurity
6152-ONASV,TechSupport
6152-ONASV,InternetService_DSL
9063-ZGTUY,PhoneService
7781-HVGMK,OnlineSecurity
7781-HVGMK,OnlineBackup
7781-HVGMK,DeviceProtection
7781-HVGMK,TechSupport
7781-HVGMK,StreamingTV
7781-HVGMK,StreamingMovies
7781-HVGMK,InternetService_DSL
2181-UAESM,PhoneService
2181-UAESM,OnlineSecurity
2181-UAESM,DeviceProtection
2181-UAESM,InternetService_DSL
2957-LOLHO,PhoneService
2957-LOLHO,InternetService_DSL
6048-NJXHX,PhoneService
2320-SLKMB,DeviceProtection
2320-SLKMB,TechSupport
2320-SLKMB,StreamingTV
2320-SLKMB,InternetService_DSL
4980-URKXC,PhoneService
4376-KFVRS,PhoneService
4376-KFVRS,MultipleLines
4376-KFVRS,OnlineSecurity
4376-KFVRS,OnlineBackup
4376-KFVRS,DeviceProtection
4376-KFVRS,TechSupport
4376-KFVRS,StreamingTV
4376-KFVRS,StreamingMovies
4376-KFVRS,InternetService_Fiber
5886-VLQVU,PhoneService
5886-VLQVU,MultipleLines
5886-VLQVU,TechSupport
5886-VLQVU,StreamingMovies
5886-VLQVU,InternetService_Fiber
3577-AMVUX,PhoneService
3577-AMVUX,DeviceProtection
3577-AMVUX,TechSupport
3577-AMVUX,InternetService_DSL
0771-WLCLA,PhoneService
0771-WLCLA,MultipleLines
0771-WLCLA,OnlineSecurity
0771-WLCLA,DeviceProtection
0771-WLCLA,TechSupport
0771-WLCLA,StreamingTV
0771-WLCLA,StreamingMovies
0771-WLCLA,InternetService_Fiber
5628-RKIFK,PhoneService
5628-RKIFK,MultipleLines
5628-RKIFK,OnlineSecurity
5628-RKIFK,StreamingTV
5628-RKIFK,StreamingMovies
5628-RKIFK,InternetService_Fiber
0206-TBWLC,PhoneService
0206-TBWLC,MultipleLines
0206-TBWLC,OnlineSecurity
0206-TBWLC,OnlineBackup
0206-TBWLC,DeviceProtection
0206-TBWLC,TechSupport
0206-TBWLC,StreamingTV
0206-TBWLC,StreamingMovies
0206-TBWLC,InternetService_Fiber
2937-FTHUR,PhoneService
2937-FTHUR,MultipleLines
2937-FTHUR,OnlineSecurity
2937-FTHUR,StreamingMovies
2937-FTHUR,InternetService_DSL
1910-FMXJM,PhoneService
1910-FMXJM,StreamingMovies
1910-FMXJM,InternetService_Fiber
7752-XUSCI,PhoneService
7752-XUSCI,MultipleLines
7752-XUSCI,OnlineBackup
7752-XUSCI,DeviceProtection
7752-XUSCI,StreamingTV
7752-XUSCI,StreamingMovies
7752-XUSCI,InternetService_Fiber
4110-PFEUZ,PhoneService
4110-PFEUZ,InternetService_Fiber
0732-OCQOC,PhoneService
0732-OCQOC,MultipleLines
5168-MSWXT,PhoneService
5168-MSWXT,DeviceProtection
5168-MSWXT,StreamingTV
5168-MSWXT,StreamingMovies
5168-MSWXT,InternetService_Fiber
1090-ESELR,PhoneService
1090-ESELR,OnlineSecurity
1090-ESELR,OnlineBackup
1090-ESELR,TechSupport
1090-ESELR,StreamingTV
1090-ESELR,StreamingMovies
1090-ESELR,InternetService_Fiber
8592-PLTMQ,PhoneService
8592-PLTMQ,MultipleLines
5760-WRAHC,PhoneService
5760-WRAHC,OnlineSecurity
5760-WRAHC,DeviceProtection
5760-WRAHC,TechSupport
5760-WRAHC,StreamingMovies
5760-WRAHC,InternetService_DSL
8847-GEOOQ,OnlineBackup
8847-GEOOQ,DeviceProtection
8847-GEOOQ,TechSupport
8847-GEOOQ,StreamingTV
8847-GEOOQ,StreamingMovies
8847-GEOOQ,InternetService_DSL
0256-LTHVJ,PhoneService
0256-LTHVJ,StreamingMovies
0256-LTHVJ,InternetService_Fiber
4785-FCIFB,PhoneService
4785-FCIFB,MultipleLines
8313-NDOIA,PhoneService
8313-NDOIA,MultipleLines
8313-NDOIA,OnlineBackup
8313-NDOIA,DeviceProtection
8313-NDOIA,StreamingTV
8313-NDOIA,StreamingMovies
8313-NDOIA,InternetService_Fiber
5149-CUZUJ,PhoneService
5149-CUZUJ,OnlineBackup
5149-CUZUJ,DeviceProtection
5149-CUZUJ,TechSupport
5149-CUZUJ,StreamingTV
5149-CUZUJ,InternetService_Fiber
0942-KOWSM,PhoneService
0942-KOWSM,OnlineBackup
0942-KOWSM,DeviceProtection
0942-KOWSM,TechSupport
0942-KOWSM,StreamingTV
0942-KOWSM,StreamingMovies
0942-KOWSM,InternetService_DSL
4237-CLSMM,PhoneService
1452-VOQCH,PhoneService
1452-VOQCH,MultipleLines
1452-VOQCH,InternetService_Fiber
4719-UMSIY,PhoneService
6614-VBEGU,PhoneService
6614-VBEGU,OnlineBackup
6614-VBEGU,StreamingTV
6614-VBEGU,StreamingMovies
6614-VBEGU,InternetService_DSL
0880-TKATG,PhoneService
0880-TKATG,MultipleLines
0880-TKATG,DeviceProtection
0880-TKATG,StreamingTV
0880-TKATG,StreamingMovies
0880-TKATG,InternetService_Fiber
3811-VBYBZ,PhoneService
3811-VBYBZ,MultipleLines
3811-VBYBZ,OnlineBackup
3811-VBYBZ,StreamingTV
3811-VBYBZ,StreamingMovies
3811-VBYBZ,InternetService_Fiber
1480-BKXGA,PhoneService
1480-BKXGA,MultipleLines
1480-BKXGA,OnlineSecurity
1480-BKXGA,OnlineBackup
1480-BKXGA,DeviceProtection
1480-BKXGA,TechSupport
1480-BKXGA,StreamingTV
1480-BKXGA,StreamingMovies
1480-BKXGA,InternetService_Fiber
2996-XAUVF,TechSupport
2996-XAUVF,StreamingMovies
2996-XAUVF,InternetService_DSL
9076-AXYIK,PhoneService
9076-AXYIK,MultipleLines
9076-AXYIK,DeviceProtection
9076-AXYIK,TechSupport
9076-AXYIK,StreamingTV
9076-AXYIK,StreamingMovies
9076-AXYIK,InternetService_Fiber
5968-XQIVE,PhoneService
5968-XQIVE,MultipleLines
5968-XQIVE,OnlineBackup
5968-XQIVE,StreamingTV
5968-XQIVE,InternetService_Fiber
8896-RAZCR,PhoneService
4640-UHDOS,PhoneService
4640-UHDOS,StreamingMovies
4640-UHDOS,InternetService_DSL
4933-IKULF,PhoneService
3583-EKAPL,PhoneService
3583-EKAPL,StreamingMovies
3583-EKAPL,InternetService_DSL
1304-BCCFO,PhoneService
1304-BCCFO,DeviceProtection
1304-BCCFO,StreamingTV
1304-BCCFO,StreamingMovies
1304-BCCFO,InternetService_DSL
4104-PVRPS,PhoneService
4104-PVRPS,OnlineSecurity
4104-PVRPS,TechSupport
4104-PVRPS,InternetService_DSL
9399-APLBT,PhoneService
9399-APLBT,OnlineBackup
9399-APLBT,InternetService_Fiber
2359-KMGLI,PhoneService
2359-KMGLI,MultipleLines
2359-KMGLI,OnlineBackup
2359-KMGLI,InternetService_Fiber
3780-DDGSE,PhoneService
3780-DDGSE,OnlineBackup
3780-DDGSE,TechSupport
3780-DDGSE,StreamingTV
3780-DDGSE,StreamingMovies
3780-DDGSE,InternetService_DSL
4431-EDMIQ,PhoneService
4431-EDMIQ,OnlineSecurity
4431-EDMIQ,OnlineBackup
4431-EDMIQ,DeviceProtection
4431-EDMIQ,TechSupport
4431-EDMIQ,StreamingTV
4431-EDMIQ,InternetService_DSL
0306-JAELE,PhoneService
0306-JAELE,TechSupport
0306-JAELE,StreamingTV
0306-JAELE,StreamingMovies
0306-JAELE,InternetService_Fiber
6227-HWPWX,PhoneService
6227-HWPWX,InternetService_Fiber
0486-LGCCH,PhoneService
0447-BEMNG,OnlineSecurity
0447-BEMNG,DeviceProtection
0447-BEMNG,StreamingMovies
0447-BEMNG,InternetService_DSL
4612-SSVHJ,PhoneService
4612-SSVHJ,StreamingMovies
4612-SSVHJ,InternetService_Fiber
5168-MQQCA,PhoneService
5168-MQQCA,MultipleLines
5168-MQQCA,OnlineBackup
5168-MQQCA,DeviceProtection
5168-MQQCA,TechSupport
5168-MQQCA,StreamingTV
5168-MQQCA,StreamingMovies
5168-MQQCA,InternetService_Fiber
5949-XIKAE,PhoneService
5949-XIKAE,OnlineBackup
5949-XIKAE,StreamingTV
5949-XIKAE,InternetService_Fiber
7971-HLVXI,PhoneService
7971-HLVXI,MultipleLines
7971-HLVXI,StreamingMovies
7971-HLVXI,InternetService_Fiber
9094-AZPHK,PhoneService
9094-AZPHK,MultipleLines
9094-AZPHK,OnlineBackup
9094-AZPHK,StreamingTV
9094-AZPHK,StreamingMovies
9094-AZPHK,InternetService_Fiber
3649-JPUGY,PhoneService
3649-JPUGY,MultipleLines
3649-JPUGY,OnlineBackup
3649-JPUGY,DeviceProtection
3649-JPUGY,TechSupport
3649-JPUGY,StreamingTV
3649-JPUGY,StreamingMovies
3649-JPUGY,InternetService_DSL
4472-LVYGI,OnlineSecurity
4472-LVYGI,DeviceProtection
4472-LVYGI,TechSupport
4472-LVYGI,StreamingTV
4472-LVYGI,InternetService_DSL
8372-JUXUI,PhoneService
8372-JUXUI,MultipleLines
8372-JUXUI,InternetService_Fiber
3552-CTCYF,PhoneService
3552-CTCYF,MultipleLines
3552-CTCYF,OnlineBackup
3552-CTCYF,DeviceProtection
3552-CTCYF,StreamingTV
3552-CTCYF,StreamingMovies
3552-CTCYF,InternetService_Fiber
6778-YSNIH,PhoneService
6778-YSNIH,OnlineBackup
6778-YSNIH,StreamingTV
6778-YSNIH,InternetService_DSL
0388-EOPEX,PhoneService
0388-EOPEX,OnlineSecurity
0388-EOPEX,InternetService_Fiber
5756-OZRIO,PhoneService
5756-OZRIO,MultipleLines
5756-OZRIO,OnlineBackup
5756-OZRIO,StreamingMovies
5756-OZRIO,InternetService_DSL
6579-JPICP,PhoneService
8205-OTCHB,OnlineBackup
8205-OTCHB,DeviceProtection
8205-OTCHB,StreamingMovies
8205-OTCHB,InternetService_DSL
4134-BSXLX,PhoneService
4134-BSXLX,OnlineSecurity
4134-BSXLX,OnlineBackup
4134-BSXLX,TechSupport
4134-BSXLX,InternetService_DSL
0505-SPOOW,PhoneService
6235-VDHOM,OnlineBackup
6235-VDHOM,InternetService_DSL
7783-YKGDV,PhoneService
7783-YKGDV,MultipleLines
7783-YKGDV,OnlineSecurity
7783-YKGDV,OnlineBackup
7783-YKGDV,DeviceProtection
7783-YKGDV,StreamingMovies
7783-YKGDV,InternetService_Fiber
4374-YMUSQ,PhoneService
4374-YMUSQ,MultipleLines
4374-YMUSQ,OnlineSecurity
4374-YMUSQ,OnlineBackup
4374-YMUSQ,DeviceProtection
4374-YMUSQ,TechSupport
4374-YMUSQ,StreamingTV
4374-YMUSQ,StreamingMovies
4374-YMUSQ,InternetService_Fiber
4513-CXYIX,PhoneService
4513-CXYIX,MultipleLines
4513-CXYIX,OnlineSecurity
4513-CXYIX,InternetService_Fiber
3957-HHLMR,PhoneService
3957-HHLMR,MultipleLines
3957-HHLMR,OnlineSecurity
3957-HHLMR,StreamingMovies
3957-HHLMR,InternetService_DSL
7803-XOCCZ,PhoneService
7803-XOCCZ,OnlineSecurity
7803-XOCCZ,DeviceProtection
7803-XOCCZ,TechSupport
7803-XOCCZ,InternetService_Fiber
5736-YEJAX,PhoneService
5736-YEJAX,MultipleLines
5736-YEJAX,OnlineSecurity
5736-YEJAX,OnlineBackup
5736-YEJAX,DeviceProtection
5736-YEJAX,TechSupport
5736-YEJAX,StreamingTV
5736-YEJAX,InternetService_DSL
5609-CEBID,PhoneService
5609-CEBID,MultipleLines
5609-CEBID,OnlineBackup
5609-CEBID,DeviceProtection
5609-CEBID,StreamingMovies
5609-CEBID,InternetService_Fiber
8981-FJGLA,PhoneService
8981-FJGLA,MultipleLines
8981-FJGLA,DeviceProtection
8981-FJGLA,InternetService_Fiber
7218-HKQFK,PhoneService
7218-HKQFK,TechSupport
7218-HKQFK,StreamingTV
7218-HKQFK,StreamingMovies
7218-HKQFK,InternetService_Fiber
4636-QRJKY,PhoneService
4636-QRJKY,MultipleLines
4636-QRJKY,TechSupport
4636-QRJKY,InternetService_Fiber
1135-LMECX,PhoneService
4332-MUOEZ,PhoneService
4332-MUOEZ,OnlineSecurity
4332-MUOEZ,DeviceProtection
4332-MUOEZ,TechSupport
4332-MUOEZ,StreamingMovies
4332-MUOEZ,InternetService_Fiber
8535-SFUTN,PhoneService
8535-SFUTN,MultipleLines
8535-SFUTN,OnlineSecurity
8535-SFUTN,DeviceProtection
8535-SFUTN,StreamingTV
8535-SFUTN,StreamingMovies
8535-SFUTN,InternetService_Fiber
5956-VKDTT,PhoneService
5956-VKDTT,MultipleLines
5956-VKDTT,InternetService_Fiber
8677-HDZEE,PhoneService
8677-HDZEE,MultipleLines
8677-HDZEE,OnlineBackup
8677-HDZEE,TechSupport
8677-HDZEE,StreamingTV
8677-HDZEE,StreamingMovies
8677-HDZEE,InternetService_Fiber
2475-MROZF,PhoneService
2475-MROZF,MultipleLines
2475-MROZF,OnlineSecurity
2475-MROZF,OnlineBackup
2475-MROZF,DeviceProtection
2475-MROZF,TechSupport
2475-MROZF,InternetService_Fiber
9412-GHEEC,PhoneService
9412-GHEEC,MultipleLines
9412-GHEEC,DeviceProtection
9412-GHEEC,TechSupport
9412-GHEEC,StreamingTV
9412-GHEEC,StreamingMovies
9412-GHEEC,InternetService_Fiber
3482-ABPKK,PhoneService
3482-ABPKK,OnlineSecurity
3482-ABPKK,TechSupport
3482-ABPKK,InternetService_DSL
6705-LXORM,PhoneService
6705-LXORM,InternetService_Fiber
0257-ZESQC,PhoneService
0257-ZESQC,OnlineSecurity
0257-ZESQC,InternetService_Fiber
7531-GQHME,PhoneService
5174-ITUMV,PhoneService
5174-ITUMV,MultipleLines
5174-ITUMV,OnlineBackup
5174-ITUMV,DeviceProtection
5174-ITUMV,StreamingTV
5174-ITUMV,StreamingMovies
5174-ITUMV,InternetService_Fiber
4109-CYRBD,PhoneService
4109-CYRBD,MultipleLines
4109-CYRBD,InternetService_DSL
0913-XWSCN,PhoneService
0913-XWSCN,MultipleLines
0913-XWSCN,StreamingMovies
0913-XWSCN,InternetService_Fiber
6825-UYPFK,PhoneService
6825-UYPFK,MultipleLines
6825-UYPFK,InternetService_Fiber
8397-MVTAZ,PhoneService
8397-MVTAZ,MultipleLines
8397-MVTAZ,DeviceProtection
8397-MVTAZ,StreamingTV
8397-MVTAZ,StreamingMovies
8397-MVTAZ,InternetService_Fiber
0750-EBAIU,PhoneService
0750-EBAIU,OnlineSecurity
0750-EBAIU,DeviceProtection
0750-EBAIU,StreamingTV
0750-EBAIU,InternetService_Fiber
8606-CIQUL,PhoneService
8606-CIQUL,MultipleLines
8606-CIQUL,OnlineSecurity
8606-CIQUL,OnlineBackup
8606-CIQUL,DeviceProtection
8606-CIQUL,TechSupport
8606-CIQUL,StreamingTV
8606-CIQUL,StreamingMovies
8606-CIQUL,InternetService_Fiber
3571-DPYUH,PhoneService
3571-DPYUH,MultipleLines
3571-DPYUH,OnlineBackup
3571-DPYUH,TechSupport
3571-DPYUH,StreamingTV
3571-DPYUH,InternetService_Fiber
7601-GNDYK,PhoneService
0356-OBMAC,PhoneService
0356-OBMAC,MultipleLines
0356-OBMAC,OnlineBackup
0356-OBMAC,DeviceProtection
0356-OBMAC,TechSupport
0356-OBMAC,StreamingTV
0356-OBMAC,InternetService_Fiber
8067-NIOYM,PhoneService
1403-GYAFU,PhoneService
4234-XTNEA,PhoneService
4234-XTNEA,StreamingTV
4234-XTNEA,InternetService_Fiber
1297-VQDRP,PhoneService
1297-VQDRP,MultipleLines
1297-VQDRP,DeviceProtection
1297-VQDRP,TechSupport
1297-VQDRP,StreamingTV
1297-VQDRP,StreamingMovies
1297-VQDRP,InternetService_Fiber
9282-IZGQK,PhoneService
9282-IZGQK,MultipleLines
9282-IZGQK,StreamingMovies
9282-IZGQK,InternetService_Fiber
5348-CAGXB,PhoneService
5348-CAGXB,MultipleLines
5348-CAGXB,DeviceProtection
5348-CAGXB,StreamingTV
5348-CAGXB,InternetService_Fiber
0621-HJWXJ,PhoneService
0621-HJWXJ,MultipleLines
0621-HJWXJ,OnlineBackup
0621-HJWXJ,InternetService_Fiber
5844-QVTAT,PhoneService
5844-QVTAT,OnlineSecurity
5844-QVTAT,OnlineBackup
5844-QVTAT,DeviceProtection
5844-QVTAT,InternetService_DSL
8905-IAZPF,PhoneService
8905-IAZPF,OnlineBackup
8905-IAZPF,StreamingTV
8905-IAZPF,StreamingMovies
8905-IAZPF,InternetService_Fiber
5394-MEITZ,PhoneService
5394-MEITZ,OnlineBackup
5394-MEITZ,DeviceProtection
5394-MEITZ,TechSupport
5394-MEITZ,StreamingTV
5394-MEITZ,StreamingMovies
5394-MEITZ,InternetService_DSL
6859-QNXIQ,PhoneService
6859-QNXIQ,MultipleLines
6859-QNXIQ,OnlineSecurity
6859-QNXIQ,OnlineBackup
6859-QNXIQ,DeviceProtection
6859-QNXIQ,TechSupport
6859-QNXIQ,StreamingTV
6859-QNXIQ,StreamingMovies
6859-QNXIQ,InternetService_Fiber
2782-LFZVW,PhoneService
2782-LFZVW,MultipleLines
2782-LFZVW,StreamingMovies
2782-LFZVW,InternetService_DSL
2866-IKBTM,PhoneService
1342-JPNKI,PhoneService
1342-JPNKI,MultipleLines
1342-JPNKI,StreamingTV
1342-JPNKI,InternetService_Fiber
2817-NTQDO,OnlineSecurity
2817-NTQDO,TechSupport
2817-NTQDO,StreamingTV
2817-NTQDO,InternetService_DSL
7129-AZJDE,PhoneService
7129-AZJDE,StreamingMovies
7129-AZJDE,InternetService_Fiber
6986-IJDHX,PhoneService
6986-IJDHX,OnlineBackup
6986-IJDHX,StreamingTV
6986-IJDHX,InternetService_Fiber
2560-PPCHE,PhoneService
2560-PPCHE,MultipleLines
2560-PPCHE,OnlineBackup
2560-PPCHE,TechSupport
2560-PPCHE,StreamingTV
2560-PPCHE,StreamingMovies
2560-PPCHE,InternetService_Fiber
4676-MQUEA,PhoneService
4676-MQUEA,MultipleLines
4676-MQUEA,OnlineSecurity
4676-MQUEA,OnlineBackup
4676-MQUEA,DeviceProtection
4676-MQUEA,StreamingTV
4676-MQUEA,InternetService_Fiber
8138-EALND,PhoneService
3580-HYCSP,PhoneService
3580-HYCSP,MultipleLines
3580-HYCSP,OnlineSecurity
3580-HYCSP,OnlineBackup
3580-HYCSP,DeviceProtection
3580-HYCSP,StreamingTV
3580-HYCSP,StreamingMovies
3580-HYCSP,InternetService_Fiber
1352-HNSAW,PhoneService
1352-HNSAW,MultipleLines
1352-HNSAW,OnlineSecurity
1352-HNSAW,OnlineBackup
1352-HNSAW,DeviceProtection
1352-HNSAW,TechSupport
1352-HNSAW,StreamingTV
1352-HNSAW,StreamingMovies
1352-HNSAW,InternetService_Fiber
2075-PUEPR,PhoneService
1982-FEBTD,PhoneService
1982-FEBTD,MultipleLines
5301-GAUUY,PhoneService
5301-GAUUY,MultipleLines
5301-GAUUY,OnlineBackup
5301-GAUUY,InternetService_Fiber
5791-KAJFD,PhoneService
5791-KAJFD,MultipleLines
5791-KAJFD,OnlineSecurity
5791-KAJFD,DeviceProtection
5791-KAJFD,StreamingMovies
5791-KAJFD,InternetService_DSL
2654-VBVPB,PhoneService
1154-HYWWO,PhoneService
1154-HYWWO,OnlineSecurity
1154-HYWWO,OnlineBackup
1154-HYWWO,TechSupport
1154-HYWWO,StreamingTV
1154-HYWWO,InternetService_DSL
2501-XWWTZ,PhoneService
2501-XWWTZ,InternetService_Fiber
3716-UVSPD,PhoneService
3716-UVSPD,TechSupport
3716-UVSPD,InternetService_DSL
6815-ABQFQ,PhoneService
6815-ABQFQ,MultipleLines
6815-ABQFQ,OnlineBackup
6815-ABQFQ,TechSupport
6815-ABQFQ,StreamingTV
6815-ABQFQ,StreamingMovies
6815-ABQFQ,InternetService_Fiber
7343-EOBEU,PhoneService
7343-EOBEU,MultipleLines
3701-SFMUH,PhoneService
3701-SFMUH,OnlineSecurity
3701-SFMUH,StreamingTV
3701-SFMUH,StreamingMovies
3701-SFMUH,InternetService_DSL
6103-LIANB,PhoneService
6103-LIANB,MultipleLines
6103-LIANB,DeviceProtection
6103-LIANB,StreamingTV
6103-LIANB,StreamingMovies
6103-LIANB,InternetService_Fiber
7319-VENRZ,PhoneService
7319-VENRZ,DeviceProtection
7319-VENRZ,TechSupport
7319-VENRZ,StreamingTV
7319-VENRZ,InternetService_DSL
5846-NEQVZ,PhoneService
5846-NEQVZ,OnlineSecurity
5846-NEQVZ,DeviceProtection
5846-NEQVZ,TechSupport
5846-NEQVZ,StreamingMovies
5846-NEQVZ,InternetService_DSL
6967-QIQRV,PhoneService
6967-QIQRV,OnlineSecurity
6967-QIQRV,TechSupport
6967-QIQRV,StreamingTV
6967-QIQRV,StreamingMovies
6967-QIQRV,InternetService_Fiber
5781-RFZRP,PhoneService
5781-RFZRP,MultipleLines
5781-RFZRP,OnlineSecurity
5781-RFZRP,OnlineBackup
5781-RFZRP,TechSupport
5781-RFZRP,StreamingTV
5781-RFZRP,InternetService_DSL
0939-YAPAF,PhoneService
0939-YAPAF,MultipleLines
0939-YAPAF,DeviceProtection
0939-YAPAF,StreamingTV
0939-YAPAF,StreamingMovies
0939-YAPAF,InternetService_Fiber
0308-IVGOK,OnlineBackup
0308-IVGOK,DeviceProtection
0308-IVGOK,TechSupport
0308-IVGOK,InternetService_DSL
7293-LSCDV,PhoneService
7025-WCBNE,PhoneService
7025-WCBNE,MultipleLines
7025-WCBNE,OnlineBackup
7025-WCBNE,TechSupport
7025-WCBNE,InternetService_DSL
5756-JYOJT,PhoneService
5756-JYOJT,DeviceProtection
5756-JYOJT,TechSupport
5756-JYOJT,StreamingMovies
5756-JYOJT,InternetService_DSL
4710-FDUIZ,PhoneService
4710-FDUIZ,MultipleLines
4710-FDUIZ,OnlineBackup
4710-FDUIZ,StreamingTV
4710-FDUIZ,StreamingMovies
4710-FDUIZ,InternetService_Fiber
6030-REHUX,PhoneService
6030-REHUX,MultipleLines
6030-REHUX,OnlineBackup
6030-REHUX,DeviceProtection
6030-REHUX,TechSupport
6030-REHUX,StreamingTV
6030-REHUX,StreamingMovies
6030-REHUX,InternetService_Fiber
9548-LIGTA,PhoneService
9548-LIGTA,OnlineSecurity
9548-LIGTA,OnlineBackup
9548-LIGTA,TechSupport
9548-LIGTA,StreamingTV
9548-LIGTA,StreamingMovies
9548-LIGTA,InternetService_DSL
5150-LJNSR,PhoneService
5150-LJNSR,MultipleLines
5150-LJNSR,OnlineSecurity
5150-LJNSR,DeviceProtection
5150-LJNSR,StreamingTV
5150-LJNSR,InternetService_Fiber
8270-RKSAP,PhoneService
8270-RKSAP,InternetService_Fiber
6522-YRBXD,PhoneService
6522-YRBXD,MultipleLines
6522-YRBXD,OnlineSecurity
6522-YRBXD,OnlineBackup
6522-YRBXD,StreamingMovies
6522-YRBXD,InternetService_Fiber
2640-LYMOV,PhoneService
1218-VKFPE,PhoneService
3627-FHKBK,PhoneService
3627-FHKBK,OnlineSecurity
3627-FHKBK,InternetService_Fiber
2865-TCHJW,PhoneService
2865-TCHJW,MultipleLines
2865-TCHJW,DeviceProtection
2865-TCHJW,StreamingTV
2865-TCHJW,InternetService_Fiber
1423-BMPBQ,PhoneService
2393-DIVAI,PhoneService
5192-EBGOV,PhoneService
5192-EBGOV,MultipleLines
5192-EBGOV,StreamingTV
5192-EBGOV,InternetService_Fiber
4568-KNYWR,PhoneService
4568-KNYWR,OnlineSecurity
4568-KNYWR,OnlineBackup
4568-KNYWR,StreamingTV
4568-KNYWR,InternetService_DSL
8752-IMQOS,PhoneService
0742-LAFQK,PhoneService
0742-LAFQK,MultipleLines
0742-LAFQK,OnlineSecurity
0742-LAFQK,OnlineBackup
0742-LAFQK,DeviceProtection
0742-LAFQK,StreamingMovies
0742-LAFQK,InternetService_Fiber
0795-LAFGP,PhoneService
0795-LAFGP,MultipleLines
0795-LAFGP,OnlineSecurity
0795-LAFGP,OnlineBackup
0795-LAFGP,DeviceProtection
0795-LAFGP,TechSupport
0795-LAFGP,StreamingTV
0795-LAFGP,StreamingMovies
0795-LAFGP,InternetService_DSL
0619-OLYUR,PhoneService
0619-OLYUR,MultipleLines
0619-OLYUR,OnlineSecurity
0619-OLYUR,DeviceProtection
0619-OLYUR,TechSupport
0619-OLYUR,StreamingTV
0619-OLYUR,StreamingMovies
0619-OLYUR,InternetService_Fiber
5512-IDZEI,PhoneService
5512-IDZEI,MultipleLines
0459-SPZHJ,PhoneService
0459-SPZHJ,MultipleLines
0459-SPZHJ,OnlineSecurity
0459-SPZHJ,OnlineBackup
0459-SPZHJ,DeviceProtection
0459-SPZHJ,StreamingTV
0459-SPZHJ,StreamingMovies
0459-SPZHJ,InternetService_DSL
0215-BQKGS,PhoneService
0215-BQKGS,OnlineSecurity
0215-BQKGS,OnlineBackup
0215-BQKGS,DeviceProtection
0215-BQKGS,InternetService_Fiber
9244-ZVAPM,PhoneService
9244-ZVAPM,InternetService_DSL
0719-SYFRB,PhoneService
0719-SYFRB,MultipleLines
0719-SYFRB,OnlineSecurity
0719-SYFRB,DeviceProtection
0719-SYFRB,TechSupport
0719-SYFRB,InternetService_DSL
8208-EUMTE,OnlineSecurity
8208-EUMTE,OnlineBackup
8208-EUMTE,DeviceProtection
8208-EUMTE,TechSupport
8208-EUMTE,StreamingTV
8208-EUMTE,InternetService_DSL
5172-MIGPM,PhoneService
5172-MIGPM,MultipleLines
5172-MIGPM,TechSupport
5172-MIGPM,StreamingMovies
5172-MIGPM,InternetService_DSL
1710-RCXUS,PhoneService
1710-RCXUS,MultipleLines
1710-RCXUS,OnlineBackup
1710-RCXUS,StreamingMovies
1710-RCXUS,InternetService_Fiber
0374-FIUCA,PhoneService
5839-SUYVZ,PhoneService
5839-SUYVZ,TechSupport
5839-SUYVZ,InternetService_Fiber
5173-ZXXXL,PhoneService
1096-ADRUX,PhoneService
1096-ADRUX,MultipleLines
1096-ADRUX,InternetService_Fiber
2001-MCUUW,PhoneService
2001-MCUUW,MultipleLines
2001-MCUUW,OnlineBackup
2001-MCUUW,DeviceProtection
2001-MCUUW,TechSupport
2001-MCUUW,StreamingTV
2001-MCUUW,StreamingMovies
2001-MCUUW,InternetService_Fiber
2731-GJRDG,PhoneService
2731-GJRDG,MultipleLines
2731-GJRDG,OnlineSecurity
2731-GJRDG,DeviceProtection
2731-GJRDG,TechSupport
2731-GJRDG,StreamingTV
2731-GJRDG,StreamingMovies
2731-GJRDG,InternetService_Fiber
4723-BEGSG,PhoneService
4723-BEGSG,MultipleLines
4723-BEGSG,OnlineSecurity
4723-BEGSG,DeviceProtection
4723-BEGSG,TechSupport
4723-BEGSG,StreamingTV
4723-BEGSG,StreamingMovies
4723-BEGSG,InternetService_DSL
6516-NKQBO,PhoneService
6516-NKQBO,OnlineSecurity
6516-NKQBO,DeviceProtection
6516-NKQBO,TechSupport
6516-NKQBO,StreamingTV
6516-NKQBO,StreamingMovies
6516-NKQBO,InternetService_DSL
8672-OAUPW,PhoneService
8672-OAUPW,TechSupport
8672-OAUPW,InternetService_DSL
8207-DMRVL,PhoneService
8207-DMRVL,MultipleLines
8207-DMRVL,OnlineSecurity
8207-DMRVL,OnlineBackup
8207-DMRVL,DeviceProtection
8207-DMRVL,TechSupport
8207-DMRVL,StreamingTV
8207-DMRVL,StreamingMovies
8207-DMRVL,InternetService_Fiber
3419-SNJJD,PhoneService
3419-SNJJD,MultipleLines
3419-SNJJD,OnlineSecurity
3419-SNJJD,DeviceProtection
3419-SNJJD,StreamingTV
3419-SNJJD,StreamingMovies
3419-SNJJD,InternetService_Fiber
6543-CPZMK,OnlineBackup
6543-CPZMK,InternetService_DSL
4765-OXPPD,PhoneService
4765-OXPPD,OnlineSecurity
4765-OXPPD,OnlineBackup
4765-OXPPD,DeviceProtection
4765-OXPPD,TechSupport
4765-OXPPD,InternetService_DSL
2804-ETQDK,PhoneService
6689-VRRTK,PhoneService
6689-VRRTK,MultipleLines
6689-VRRTK,OnlineSecurity
6689-VRRTK,OnlineBackup
6689-VRRTK,DeviceProtection
6689-VRRTK,StreamingTV
6689-VRRTK,StreamingMovies
6689-VRRTK,InternetService_Fiber
7138-GIRSH,PhoneService
7138-GIRSH,MultipleLines
7138-GIRSH,DeviceProtection
7138-GIRSH,TechSupport
7138-GIRSH,StreamingMovies
7138-GIRSH,InternetService_DSL
9396-ZSFLL,PhoneService
9396-ZSFLL,MultipleLines
9396-ZSFLL,InternetService_DSL
6464-KEXXH,InternetService_DSL
7134-MJPDY,PhoneService
7134-MJPDY,MultipleLines
7134-MJPDY,DeviceProtection
7134-MJPDY,TechSupport
7134-MJPDY,StreamingTV
7134-MJPDY,StreamingMovies
7134-MJPDY,InternetService_Fiber
5240-CAOYT,PhoneService
5240-CAOYT,MultipleLines
5240-CAOYT,OnlineSecurity
5240-CAOYT,OnlineBackup
5240-CAOYT,TechSupport
5240-CAOYT,InternetService_Fiber
4059-IIEBK,PhoneService
4059-IIEBK,MultipleLines
4059-IIEBK,OnlineBackup
4059-IIEBK,InternetService_Fiber
4881-JVQOD,StreamingMovies
4881-JVQOD,InternetService_DSL
0516-UXRMT,PhoneService
0516-UXRMT,MultipleLines
0516-UXRMT,OnlineSecurity
0516-UXRMT,OnlineBackup
0516-UXRMT,DeviceProtection
0516-UXRMT,InternetService_Fiber
4851-BQDNX,PhoneService
4851-BQDNX,DeviceProtection
4851-BQDNX,StreamingTV
4851-BQDNX,InternetService_Fiber
5148-HKFIR,PhoneService
1009-IRMNA,PhoneService
3003-CMDUU,PhoneService
3003-CMDUU,TechSupport
3003-CMDUU,StreamingTV
3003-CMDUU,StreamingMovies
3003-CMDUU,InternetService_Fiber
5016-IBERQ,PhoneService
5016-IBERQ,MultipleLines
5016-IBERQ,OnlineBackup
5016-IBERQ,DeviceProtection
5016-IBERQ,InternetService_Fiber
6797-UCJHZ,PhoneService
6797-UCJHZ,MultipleLines
6797-UCJHZ,OnlineBackup
6797-UCJHZ,DeviceProtection
6797-UCJHZ,StreamingTV
6797-UCJHZ,StreamingMovies
6797-UCJHZ,InternetService_Fiber
2469-DTSGX,PhoneService
2469-DTSGX,MultipleLines
2469-DTSGX,OnlineBackup
2469-DTSGX,DeviceProtection
2469-DTSGX,TechSupport
2469-DTSGX,StreamingTV
2469-DTSGX,StreamingMovies
2469-DTSGX,InternetService_Fiber
4554-YGZIH,PhoneService
4554-YGZIH,MultipleLines
4554-YGZIH,OnlineBackup
4554-YGZIH,StreamingMovies
4554-YGZIH,InternetService_Fiber
5099-BAILX,PhoneService
5099-BAILX,MultipleLines
5099-BAILX,OnlineBackup
5099-BAILX,DeviceProtection
5099-BAILX,TechSupport
5099-BAILX,StreamingTV
5099-BAILX,StreamingMovies
5099-BAILX,InternetService_Fiber
9931-KGHOA,PhoneService
9931-KGHOA,MultipleLines
9931-KGHOA,OnlineSecurity
9931-KGHOA,InternetService_DSL
1775-KWJKQ,PhoneService
1775-KWJKQ,MultipleLines
1775-KWJKQ,OnlineSecurity
1775-KWJKQ,OnlineBackup
1775-KWJKQ,DeviceProtection
1775-KWJKQ,TechSupport
1775-KWJKQ,StreamingTV
1775-KWJKQ,StreamingMovies
1775-KWJKQ,InternetService_DSL
7665-VIGUD,PhoneService
9411-TPQQV,OnlineSecurity
9411-TPQQV,TechSupport
9411-TPQQV,StreamingTV
9411-TPQQV,StreamingMovies
9411-TPQQV,InternetService_DSL
7207-RMRDB,PhoneService
7207-RMRDB,MultipleLines
7207-RMRDB,OnlineBackup
7207-RMRDB,DeviceProtection
7207-RMRDB,StreamingTV
7207-RMRDB,StreamingMovies
7207-RMRDB,InternetService_Fiber
7954-MLBUN,PhoneService
7954-MLBUN,DeviceProtection
7954-MLBUN,TechSupport
7954-MLBUN,StreamingTV
7954-MLBUN,StreamingMovies
7954-MLBUN,InternetService_Fiber
2077-DDHJK,PhoneService
2077-DDHJK,MultipleLines
2077-DDHJK,OnlineSecurity
2077-DDHJK,OnlineBackup
2077-DDHJK,DeviceProtection
2077-DDHJK,TechSupport
2077-DDHJK,InternetService_DSL
4913-EHYUI,PhoneService
4913-EHYUI,MultipleLines
4913-EHYUI,OnlineSecurity
4913-EHYUI,DeviceProtection
4913-EHYUI,StreamingTV
4913-EHYUI,StreamingMovies
4913-EHYUI,InternetService_Fiber
0195-IESCP,PhoneService
0195-IESCP,MultipleLines
0195-IESCP,StreamingMovies
0195-IESCP,InternetService_Fiber
9574-BOSMD,PhoneService
9574-BOSMD,MultipleLines
4580-TMHJU,PhoneService
4580-TMHJU,StreamingTV
4580-TMHJU,InternetService_DSL
0970-ETWGE,PhoneService
0970-ETWGE,StreamingTV
0970-ETWGE,StreamingMovies
0970-ETWGE,InternetService_Fiber
4908-XAXAY,PhoneService
4908-XAXAY,OnlineBackup
4908-XAXAY,DeviceProtection
4908-XAXAY,StreamingMovies
4908-XAXAY,InternetService_Fiber
8404-VLQFB,PhoneService
8404-VLQFB,MultipleLines
1626-ERCMM,PhoneService
1626-ERCMM,MultipleLines
1626-ERCMM,StreamingTV
1626-ERCMM,StreamingMovies
1626-ERCMM,InternetService_Fiber
0887-HJGAR,PhoneService
0887-HJGAR,InternetService_DSL
2391-IPLOP,PhoneService
2391-IPLOP,MultipleLines
2391-IPLOP,DeviceProtection
2391-IPLOP,TechSupport
2391-IPLOP,StreamingTV
2391-IPLOP,InternetService_DSL
5644-PDMZC,PhoneService
5644-PDMZC,MultipleLines
5644-PDMZC,OnlineBackup
5644-PDMZC,StreamingMovies
5644-PDMZC,InternetService_Fiber
3509-GWQGF,PhoneService
3509-GWQGF,InternetService_Fiber
9576-ANLXO,PhoneService
9576-ANLXO,InternetService_Fiber
2024-BASKD,PhoneService
2024-BASKD,DeviceProtection
2024-BASKD,InternetService_Fiber
5845-BZZIB,PhoneService
1140-UKVZG,PhoneService
1140-UKVZG,MultipleLines
4160-AMJTL,PhoneService
5183-SNMJQ,PhoneService
5183-SNMJQ,TechSupport
5183-SNMJQ,StreamingTV
5183-SNMJQ,StreamingMovies
5183-SNMJQ,InternetService_Fiber
8100-PNJMH,PhoneService
8100-PNJMH,MultipleLines
8100-PNJMH,OnlineSecurity
8100-PNJMH,OnlineBackup
8100-PNJMH,DeviceProtection
8100-PNJMH,TechSupport
8100-PNJMH,StreamingTV
8100-PNJMH,StreamingMovies
8100-PNJMH,InternetService_DSL
7838-LAZFO,PhoneService
7838-LAZFO,OnlineSecurity
7838-LAZFO,OnlineBackup
7838-LAZFO,DeviceProtection
7838-LAZFO,StreamingTV
7838-LAZFO,StreamingMovies
7838-LAZFO,InternetService_DSL
4464-JCOLN,PhoneService
2085-JVGAD,PhoneService
5650-VDUDS,InternetService_DSL
8095-WANWK,PhoneService
8095-WANWK,InternetService_DSL
3030-ZKIWL,PhoneService
9565-FLVCG,PhoneService
9565-FLVCG,MultipleLines
9565-FLVCG,OnlineSecurity
9565-FLVCG,OnlineBackup
9565-FLVCG,StreamingMovies
9565-FLVCG,InternetService_DSL
8755-OGKNA,PhoneService
2800-VEQXM,PhoneService
2800-VEQXM,DeviceProtection
2800-VEQXM,InternetService_Fiber
7538-GWHML,PhoneService
7538-GWHML,InternetService_Fiber
5533-RJFTJ,DeviceProtection
5533-RJFTJ,InternetService_DSL
3859-CVCET,PhoneService
3859-CVCET,InternetService_DSL
0214-JHPFW,OnlineBackup
0214-JHPFW,DeviceProtection
0214-JHPFW,TechSupport
0214-JHPFW,StreamingTV
0214-JHPFW,StreamingMovies
0214-JHPFW,InternetService_DSL
5642-MHDQT,PhoneService
3088-FVYWK,PhoneService
3088-FVYWK,MultipleLines
3276-HDUEG,PhoneService
3276-HDUEG,MultipleLines
3276-HDUEG,InternetService_Fiber
9092-GDZKO,PhoneService
9092-GDZKO,MultipleLines
0823-HSCDJ,OnlineBackup
0823-HSCDJ,StreamingTV
0823-HSCDJ,StreamingMovies
0823-HSCDJ,InternetService_DSL
3729-OWRVL,PhoneService
3729-OWRVL,MultipleLines
3729-OWRVL,OnlineSecurity
3729-OWRVL,DeviceProtection
3729-OWRVL,TechSupport
3729-OWRVL,StreamingTV
3729-OWRVL,StreamingMovies
3729-OWRVL,InternetService_Fiber
2324-AALNO,PhoneService
2324-AALNO,MultipleLines
0822-GAVAP,StreamingMovies
0822-GAVAP,InternetService_DSL
5760-IFJOZ,PhoneService
5760-IFJOZ,MultipleLines
5760-IFJOZ,OnlineBackup
5760-IFJOZ,DeviceProtection
5760-IFJOZ,StreamingTV
5760-IFJOZ,StreamingMovies
5760-IFJOZ,InternetService_Fiber
2826-UWHIS,PhoneService
2826-UWHIS,MultipleLines
2826-UWHIS,OnlineBackup
2826-UWHIS,InternetService_Fiber
1448-PWKYE,PhoneService
1448-PWKYE,StreamingMovies
1448-PWKYE,InternetService_Fiber
7501-IWUNG,PhoneService
7501-IWUNG,DeviceProtection
7501-IWUNG,TechSupport
7501-IWUNG,StreamingTV
7501-IWUNG,StreamingMovies
7501-IWUNG,InternetService_DSL
4957-TREIR,PhoneService
4957-TREIR,OnlineSecurity
4957-TREIR,TechSupport
4957-TREIR,StreamingTV
4957-TREIR,InternetService_DSL
7251-LJBQN,PhoneService
7251-LJBQN,MultipleLines
7251-LJBQN,DeviceProtection
7251-LJBQN,TechSupport
7251-LJBQN,StreamingTV
7251-LJBQN,StreamingMovies
7251-LJBQN,InternetService_Fiber
8040-MNRTF,PhoneService
8040-MNRTF,InternetService_Fiber
1536-HBSWP,PhoneService
1536-HBSWP,TechSupport
1536-HBSWP,InternetService_DSL
5313-FPXWG,PhoneService
5313-FPXWG,MultipleLines
0067-DKWBL,PhoneService
0067-DKWBL,OnlineSecurity
0067-DKWBL,InternetService_DSL
0946-FKYTX,OnlineBackup
0946-FKYTX,InternetService_DSL
5076-YVXCM,PhoneService
5076-YVXCM,MultipleLines
5076-YVXCM,StreamingMovies
5076-YVXCM,InternetService_Fiber
8262-COGGB,PhoneService
6663-JOCQO,PhoneService
6663-JOCQO,MultipleLines
6663-JOCQO,OnlineSecurity
6663-JOCQO,OnlineBackup
6663-JOCQO,TechSupport
6663-JOCQO,StreamingMovies
6663-JOCQO,InternetService_DSL
9620-QJREV,PhoneService
2276-YDAVZ,PhoneService
2276-YDAVZ,MultipleLines
2276-YDAVZ,InternetService_Fiber
2682-KEVRP,PhoneService
2480-JZOSN,PhoneService
0078-XZMHT,PhoneService
0078-XZMHT,MultipleLines
0078-XZMHT,OnlineBackup
0078-XZMHT,DeviceProtection
0078-XZMHT,TechSupport
0078-XZMHT,StreamingTV
0078-XZMHT,StreamingMovies
0078-XZMHT,InternetService_DSL
5896-NPFWW,PhoneService
5896-NPFWW,DeviceProtection
5896-NPFWW,InternetService_DSL
9978-HYCIN,PhoneService
9978-HYCIN,OnlineBackup
9978-HYCIN,StreamingTV
9978-HYCIN,InternetService_Fiber
8338-QIUNR,PhoneService
8338-QIUNR,MultipleLines
8338-QIUNR,OnlineSecurity
8338-QIUNR,DeviceProtection
8338-QIUNR,TechSupport
8338-QIUNR,InternetService_DSL
1525-LNLOJ,PhoneService
1525-LNLOJ,MultipleLines
1525-LNLOJ,DeviceProtection
1525-LNLOJ,StreamingTV
1525-LNLOJ,InternetService_DSL
9450-TRJUU,PhoneService
9450-TRJUU,MultipleLines
9450-TRJUU,StreamingTV
9450-TRJUU,InternetService_Fiber
1766-GKNMI,PhoneService
1766-GKNMI,MultipleLines
1766-GKNMI,StreamingMovies
1766-GKNMI,InternetService_Fiber
6942-LBFDP,PhoneService
1456-TWCGB,PhoneService
1456-TWCGB,OnlineBackup
1456-TWCGB,InternetService_DSL
7133-VBDCG,PhoneService
7133-VBDCG,OnlineSecurity
7133-VBDCG,OnlineBackup
7133-VBDCG,InternetService_Fiber
7596-ZYWBB,PhoneService
7596-ZYWBB,OnlineSecurity
7596-ZYWBB,OnlineBackup
7596-ZYWBB,TechSupport
7596-ZYWBB,InternetService_DSL
8329-UTMVM,PhoneService
8329-UTMVM,MultipleLines
8329-UTMVM,OnlineBackup
8329-UTMVM,TechSupport
8329-UTMVM,StreamingTV
8329-UTMVM,StreamingMovies
8329-UTMVM,InternetService_Fiber
3014-WJKSM,PhoneService
3014-WJKSM,DeviceProtection
3014-WJKSM,InternetService_Fiber
3347-YJZZE,PhoneService
3347-YJZZE,MultipleLines
3347-YJZZE,OnlineBackup
3347-YJZZE,DeviceProtection
3347-YJZZE,StreamingTV
3347-YJZZE,StreamingMovies
3347-YJZZE,InternetService_DSL
1029-QFBEN,PhoneService
7929-DMBCV,PhoneService
7929-DMBCV,DeviceProtection
7929-DMBCV,TechSupport
7929-DMBCV,InternetService_Fiber
9661-JALZV,PhoneService
9661-JALZV,MultipleLines
5433-KYGHE,PhoneService
5433-KYGHE,MultipleLines
5433-KYGHE,OnlineSecurity
5433-KYGHE,TechSupport
5433-KYGHE,InternetService_Fiber
4312-KFRXN,PhoneService
4312-KFRXN,MultipleLines
5575-TPIZQ,PhoneService
5575-TPIZQ,MultipleLines
5575-TPIZQ,OnlineSecurity
5575-TPIZQ,StreamingTV
5575-TPIZQ,InternetService_Fiber
0114-IGABW,OnlineBackup
0114-IGABW,DeviceProtection
0114-IGABW,TechSupport
0114-IGABW,StreamingTV
0114-IGABW,StreamingMovies
0114-IGABW,InternetService_DSL
9944-AEXBM,PhoneService
9944-AEXBM,MultipleLines
9944-AEXBM,StreamingMovies
9944-AEXBM,InternetService_Fiber
1853-ARAAQ,DeviceProtection
1853-ARAAQ,StreamingTV
1853-ARAAQ,StreamingMovies
1853-ARAAQ,InternetService_DSL
6952-OMNWB,PhoneService
6952-OMNWB,MultipleLines
6952-OMNWB,DeviceProtection
6952-OMNWB,InternetService_Fiber
4697-LUPSU,PhoneService
8434-VGEQQ,PhoneService
4952-YSOGZ,PhoneService
4952-YSOGZ,MultipleLines
4952-YSOGZ,StreamingMovies
4952-YSOGZ,InternetService_Fiber
1589-AGTLK,PhoneService
1589-AGTLK,InternetService_DSL
5244-IRFIH,PhoneService
5244-IRFIH,MultipleLines
5244-IRFIH,StreamingTV
5244-IRFIH,StreamingMovies
5244-IRFIH,InternetService_Fiber
6549-YMFAW,PhoneService
4950-HKQTE,PhoneService
4950-HKQTE,MultipleLines
6786-OBWQR,PhoneService
6786-OBWQR,StreamingTV
6786-OBWQR,InternetService_Fiber
2684-EIWEO,PhoneService
2684-EIWEO,MultipleLines
2684-EIWEO,OnlineSecurity
2684-EIWEO,OnlineBackup
2684-EIWEO,DeviceProtection
2684-EIWEO,InternetService_Fiber
2753-JMMCV,PhoneService
2753-JMMCV,MultipleLines
2753-JMMCV,OnlineBackup
2753-JMMCV,DeviceProtection
2753-JMMCV,TechSupport
2753-JMMCV,StreamingMovies
2753-JMMCV,InternetService_DSL
6439-GTPCA,PhoneService
6439-GTPCA,MultipleLines
6439-GTPCA,DeviceProtection
6439-GTPCA,TechSupport
6439-GTPCA,InternetService_Fiber
6621-YOBKI,PhoneService
1216-JWVUX,PhoneService
1216-JWVUX,OnlineBackup
1216-JWVUX,InternetService_Fiber
7564-GHCVB,PhoneService
7564-GHCVB,MultipleLines
7564-GHCVB,OnlineSecurity
7564-GHCVB,InternetService_Fiber
1173-NOEYG,PhoneService
1173-NOEYG,MultipleLines
1173-NOEYG,DeviceProtection
1173-NOEYG,StreamingMovies
1173-NOEYG,InternetService_Fiber
7595-EHCDL,DeviceProtection
7595-EHCDL,StreamingTV
7595-EHCDL,StreamingMovies
7595-EHCDL,InternetService_DSL
6647-ZEDXT,PhoneService
6647-ZEDXT,MultipleLines
6647-ZEDXT,OnlineBackup
6647-ZEDXT,DeviceProtection
6647-ZEDXT,TechSupport
6647-ZEDXT,StreamingTV
6647-ZEDXT,StreamingMovies
6647-ZEDXT,InternetService_Fiber
2521-NPUZR,PhoneService
2521-NPUZR,OnlineSecurity
2521-NPUZR,OnlineBackup
2521-NPUZR,DeviceProtection
2521-NPUZR,TechSupport
2521-NPUZR,StreamingMovies
2521-NPUZR,InternetService_Fiber
1307-TVUFB,PhoneService
1307-TVUFB,MultipleLines
1307-TVUFB,OnlineBackup
1307-TVUFB,InternetService_Fiber
7503-MIOGA,PhoneService
7503-MIOGA,MultipleLines
7503-MIOGA,OnlineSecurity
7503-MIOGA,OnlineBackup
7503-MIOGA,DeviceProtection
7503-MIOGA,TechSupport
7503-MIOGA,StreamingTV
7503-MIOGA,StreamingMovies
7503-MIOGA,InternetService_DSL
4381-MHQDC,PhoneService
4381-MHQDC,MultipleLines
4381-MHQDC,OnlineSecurity
4381-MHQDC,DeviceProtection
4381-MHQDC,TechSupport
4381-MHQDC,InternetService_DSL
6923-JHPMP,PhoneService
6923-JHPMP,OnlineSecurity
6923-JHPMP,DeviceProtection
6923-JHPMP,InternetService_Fiber
5138-WVKYJ,PhoneService
5138-WVKYJ,MultipleLines
5138-WVKYJ,OnlineSecurity
5138-WVKYJ,StreamingTV
5138-WVKYJ,StreamingMovies
5138-WVKYJ,InternetService_Fiber
4018-PPNDW,PhoneService
4018-PPNDW,MultipleLines
1635-FJFCC,PhoneService
1635-FJFCC,InternetService_DSL
2499-AJYUA,PhoneService
2499-AJYUA,MultipleLines
2499-AJYUA,OnlineBackup
2499-AJYUA,DeviceProtection
2499-AJYUA,TechSupport
2499-AJYUA,StreamingTV
2499-AJYUA,StreamingMovies
2499-AJYUA,InternetService_Fiber
6919-ELBGL,PhoneService
6919-ELBGL,MultipleLines
6919-ELBGL,OnlineSecurity
6919-ELBGL,OnlineBackup
6919-ELBGL,DeviceProtection
6919-ELBGL,TechSupport
6919-ELBGL,StreamingTV
6919-ELBGL,StreamingMovies
6919-ELBGL,InternetService_Fiber
3966-HRMZA,PhoneService
3966-HRMZA,DeviceProtection
3966-HRMZA,InternetService_Fiber
6425-JWTDV,PhoneService
8405-IGQFX,PhoneService
8405-IGQFX,DeviceProtection
8405-IGQFX,TechSupport
8405-IGQFX,StreamingTV
8405-IGQFX,InternetService_Fiber
8224-IVVPA,PhoneService
8224-IVVPA,OnlineSecurity
8224-IVVPA,OnlineBackup
8224-IVVPA,InternetService_DSL
9477-LGWQI,PhoneService
9477-LGWQI,OnlineSecurity
9477-LGWQI,OnlineBackup
9477-LGWQI,DeviceProtection
9477-LGWQI,StreamingTV
9477-LGWQI,StreamingMovies
9477-LGWQI,InternetService_DSL
1410-RSCMR,PhoneService
1410-RSCMR,OnlineSecurity
1410-RSCMR,DeviceProtection
1410-RSCMR,TechSupport
1410-RSCMR,StreamingMovies
1410-RSCMR,InternetService_DSL
3115-CZMZD,PhoneService
0139-IVFJG,PhoneService
0139-IVFJG,OnlineSecurity
0139-IVFJG,OnlineBackup
0139-IVFJG,StreamingTV
0139-IVFJG,InternetService_Fiber
6683-VLCTZ,PhoneService
6683-VLCTZ,MultipleLines
6683-VLCTZ,DeviceProtection
6683-VLCTZ,StreamingTV
6683-VLCTZ,StreamingMovies
6683-VLCTZ,InternetService_Fiber
5730-DBDSI,PhoneService
0030-FNXPP,PhoneService
2189-WWOEW,PhoneService
2189-WWOEW,OnlineBackup
2189-WWOEW,StreamingMovies
2189-WWOEW,InternetService_Fiber
5684-FJVYR,PhoneService
5684-FJVYR,MultipleLines
5684-FJVYR,OnlineSecurity
5684-FJVYR,OnlineBackup
5684-FJVYR,TechSupport
5684-FJVYR,InternetService_Fiber
4013-GUXND,PhoneService
1894-IGFSG,PhoneService
1894-IGFSG,StreamingTV
1894-IGFSG,StreamingMovies
1894-IGFSG,InternetService_Fiber
7379-POKDZ,PhoneService
7379-POKDZ,InternetService_Fiber
1266-NZYUI,PhoneService
1266-NZYUI,MultipleLines
1266-NZYUI,OnlineSecurity
1266-NZYUI,DeviceProtection
1266-NZYUI,TechSupport
1266-NZYUI,InternetService_DSL
7969-FFOWG,PhoneService
4718-DHSMV,StreamingTV
4718-DHSMV,InternetService_DSL
5175-WLYXL,PhoneService
5175-WLYXL,MultipleLines
5175-WLYXL,OnlineBackup
5175-WLYXL,InternetService_Fiber
7817-OMJNA,PhoneService
8728-SKJLR,PhoneService
8728-SKJLR,TechSupport
8728-SKJLR,InternetService_Fiber
3137-NYQQI,PhoneService
3137-NYQQI,OnlineSecurity
3137-NYQQI,OnlineBackup
3137-NYQQI,StreamingMovies
3137-NYQQI,InternetService_DSL
7706-DZNKK,PhoneService
0236-HFWSV,PhoneService
0236-HFWSV,MultipleLines
0236-HFWSV,StreamingTV
0236-HFWSV,StreamingMovies
0236-HFWSV,InternetService_Fiber
3900-AQPHZ,PhoneService
5842-POCOP,PhoneService
5842-POCOP,OnlineSecurity
5842-POCOP,DeviceProtection
5842-POCOP,StreamingMovies
5842-POCOP,InternetService_Fiber
2037-XJFUP,PhoneService
2037-XJFUP,DeviceProtection
2037-XJFUP,StreamingTV
2037-XJFUP,StreamingMovies
2037-XJFUP,InternetService_Fiber
8823-RLPWL,PhoneService
8823-RLPWL,MultipleLines
8823-RLPWL,OnlineSecurity
8823-RLPWL,OnlineBackup
8823-RLPWL,DeviceProtection
8823-RLPWL,StreamingTV
8823-RLPWL,StreamingMovies
8823-RLPWL,InternetService_Fiber
9505-SQFSW,OnlineBackup
9505-SQFSW,StreamingMovies
9505-SQFSW,InternetService_DSL
7314-OXENN,PhoneService
7314-OXENN,MultipleLines
7314-OXENN,OnlineBackup
7314-OXENN,InternetService_Fiber
3758-CKOQL,PhoneService
3758-CKOQL,MultipleLines
3758-CKOQL,OnlineSecurity
3758-CKOQL,OnlineBackup
3758-CKOQL,DeviceProtection
3758-CKOQL,TechSupport
3758-CKOQL,StreamingMovies
3758-CKOQL,InternetService_Fiber
0322-CHQRU,PhoneService
0322-CHQRU,InternetService_DSL
5676-CFLYY,PhoneService
5676-CFLYY,OnlineBackup
5676-CFLYY,TechSupport
5676-CFLYY,StreamingTV
5676-CFLYY,StreamingMovies
5676-CFLYY,InternetService_DSL
7521-AFHAB,PhoneService
7521-AFHAB,InternetService_DSL
0285-INHLN,PhoneService
0285-INHLN,OnlineSecurity
0285-INHLN,OnlineBackup
0285-INHLN,InternetService_DSL
4678-DVQEO,PhoneService
4678-DVQEO,TechSupport
4678-DVQEO,InternetService_DSL
5125-CNDSP,OnlineSecurity
5125-CNDSP,OnlineBackup
5125-CNDSP,TechSupport
5125-CNDSP,InternetService_DSL
0691-IFBQW,PhoneService
0691-IFBQW,MultipleLines
0691-IFBQW,OnlineSecurity
0691-IFBQW,OnlineBackup
0691-IFBQW,DeviceProtection
0691-IFBQW,StreamingTV
0691-IFBQW,StreamingMovies
0691-IFBQW,InternetService_Fiber
4992-LTJNE,PhoneService
4992-LTJNE,MultipleLines
4992-LTJNE,OnlineSecurity
4992-LTJNE,InternetService_DSL
2202-OUTMO,PhoneService
2202-OUTMO,MultipleLines
2202-OUTMO,OnlineSecurity
2202-OUTMO,TechSupport
2202-OUTMO,InternetService_DSL
0810-BDHAW,PhoneService
0810-BDHAW,MultipleLines
0810-BDHAW,OnlineSecurity
0810-BDHAW,OnlineBackup
0810-BDHAW,StreamingTV
0810-BDHAW,StreamingMovies
0810-BDHAW,InternetService_DSL
0229-LFJAF,PhoneService
0229-LFJAF,MultipleLines
0229-LFJAF,OnlineSecurity
0229-LFJAF,OnlineBackup
0229-LFJAF,DeviceProtection
0229-LFJAF,TechSupport
0229-LFJAF,InternetService_DSL
7131-ZQZNK,OnlineSecurity
7131-ZQZNK,DeviceProtection
7131-ZQZNK,TechSupport
7131-ZQZNK,StreamingTV
7131-ZQZNK,StreamingMovies
7131-ZQZNK,InternetService_DSL
3442-ZHHCC,PhoneService
3442-ZHHCC,MultipleLines
3442-ZHHCC,OnlineSecurity
3442-ZHHCC,OnlineBackup
3442-ZHHCC,DeviceProtection
3442-ZHHCC,StreamingMovies
3442-ZHHCC,InternetService_DSL
5726-CVNYA,PhoneService
9871-ELEYA,PhoneService
9871-ELEYA,OnlineSecurity
9871-ELEYA,DeviceProtection
9871-ELEYA,TechSupport
9871-ELEYA,StreamingTV
9871-ELEYA,InternetService_DSL
4257-GAESD,StreamingTV
4257-GAESD,StreamingMovies
4257-GAESD,InternetService_DSL
5173-WXOQV,PhoneService
5173-WXOQV,OnlineBackup
5173-WXOQV,TechSupport
5173-WXOQV,StreamingMovies
5173-WXOQV,InternetService_DSL
2040-OBMLJ,PhoneService
2040-OBMLJ,MultipleLines
2040-OBMLJ,TechSupport
2040-OBMLJ,InternetService_Fiber
6286-ZHAOK,PhoneService
6286-ZHAOK,MultipleLines
3807-XHCJH,PhoneService
3009-JWMPU,PhoneService
3009-JWMPU,MultipleLines
3009-JWMPU,DeviceProtection
3009-JWMPU,StreamingTV
3009-JWMPU,StreamingMovies
3009-JWMPU,InternetService_Fiber
5671-RQRLP,PhoneService
5671-RQRLP,MultipleLines
5671-RQRLP,InternetService_Fiber
1450-GALXR,PhoneService
1450-GALXR,MultipleLines
1450-GALXR,TechSupport
1450-GALXR,StreamingTV
1450-GALXR,StreamingMovies
1450-GALXR,InternetService_Fiber
8859-AXJZP,PhoneService
8859-AXJZP,MultipleLines
3174-AKMAS,PhoneService
3174-AKMAS,OnlineBackup
3174-AKMAS,TechSupport
3174-AKMAS,StreamingTV
3174-AKMAS,InternetService_DSL
3138-BKYAV,PhoneService
3138-BKYAV,OnlineBackup
3138-BKYAV,StreamingTV
3138-BKYAV,InternetService_Fiber
9926-PJHDQ,PhoneService
9926-PJHDQ,MultipleLines
9926-PJHDQ,DeviceProtection
9926-PJHDQ,StreamingTV
9926-PJHDQ,StreamingMovies
9926-PJHDQ,InternetService_DSL
7382-DFJTU,PhoneService
7382-DFJTU,DeviceProtection
7382-DFJTU,TechSupport
7382-DFJTU,InternetService_DSL
2798-NYLMZ,PhoneService
2798-NYLMZ,MultipleLines
2798-NYLMZ,OnlineSecurity
2798-NYLMZ,DeviceProtection
2798-NYLMZ,TechSupport
2798-NYLMZ,StreamingTV
2798-NYLMZ,StreamingMovies
2798-NYLMZ,InternetService_Fiber
4289-DTDKW,PhoneService
4289-DTDKW,MultipleLines
4289-DTDKW,OnlineBackup
4289-DTDKW,StreamingTV
4289-DTDKW,StreamingMovies
4289-DTDKW,InternetService_Fiber
1820-TQVEV,PhoneService
1820-TQVEV,InternetService_Fiber
2239-JALAW,PhoneService
2239-JALAW,MultipleLines
2239-JALAW,OnlineBackup
2239-JALAW,DeviceProtection
2239-JALAW,StreamingTV
2239-JALAW,StreamingMovies
2239-JALAW,InternetService_Fiber
4853-RULSV,PhoneService
4853-RULSV,MultipleLines
4853-RULSV,OnlineSecurity
4853-RULSV,TechSupport
4853-RULSV,StreamingTV
4853-RULSV,StreamingMovies
4853-RULSV,InternetService_Fiber
8098-TDCBU,PhoneService
8098-TDCBU,MultipleLines
3551-GAEGL,OnlineSecurity
3551-GAEGL,InternetService_DSL
4785-NKHCX,PhoneService
3196-NVXLZ,PhoneService
3196-NVXLZ,MultipleLines
3196-NVXLZ,StreamingTV
3196-NVXLZ,InternetService_Fiber
6275-YDUVO,PhoneService
6275-YDUVO,DeviceProtection
6275-YDUVO,StreamingMovies
6275-YDUVO,InternetService_Fiber
0036-IHMOT,PhoneService
0036-IHMOT,OnlineBackup
0036-IHMOT,DeviceProtection
0036-IHMOT,TechSupport
0036-IHMOT,StreamingTV
0036-IHMOT,StreamingMovies
0036-IHMOT,InternetService_Fiber
0115-TFERT,PhoneService
0115-TFERT,MultipleLines
0115-TFERT,OnlineBackup
0115-TFERT,DeviceProtection
0115-TFERT,TechSupport
0115-TFERT,StreamingTV
0115-TFERT,StreamingMovies
0115-TFERT,InternetService_Fiber
4178-EGMON,PhoneService
4178-EGMON,MultipleLines
4178-EGMON,OnlineSecurity
4178-EGMON,OnlineBackup
4178-EGMON,TechSupport
4178-EGMON,InternetService_Fiber
4220-TINQT,PhoneService
4220-TINQT,MultipleLines
4220-TINQT,DeviceProtection
4220-TINQT,TechSupport
4220-TINQT,StreamingTV
4220-TINQT,StreamingMovies
4220-TINQT,InternetService_Fiber
5318-YKDPV,PhoneService
5318-YKDPV,OnlineSecurity
5318-YKDPV,DeviceProtection
5318-YKDPV,TechSupport
5318-YKDPV,StreamingTV
5318-YKDPV,StreamingMovies
5318-YKDPV,InternetService_DSL
7975-TZMLR,PhoneService
7975-TZMLR,MultipleLines
7975-TZMLR,OnlineBackup
7975-TZMLR,DeviceProtection
7975-TZMLR,StreamingTV
7975-TZMLR,StreamingMovies
7975-TZMLR,InternetService_Fiber
0295-QVKPB,PhoneService
0295-QVKPB,DeviceProtection
0295-QVKPB,TechSupport
0295-QVKPB,StreamingTV
0295-QVKPB,InternetService_DSL
4335-BSMJS,PhoneService
4335-BSMJS,MultipleLines
2311-QYMUQ,PhoneService
2311-QYMUQ,OnlineBackup
2311-QYMUQ,DeviceProtection
2311-QYMUQ,StreamingTV
2311-QYMUQ,InternetService_Fiber
3643-AHCFP,PhoneService
3643-AHCFP,MultipleLines
3643-AHCFP,StreamingTV
3643-AHCFP,StreamingMovies
3643-AHCFP,InternetService_Fiber
9146-JRIOX,PhoneService
9146-JRIOX,MultipleLines
3104-OWCGK,PhoneService
3104-OWCGK,OnlineBackup
3104-OWCGK,DeviceProtection
3104-OWCGK,StreamingTV
3104-OWCGK,InternetService_Fiber
5337-IIWKZ,DeviceProtection
5337-IIWKZ,TechSupport
5337-IIWKZ,StreamingTV
5337-IIWKZ,InternetService_DSL
9101-BWFSS,PhoneService
9101-BWFSS,MultipleLines
9101-BWFSS,OnlineSecurity
9101-BWFSS,OnlineBackup
9101-BWFSS,TechSupport
9101-BWFSS,StreamingTV
9101-BWFSS,StreamingMovies
9101-BWFSS,InternetService_Fiber
9650-VBUOG,PhoneService
9650-VBUOG,MultipleLines
3487-EARAT,PhoneService
3487-EARAT,OnlineSecurity
3487-EARAT,OnlineBackup
3487-EARAT,DeviceProtection
3487-EARAT,TechSupport
3487-EARAT,StreamingMovies
3487-EARAT,InternetService_DSL
2672-TGEFF,PhoneService
2672-TGEFF,MultipleLines
2672-TGEFF,OnlineBackup
2672-TGEFF,StreamingTV
2672-TGEFF,InternetService_Fiber
9231-ZJYAM,PhoneService
9231-ZJYAM,StreamingTV
9231-ZJYAM,InternetService_Fiber
4250-WAROZ,PhoneService
4250-WAROZ,MultipleLines
4250-WAROZ,OnlineSecurity
4250-WAROZ,OnlineBackup
4250-WAROZ,StreamingMovies
4250-WAROZ,InternetService_Fiber
8184-WMOFI,PhoneService
8184-WMOFI,OnlineSecurity
8184-WMOFI,DeviceProtection
8184-WMOFI,TechSupport
8184-WMOFI,StreamingMovies
8184-WMOFI,InternetService_DSL
6982-SSHFK,PhoneService
6982-SSHFK,InternetService_DSL
6092-QZVPP,PhoneService
6092-QZVPP,OnlineSecurity
6092-QZVPP,DeviceProtection
6092-QZVPP,TechSupport
6092-QZVPP,StreamingTV
6092-QZVPP,StreamingMovies
6092-QZVPP,InternetService_DSL
4625-LAMOB,PhoneService
0727-BMPLR,PhoneService
0727-BMPLR,MultipleLines
0727-BMPLR,DeviceProtection
0727-BMPLR,StreamingTV
0727-BMPLR,StreamingMovies
0727-BMPLR,InternetService_Fiber
0392-BZIUW,PhoneService
0392-BZIUW,MultipleLines
0392-BZIUW,OnlineSecurity
0392-BZIUW,DeviceProtection
0392-BZIUW,StreamingTV
0392-BZIUW,StreamingMovies
0392-BZIUW,InternetService_Fiber
1038-ZAGBI,PhoneService
6549-NNDYT,OnlineSecurity
6549-NNDYT,InternetService_DSL
3027-ZTDHO,PhoneService
3027-ZTDHO,StreamingTV
3027-ZTDHO,StreamingMovies
3027-ZTDHO,InternetService_Fiber
0422-OHQHQ,PhoneService
6916-HIJSE,PhoneService
6916-HIJSE,OnlineSecurity
6916-HIJSE,OnlineBackup
6916-HIJSE,DeviceProtection
6916-HIJSE,TechSupport
6916-HIJSE,StreamingTV
6916-HIJSE,StreamingMovies
6916-HIJSE,InternetService_DSL
2316-ESMLS,OnlineSecurity
2316-ESMLS,TechSupport
2316-ESMLS,InternetService_DSL
9778-OGKQZ,PhoneService
9778-OGKQZ,MultipleLines
9778-OGKQZ,OnlineSecurity
9778-OGKQZ,OnlineBackup
9778-OGKQZ,DeviceProtection
9778-OGKQZ,TechSupport
9778-OGKQZ,StreamingTV
9778-OGKQZ,StreamingMovies
9778-OGKQZ,InternetService_DSL
7408-OFWXJ,PhoneService
7408-OFWXJ,MultipleLines
7408-OFWXJ,OnlineSecurity
7408-OFWXJ,OnlineBackup
7408-OFWXJ,DeviceProtection
7408-OFWXJ,TechSupport
7408-OFWXJ,StreamingTV
7408-OFWXJ,StreamingMovies
7408-OFWXJ,InternetService_DSL
6007-TCTST,PhoneService
6007-TCTST,MultipleLines
6007-TCTST,OnlineSecurity
6007-TCTST,OnlineBackup
6007-TCTST,DeviceProtection
6007-TCTST,TechSupport
6007-TCTST,StreamingTV
6007-TCTST,StreamingMovies
6007-TCTST,InternetService_Fiber
2252-NKNSI,PhoneService
2252-NKNSI,MultipleLines
2252-NKNSI,OnlineSecurity
2252-NKNSI,OnlineBackup
2252-NKNSI,TechSupport
2252-NKNSI,StreamingTV
2252-NKNSI,StreamingMovies
2252-NKNSI,InternetService_DSL
8713-IGZSO,PhoneService
8713-IGZSO,MultipleLines
7905-TVXTA,PhoneService
7905-TVXTA,OnlineSecurity
7905-TVXTA,TechSupport
7905-TVXTA,StreamingTV
7905-TVXTA,InternetService_DSL
7695-PKLCZ,PhoneService
2382-BCKQJ,PhoneService
2382-BCKQJ,MultipleLines
2382-BCKQJ,DeviceProtection
2382-BCKQJ,StreamingTV
2382-BCKQJ,StreamingMovies
2382-BCKQJ,InternetService_Fiber
8374-UULRV,PhoneService
8374-UULRV,MultipleLines
8374-UULRV,OnlineSecurity
8374-UULRV,OnlineBackup
8374-UULRV,TechSupport
8374-UULRV,StreamingTV
8374-UULRV,StreamingMovies
8374-UULRV,InternetService_DSL
2207-NHRJK,PhoneService
2207-NHRJK,OnlineBackup
2207-NHRJK,InternetService_DSL
3224-DFQNQ,PhoneService
3224-DFQNQ,MultipleLines
3224-DFQNQ,OnlineSecurity
3224-DFQNQ,OnlineBackup
3224-DFQNQ,TechSupport
3224-DFQNQ,InternetService_Fiber
5275-PMFUT,OnlineSecurity
5275-PMFUT,OnlineBackup
5275-PMFUT,DeviceProtection
5275-PMFUT,TechSupport
5275-PMFUT,StreamingTV
5275-PMFUT,StreamingMovies
5275-PMFUT,InternetService_DSL
4795-UXVCJ,PhoneService
9777-IQHWP,PhoneService
9777-IQHWP,MultipleLines
9777-IQHWP,OnlineSecurity
9777-IQHWP,DeviceProtection
9777-IQHWP,StreamingMovies
9777-IQHWP,InternetService_Fiber
0947-MUGVO,PhoneService
0947-MUGVO,OnlineBackup
0947-MUGVO,InternetService_Fiber
9944-HKVVB,PhoneService
9944-HKVVB,OnlineBackup
9944-HKVVB,StreamingTV
9944-HKVVB,StreamingMovies
9944-HKVVB,InternetService_Fiber
4124-MMETB,PhoneService
4124-MMETB,MultipleLines
4124-MMETB,StreamingTV
4124-MMETB,StreamingMovies
4124-MMETB,InternetService_Fiber
3671-SHRSP,PhoneService
3671-SHRSP,DeviceProtection
3671-SHRSP,TechSupport
3671-SHRSP,InternetService_Fiber
0979-MOZQI,TechSupport
0979-MOZQI,StreamingTV
0979-MOZQI,InternetService_DSL
2732-ISEZX,PhoneService
3313-QKNKB,PhoneService
3313-QKNKB,MultipleLines
3313-QKNKB,StreamingMovies
3313-QKNKB,InternetService_Fiber
0323-XWWTN,PhoneService
0323-XWWTN,MultipleLines
1937-OTUKY,PhoneService
1937-OTUKY,MultipleLines
1937-OTUKY,OnlineSecurity
1937-OTUKY,DeviceProtection
1937-OTUKY,TechSupport
1937-OTUKY,StreamingTV
1937-OTUKY,InternetService_Fiber
1573-LGXBA,PhoneService
1573-LGXBA,OnlineBackup
1573-LGXBA,DeviceProtection
1573-LGXBA,StreamingTV
1573-LGXBA,StreamingMovies
1573-LGXBA,InternetService_Fiber
1764-VUUMT,PhoneService
5073-WXOYN,OnlineBackup
5073-WXOYN,StreamingTV
5073-WXOYN,StreamingMovies
5073-WXOYN,InternetService_DSL
4713-ZBURT,PhoneService
4713-ZBURT,MultipleLines
4713-ZBURT,DeviceProtection
4713-ZBURT,StreamingTV
4713-ZBURT,StreamingMovies
4713-ZBURT,InternetService_Fiber
3050-GBUSH,StreamingTV
3050-GBUSH,InternetService_DSL
0207-MDKNV,PhoneService
0207-MDKNV,OnlineSecurity
0207-MDKNV,DeviceProtection
0207-MDKNV,TechSupport
0207-MDKNV,StreamingTV
0207-MDKNV,StreamingMovies
0207-MDKNV,InternetService_Fiber
7876-AEHIG,OnlineSecurity
7876-AEHIG,DeviceProtection
7876-AEHIG,TechSupport
7876-AEHIG,StreamingTV
7876-AEHIG,StreamingMovies
7876-AEHIG,InternetService_DSL
7945-HLKEA,PhoneService
7945-HLKEA,MultipleLines
7945-HLKEA,OnlineSecurity
7945-HLKEA,DeviceProtection
7945-HLKEA,TechSupport
7945-HLKEA,InternetService_DSL
9342-VNIMQ,PhoneService
9342-VNIMQ,MultipleLines
9342-VNIMQ,OnlineBackup
9342-VNIMQ,InternetService_DSL
9851-KIELU,PhoneService
9851-KIELU,OnlineSecurity
9851-KIELU,OnlineBackup
9851-KIELU,DeviceProtection
9851-KIELU,TechSupport
9851-KIELU,StreamingTV
9851-KIELU,StreamingMovies
9851-KIELU,InternetService_Fiber
3523-BRGUW,PhoneService
3908-BLSYF,PhoneService
3908-BLSYF,DeviceProtection
3908-BLSYF,StreamingMovies
3908-BLSYF,InternetService_Fiber
3199-NPKCN,PhoneService
3199-NPKCN,MultipleLines
3199-NPKCN,OnlineSecurity
3199-NPKCN,DeviceProtection
3199-NPKCN,TechSupport
3199-NPKCN,StreamingTV
3199-NPKCN,StreamingMovies
3199-NPKCN,InternetService_Fiber
5170-PTRKA,OnlineSecurity
5170-PTRKA,TechSupport
5170-PTRKA,InternetService_DSL
4661-NJEUX,PhoneService
2123-AGEEN,PhoneService
2123-AGEEN,DeviceProtection
2123-AGEEN,StreamingTV
2123-AGEEN,InternetService_Fiber
1258-YMZNM,PhoneService
1258-YMZNM,MultipleLines
1258-YMZNM,OnlineSecurity
1258-YMZNM,OnlineBackup
1258-YMZNM,DeviceProtection
1258-YMZNM,StreamingTV
1258-YMZNM,StreamingMovies
1258-YMZNM,InternetService_Fiber
0048-LUMLS,PhoneService
0048-LUMLS,StreamingTV
0048-LUMLS,StreamingMovies
0048-LUMLS,InternetService_Fiber
7549-MYGPK,PhoneService
7549-MYGPK,MultipleLines
7549-MYGPK,OnlineSecurity
7549-MYGPK,OnlineBackup
7549-MYGPK,DeviceProtection
7549-MYGPK,StreamingTV
7549-MYGPK,InternetService_Fiber
5898-IGSLP,PhoneService
5898-IGSLP,MultipleLines
5898-IGSLP,OnlineSecurity
5898-IGSLP,DeviceProtection
5898-IGSLP,TechSupport
5898-IGSLP,InternetService_Fiber
3804-RVTGV,PhoneService
3804-RVTGV,MultipleLines
3804-RVTGV,OnlineBackup
3804-RVTGV,DeviceProtection
3804-RVTGV,StreamingTV
3804-RVTGV,StreamingMovies
3804-RVTGV,InternetService_Fiber
6259-WJQLC,PhoneService
6259-WJQLC,MultipleLines
6259-WJQLC,DeviceProtection
6259-WJQLC,InternetService_Fiber
9227-LUNBG,InternetService_DSL
7997-EASSD,PhoneService
7997-EASSD,MultipleLines
7997-EASSD,TechSupport
7997-EASSD,InternetService_Fiber
0730-KOAVE,PhoneService
0730-KOAVE,MultipleLines
0730-KOAVE,OnlineSecurity
0730-KOAVE,OnlineBackup
0730-KOAVE,StreamingMovies
0730-KOAVE,InternetService_Fiber
8975-SKGRX,PhoneService
8975-SKGRX,MultipleLines
8975-SKGRX,OnlineSecurity
8975-SKGRX,OnlineBackup
8975-SKGRX,DeviceProtection
8975-SKGRX,TechSupport
8975-SKGRX,StreamingTV
8975-SKGRX,StreamingMovies
8975-SKGRX,InternetService_Fiber
0678-RLHVP,PhoneService
0678-RLHVP,MultipleLines
0678-RLHVP,OnlineBackup
0678-RLHVP,DeviceProtection
0678-RLHVP,StreamingTV
0678-RLHVP,StreamingMovies
0678-RLHVP,InternetService_Fiber
4315-MURBD,PhoneService
4315-MURBD,OnlineSecurity
4315-MURBD,TechSupport
4315-MURBD,StreamingTV
4315-MURBD,StreamingMovies
4315-MURBD,InternetService_Fiber
2267-FPIMA,PhoneService
2267-FPIMA,MultipleLines
2267-FPIMA,OnlineSecurity
2267-FPIMA,OnlineBackup
2267-FPIMA,StreamingMovies
2267-FPIMA,InternetService_Fiber
1051-GEJLJ,PhoneService
9734-YWGEX,PhoneService
9734-YWGEX,MultipleLines
9734-YWGEX,DeviceProtection
9734-YWGEX,StreamingTV
9734-YWGEX,StreamingMovies
9734-YWGEX,InternetService_Fiber
2719-BDAQO,PhoneService
2719-BDAQO,OnlineSecurity
2719-BDAQO,StreamingTV
2719-BDAQO,StreamingMovies
2719-BDAQO,InternetService_Fiber
5285-MVEHD,PhoneService
5285-MVEHD,OnlineSecurity
5285-MVEHD,OnlineBackup
5285-MVEHD,DeviceProtection
5285-MVEHD,StreamingTV
5285-MVEHD,StreamingMovies
5285-MVEHD,InternetService_Fiber
0379-DJQHR,PhoneService
0379-DJQHR,OnlineSecurity
0379-DJQHR,OnlineBackup
0379-DJQHR,DeviceProtection
0379-DJQHR,StreamingTV
0379-DJQHR,StreamingMovies
0379-DJQHR,InternetService_DSL
0781-LKXBR,PhoneService
0781-LKXBR,MultipleLines
0781-LKXBR,DeviceProtection
0781-LKXBR,StreamingTV
0781-LKXBR,StreamingMovies
0781-LKXBR,InternetService_Fiber
5543-QDCRY,PhoneService
5543-QDCRY,StreamingTV
5543-QDCRY,InternetService_DSL
0297-RBCSG,PhoneService
0297-RBCSG,OnlineBackup
0297-RBCSG,TechSupport
0297-RBCSG,StreamingMovies
0297-RBCSG,InternetService_DSL
4694-PHWFW,PhoneService
0835-JKADZ,PhoneService
0835-JKADZ,MultipleLines
0835-JKADZ,OnlineBackup
0835-JKADZ,DeviceProtection
0835-JKADZ,TechSupport
0835-JKADZ,StreamingTV
0835-JKADZ,StreamingMovies
0835-JKADZ,InternetService_Fiber
1907-UBQFC,PhoneService
1907-UBQFC,OnlineBackup
1907-UBQFC,InternetService_Fiber
7508-SMHXL,PhoneService
7508-SMHXL,MultipleLines
7508-SMHXL,OnlineBackup
7508-SMHXL,StreamingTV
7508-SMHXL,InternetService_Fiber
3865-YIOTT,PhoneService
3865-YIOTT,MultipleLines
3865-YIOTT,OnlineSecurity
3865-YIOTT,DeviceProtection
3865-YIOTT,StreamingTV
3865-YIOTT,StreamingMovies
3865-YIOTT,InternetService_Fiber
5993-BQHEA,PhoneService
6024-RUGGH,PhoneService
6024-RUGGH,MultipleLines
6513-EECDB,PhoneService
6513-EECDB,MultipleLines
6513-EECDB,InternetService_Fiber
3956-CJUST,PhoneService
3956-CJUST,OnlineSecurity
3956-CJUST,InternetService_Fiber
4079-WWQQQ,OnlineSecurity
4079-WWQQQ,OnlineBackup
4079-WWQQQ,DeviceProtection
4079-WWQQQ,TechSupport
4079-WWQQQ,StreamingTV
4079-WWQQQ,StreamingMovies
4079-WWQQQ,InternetService_DSL
6103-BOCOU,PhoneService
6103-BOCOU,MultipleLines
6103-BOCOU,DeviceProtection
6103-BOCOU,InternetService_Fiber
5149-TGWDZ,PhoneService
5149-TGWDZ,OnlineBackup
5149-TGWDZ,DeviceProtection
5149-TGWDZ,TechSupport
5149-TGWDZ,StreamingTV
5149-TGWDZ,StreamingMovies
5149-TGWDZ,InternetService_Fiber
7471-WNSUF,PhoneService
7471-WNSUF,MultipleLines
8942-DBMHZ,PhoneService
4301-VVZKA,PhoneService
4301-VVZKA,MultipleLines
4301-VVZKA,InternetService_Fiber
9199-PWQVC,PhoneService
9199-PWQVC,MultipleLines
9199-PWQVC,OnlineSecurity
9199-PWQVC,OnlineBackup
9199-PWQVC,StreamingTV
9199-PWQVC,StreamingMovies
9199-PWQVC,InternetService_DSL
4824-GUCBY,PhoneService
4824-GUCBY,OnlineSecurity
4824-GUCBY,OnlineBackup
4824-GUCBY,InternetService_Fiber
5393-HJZSM,PhoneService
5393-HJZSM,OnlineSecurity
5393-HJZSM,OnlineBackup
5393-HJZSM,DeviceProtection
5393-HJZSM,TechSupport
5393-HJZSM,StreamingMovies
5393-HJZSM,InternetService_DSL
7074-IEVOJ,PhoneService
7074-IEVOJ,MultipleLines
7074-IEVOJ,OnlineBackup
7074-IEVOJ,InternetService_Fiber
9625-QSTYE,PhoneService
9625-QSTYE,OnlineBackup
9625-QSTYE,DeviceProtection
9625-QSTYE,InternetService_Fiber
0862-PRCBS,PhoneService
0862-PRCBS,MultipleLines
0862-PRCBS,OnlineBackup
0862-PRCBS,TechSupport
0862-PRCBS,StreamingTV
0862-PRCBS,StreamingMovies
0862-PRCBS,InternetService_Fiber
8812-ZRHFP,PhoneService
8812-ZRHFP,DeviceProtection
8812-ZRHFP,StreamingMovies
8812-ZRHFP,InternetService_Fiber
5146-CBVOE,PhoneService
5146-CBVOE,OnlineBackup
5146-CBVOE,InternetService_Fiber
0454-OKRCT,PhoneService
0454-OKRCT,OnlineBackup
0454-OKRCT,TechSupport
0454-OKRCT,InternetService_Fiber
5787-KXGIY,PhoneService
4750-ZRXIU,PhoneService
4750-ZRXIU,MultipleLines
4750-ZRXIU,StreamingMovies
4750-ZRXIU,InternetService_Fiber
4198-VFOEA,OnlineSecurity
4198-VFOEA,TechSupport
4198-VFOEA,InternetService_DSL
6630-UJZMY,PhoneService
6630-UJZMY,MultipleLines
6630-UJZMY,StreamingTV
6630-UJZMY,InternetService_Fiber
5709-LVOEQ,PhoneService
5709-LVOEQ,OnlineSecurity
5709-LVOEQ,OnlineBackup
5709-LVOEQ,DeviceProtection
5709-LVOEQ,StreamingTV
5709-LVOEQ,StreamingMovies
5709-LVOEQ,InternetService_DSL
6400-BWQKW,PhoneService
6400-BWQKW,MultipleLines
6400-BWQKW,OnlineSecurity
6400-BWQKW,InternetService_Fiber
2692-AQCPF,PhoneService
2692-AQCPF,MultipleLines
2692-AQCPF,OnlineBackup
2692-AQCPF,DeviceProtection
2692-AQCPF,TechSupport
2692-AQCPF,StreamingTV
2692-AQCPF,StreamingMovies
2692-AQCPF,InternetService_Fiber
0347-UBKUZ,PhoneService
0835-DUUIQ,PhoneService
0811-GSDTP,OnlineBackup
0811-GSDTP,InternetService_DSL
7567-ECMCM,PhoneService
7567-ECMCM,StreamingMovies
7567-ECMCM,InternetService_Fiber
6115-ZTBFQ,OnlineSecurity
6115-ZTBFQ,OnlineBackup
6115-ZTBFQ,DeviceProtection
6115-ZTBFQ,TechSupport
6115-ZTBFQ,StreamingTV
6115-ZTBFQ,StreamingMovies
6115-ZTBFQ,InternetService_DSL
6353-BRMMA,PhoneService
6353-BRMMA,MultipleLines
6353-BRMMA,OnlineSecurity
6353-BRMMA,OnlineBackup
6353-BRMMA,StreamingTV
6353-BRMMA,StreamingMovies
6353-BRMMA,InternetService_Fiber
6680-WKXRZ,PhoneService
6680-WKXRZ,MultipleLines
6680-WKXRZ,InternetService_Fiber
6231-WFGFH,PhoneService
9904-EHEVJ,PhoneService
9904-EHEVJ,MultipleLines
9904-EHEVJ,DeviceProtection
9904-EHEVJ,StreamingTV
9904-EHEVJ,InternetService_Fiber
7028-DVOIQ,PhoneService
7028-DVOIQ,MultipleLines
7028-DVOIQ,DeviceProtection
7028-DVOIQ,StreamingTV
7028-DVOIQ,StreamingMovies
7028-DVOIQ,InternetService_Fiber
6169-PPETC,PhoneService
4208-UFFGW,PhoneService
4208-UFFGW,InternetService_DSL
8584-KMVXD,PhoneService
8584-KMVXD,OnlineBackup
8584-KMVXD,InternetService_Fiber
8467-WYNSR,PhoneService
8467-WYNSR,OnlineSecurity
8467-WYNSR,TechSupport
8467-WYNSR,InternetService_DSL
0851-DFJKB,PhoneService
0851-DFJKB,OnlineSecurity
0851-DFJKB,DeviceProtection
0851-DFJKB,TechSupport
0851-DFJKB,InternetService_DSL
5382-SOYZL,PhoneService
5382-SOYZL,MultipleLines
5382-SOYZL,StreamingTV
5382-SOYZL,StreamingMovies
5382-SOYZL,InternetService_Fiber
9448-REEVD,PhoneService
9448-REEVD,InternetService_DSL
3261-CQXOL,PhoneService
3261-CQXOL,MultipleLines
8388-FYNPZ,PhoneService
8388-FYNPZ,OnlineSecurity
8388-FYNPZ,DeviceProtection
8388-FYNPZ,InternetService_DSL
4002-BQWPQ,PhoneService
4002-BQWPQ,MultipleLines
4002-BQWPQ,OnlineSecurity
4002-BQWPQ,OnlineBackup
4002-BQWPQ,DeviceProtection
4002-BQWPQ,TechSupport
4002-BQWPQ,StreamingMovies
4002-BQWPQ,InternetService_DSL
5651-YLPRD,PhoneService
5651-YLPRD,OnlineBackup
5651-YLPRD,StreamingTV
5651-YLPRD,InternetService_Fiber
2826-DXLQO,OnlineSecurity
2826-DXLQO,InternetService_DSL
4378-BZYFP,PhoneService
9489-UTFKA,PhoneService
9489-UTFKA,OnlineSecurity
9489-UTFKA,StreamingTV
9489-UTFKA,InternetService_DSL
4849-PYRLQ,PhoneService
4849-PYRLQ,MultipleLines
4849-PYRLQ,OnlineSecurity
4849-PYRLQ,DeviceProtection
4849-PYRLQ,TechSupport
4849-PYRLQ,StreamingMovies
4849-PYRLQ,InternetService_DSL
9117-SHLZX,PhoneService
9117-SHLZX,InternetService_DSL
9889-TMAHG,PhoneService
9889-TMAHG,OnlineSecurity
9889-TMAHG,TechSupport
9889-TMAHG,StreamingTV
9889-TMAHG,StreamingMovies
9889-TMAHG,InternetService_Fiber
4541-RMRLG,PhoneService
7764-BDPEE,PhoneService
3429-IFLEM,PhoneService
3429-IFLEM,OnlineSecurity
3429-IFLEM,OnlineBackup
3429-IFLEM,DeviceProtection
3429-IFLEM,TechSupport
3429-IFLEM,StreamingTV
3429-IFLEM,InternetService_DSL
3158-MOERK,PhoneService
3158-MOERK,MultipleLines
3158-MOERK,StreamingTV
3158-MOERK,StreamingMovies
3158-MOERK,InternetService_Fiber
7294-TMAOP,PhoneService
7294-TMAOP,StreamingTV
7294-TMAOP,StreamingMovies
7294-TMAOP,InternetService_Fiber
5002-GCQFH,PhoneService
5002-GCQFH,MultipleLines
5002-GCQFH,OnlineSecurity
5002-GCQFH,OnlineBackup
5002-GCQFH,StreamingTV
5002-GCQFH,InternetService_Fiber
0556-FJEGU,PhoneService
0556-FJEGU,OnlineBackup
0556-FJEGU,DeviceProtection
0556-FJEGU,TechSupport
0556-FJEGU,StreamingTV
0556-FJEGU,InternetService_DSL
8919-FYFQZ,OnlineBackup
8919-FYFQZ,InternetService_DSL
0604-THJFP,PhoneService
0604-THJFP,OnlineBackup
0604-THJFP,TechSupport
0604-THJFP,StreamingTV
0604-THJFP,StreamingMovies
0604-THJFP,InternetService_DSL
2834-JRTUA,PhoneService
2834-JRTUA,MultipleLines
2834-JRTUA,OnlineSecurity
2834-JRTUA,DeviceProtection
2834-JRTUA,TechSupport
2834-JRTUA,StreamingTV
2834-JRTUA,StreamingMovies
2834-JRTUA,InternetService_Fiber
5875-YPQFJ,PhoneService
5875-YPQFJ,InternetService_Fiber
5879-SESNB,PhoneService
5879-SESNB,MultipleLines
5879-SESNB,InternetService_Fiber
6646-QVXLR,PhoneService
6646-QVXLR,MultipleLines
6646-QVXLR,OnlineBackup
6646-QVXLR,DeviceProtection
6646-QVXLR,StreamingTV
6646-QVXLR,StreamingMovies
6646-QVXLR,InternetService_Fiber
6461-PPAXN,PhoneService
6461-PPAXN,OnlineSecurity
6461-PPAXN,TechSupport
6461-PPAXN,InternetService_DSL
3318-ISQFQ,PhoneService
1106-HRLKZ,PhoneService
2483-XSSMZ,PhoneService
2483-XSSMZ,OnlineSecurity
2483-XSSMZ,InternetService_DSL
8603-IJWDN,PhoneService
8603-IJWDN,MultipleLines
8603-IJWDN,StreamingMovies
8603-IJWDN,InternetService_Fiber
8165-ZJRNM,PhoneService
8165-ZJRNM,MultipleLines
9369-XFEHK,PhoneService
9369-XFEHK,MultipleLines
9369-XFEHK,OnlineBackup
9369-XFEHK,InternetService_Fiber
2604-XVDAM,PhoneService
2604-XVDAM,InternetService_DSL
3717-OFRTN,PhoneService
9046-JBFWA,PhoneService
3280-NMUVX,PhoneService
1206-EHBDD,PhoneService
1206-EHBDD,OnlineSecurity
1206-EHBDD,DeviceProtection
1206-EHBDD,InternetService_Fiber
8361-LBRDI,PhoneService
8361-LBRDI,MultipleLines
4883-KCPZJ,PhoneService
4883-KCPZJ,MultipleLines
9108-EQPNQ,PhoneService
9108-EQPNQ,MultipleLines
7277-KAMWT,PhoneService
3842-IYKUE,PhoneService
3842-IYKUE,MultipleLines
3842-IYKUE,OnlineBackup
3842-IYKUE,TechSupport
3842-IYKUE,InternetService_Fiber
6641-XRPSU,PhoneService
6641-XRPSU,InternetService_Fiber
1374-DMZUI,PhoneService
1374-DMZUI,MultipleLines
1374-DMZUI,StreamingTV
1374-DMZUI,StreamingMovies
1374-DMZUI,InternetService_Fiber
2545-LXYVJ,PhoneService
3234-VKACU,PhoneService
3234-VKACU,TechSupport
3234-VKACU,StreamingTV
3234-VKACU,StreamingMovies
3234-VKACU,InternetService_DSL
8357-EQXFO,PhoneService
8357-EQXFO,DeviceProtection
8357-EQXFO,StreamingTV
8357-EQXFO,StreamingMovies
8357-EQXFO,InternetService_Fiber
1989-PRJHP,PhoneService
1989-PRJHP,MultipleLines
1989-PRJHP,InternetService_Fiber
8120-JDCAM,PhoneService
8120-JDCAM,InternetService_Fiber
8917-FAEMR,PhoneService
7047-YXDMZ,PhoneService
2858-EIMXH,PhoneService
2858-EIMXH,MultipleLines
2858-EIMXH,StreamingTV
2858-EIMXH,StreamingMovies
2858-EIMXH,InternetService_Fiber
9524-EGPJC,PhoneService
9524-EGPJC,MultipleLines
9524-EGPJC,TechSupport
9524-EGPJC,StreamingMovies
9524-EGPJC,InternetService_Fiber
6993-OHLXR,PhoneService
6993-OHLXR,InternetService_Fiber
8818-XYFCQ,PhoneService
8818-XYFCQ,MultipleLines
8818-XYFCQ,OnlineSecurity
8818-XYFCQ,StreamingTV
8818-XYFCQ,StreamingMovies
8818-XYFCQ,InternetService_Fiber
6419-ZTTLE,PhoneService
0929-HYQEW,PhoneService
0929-HYQEW,OnlineSecurity
0929-HYQEW,InternetService_DSL
6614-YOLAC,OnlineSecurity
6614-YOLAC,OnlineBackup
6614-YOLAC,TechSupport
6614-YOLAC,StreamingTV
6614-YOLAC,StreamingMovies
6614-YOLAC,InternetService_DSL
7426-RHZGU,PhoneService
7426-RHZGU,TechSupport
7426-RHZGU,StreamingTV
7426-RHZGU,StreamingMovies
7426-RHZGU,InternetService_Fiber
4065-JJAVA,PhoneService
4065-JJAVA,OnlineBackup
4065-JJAVA,InternetService_DSL
4695-VADHF,PhoneService
4695-VADHF,DeviceProtection
4695-VADHF,StreamingMovies
4695-VADHF,InternetService_DSL
3863-IUBJR,PhoneService
3863-IUBJR,StreamingMovies
3863-IUBJR,InternetService_DSL
7649-SIJJF,PhoneService
7649-SIJJF,MultipleLines
7649-SIJJF,OnlineSecurity
7649-SIJJF,OnlineBackup
7649-SIJJF,DeviceProtection
7649-SIJJF,TechSupport
7649-SIJJF,StreamingMovies
7649-SIJJF,InternetService_DSL
9361-YNQWJ,PhoneService
9361-YNQWJ,MultipleLines
3748-FVMZZ,TechSupport
3748-FVMZZ,StreamingMovies
3748-FVMZZ,InternetService_DSL
9391-TTOYH,PhoneService
1452-XRSJV,PhoneService
1452-XRSJV,OnlineSecurity
1452-XRSJV,InternetService_DSL
3422-WJOYD,PhoneService
3422-WJOYD,OnlineSecurity
3422-WJOYD,TechSupport
3422-WJOYD,InternetService_DSL
8242-SOQUO,PhoneService
8242-SOQUO,OnlineBackup
8242-SOQUO,StreamingTV
8242-SOQUO,InternetService_Fiber
7460-ITWWP,PhoneService
7460-ITWWP,DeviceProtection
7460-ITWWP,StreamingMovies
7460-ITWWP,InternetService_Fiber
7147-AYBAA,PhoneService
7147-AYBAA,InternetService_Fiber
7868-TMWMZ,PhoneService
7868-TMWMZ,OnlineSecurity
7868-TMWMZ,OnlineBackup
7868-TMWMZ,DeviceProtection
7868-TMWMZ,TechSupport
7868-TMWMZ,StreamingTV
7868-TMWMZ,StreamingMovies
7868-TMWMZ,InternetService_Fiber
4822-RVYBB,PhoneService
4822-RVYBB,MultipleLines
4822-RVYBB,DeviceProtection
4822-RVYBB,StreamingTV
4822-RVYBB,StreamingMovies
4822-RVYBB,InternetService_Fiber
6732-FZUGP,PhoneService
6732-FZUGP,MultipleLines
6732-FZUGP,OnlineSecurity
6732-FZUGP,DeviceProtection
6732-FZUGP,StreamingTV
6732-FZUGP,InternetService_Fiber
8436-BJUMM,PhoneService
8436-BJUMM,MultipleLines
8436-BJUMM,StreamingTV
8436-BJUMM,InternetService_Fiber
4184-TJFAN,PhoneService
4184-TJFAN,OnlineSecurity
4184-TJFAN,TechSupport
4184-TJFAN,StreamingTV
4184-TJFAN,InternetService_Fiber
8329-GWVPJ,PhoneService
8329-GWVPJ,InternetService_Fiber
1352-VHKAJ,PhoneService
1352-VHKAJ,MultipleLines
1352-VHKAJ,TechSupport
1352-VHKAJ,StreamingTV
1352-VHKAJ,StreamingMovies
1352-VHKAJ,InternetService_DSL
4145-UQXUQ,PhoneService
4145-UQXUQ,DeviceProtection
4145-UQXUQ,StreamingTV
4145-UQXUQ,StreamingMovies
4145-UQXUQ,InternetService_Fiber
2632-TACXW,PhoneService
2632-TACXW,MultipleLines
8146-QQKZH,PhoneService
8146-QQKZH,OnlineSecurity
8146-QQKZH,DeviceProtection
8146-QQKZH,TechSupport
8146-QQKZH,StreamingTV
8146-QQKZH,StreamingMovies
8146-QQKZH,InternetService_DSL
1767-CJKBA,PhoneService
1767-CJKBA,MultipleLines
6445-TNRXS,PhoneService
6445-TNRXS,MultipleLines
6445-TNRXS,OnlineSecurity
6445-TNRXS,OnlineBackup
6445-TNRXS,DeviceProtection
6445-TNRXS,TechSupport
6445-TNRXS,StreamingTV
6445-TNRXS,StreamingMovies
6445-TNRXS,InternetService_Fiber
4581-LNWUM,DeviceProtection
4581-LNWUM,StreamingTV
4581-LNWUM,StreamingMovies
4581-LNWUM,InternetService_DSL
4869-EPIUS,PhoneService
4869-EPIUS,StreamingMovies
4869-EPIUS,InternetService_Fiber
9948-YPTDG,PhoneService
9948-YPTDG,OnlineSecurity
9948-YPTDG,OnlineBackup
9948-YPTDG,InternetService_Fiber
1236-WFCDV,PhoneService
1236-WFCDV,StreamingTV
1236-WFCDV,StreamingMovies
1236-WFCDV,InternetService_Fiber
1915-OAKWD,PhoneService
7296-PIXQY,PhoneService
7296-PIXQY,InternetService_Fiber
4883-QICIH,PhoneService
4883-QICIH,InternetService_Fiber
3354-OADJP,PhoneService
3354-OADJP,OnlineSecurity
3354-OADJP,TechSupport
3354-OADJP,InternetService_DSL
3524-WQDSG,PhoneService
3524-WQDSG,MultipleLines
3524-WQDSG,DeviceProtection
3524-WQDSG,StreamingTV
3524-WQDSG,StreamingMovies
3524-WQDSG,InternetService_Fiber
0810-DHDBD,PhoneService
0810-DHDBD,MultipleLines
0810-DHDBD,OnlineSecurity
0810-DHDBD,DeviceProtection
0810-DHDBD,TechSupport
0810-DHDBD,StreamingTV
0810-DHDBD,InternetService_DSL
4026-SKKHW,PhoneService
4026-SKKHW,TechSupport
4026-SKKHW,InternetService_DSL
2829-HYVZP,PhoneService
8329-IBCTI,PhoneService
1271-SJBGZ,DeviceProtection
1271-SJBGZ,TechSupport
1271-SJBGZ,StreamingMovies
1271-SJBGZ,InternetService_DSL
3845-JHAMY,StreamingMovies
3845-JHAMY,InternetService_DSL
7013-PSXHK,PhoneService
7013-PSXHK,MultipleLines
7013-PSXHK,DeviceProtection
7013-PSXHK,TechSupport
7013-PSXHK,StreamingTV
7013-PSXHK,StreamingMovies
7013-PSXHK,InternetService_DSL
5669-SRAIP,DeviceProtection
5669-SRAIP,StreamingMovies
5669-SRAIP,InternetService_DSL
5981-ITEMU,PhoneService
5981-ITEMU,MultipleLines
5981-ITEMU,StreamingTV
5981-ITEMU,StreamingMovies
5981-ITEMU,InternetService_Fiber
3486-NPGST,PhoneService
6941-PMGEP,PhoneService
6941-PMGEP,StreamingMovies
6941-PMGEP,InternetService_Fiber
1624-WOIWJ,PhoneService
1624-WOIWJ,OnlineSecurity
1624-WOIWJ,StreamingTV
1624-WOIWJ,InternetService_Fiber
2074-GKOWZ,PhoneService
2074-GKOWZ,StreamingTV
2074-GKOWZ,StreamingMovies
2074-GKOWZ,InternetService_Fiber
0376-YMCJC,PhoneService
0376-YMCJC,MultipleLines
0376-YMCJC,TechSupport
0376-YMCJC,StreamingTV
0376-YMCJC,InternetService_Fiber
6100-FJZDG,PhoneService
4829-ZLJTK,PhoneService
4829-ZLJTK,MultipleLines
4829-ZLJTK,OnlineSecurity
4829-ZLJTK,OnlineBackup
4829-ZLJTK,DeviceProtection
4829-ZLJTK,StreamingTV
4829-ZLJTK,StreamingMovies
4829-ZLJTK,InternetService_Fiber
1730-VFMWO,PhoneService
1730-VFMWO,TechSupport
1730-VFMWO,InternetService_DSL
7143-BQIBA,PhoneService
7143-BQIBA,OnlineSecurity
7143-BQIBA,TechSupport
7143-BQIBA,StreamingTV
7143-BQIBA,InternetService_DSL
3800-LYTRK,PhoneService
3800-LYTRK,OnlineSecurity
3800-LYTRK,TechSupport
3800-LYTRK,InternetService_DSL
0634-SZPQA,PhoneService
0634-SZPQA,MultipleLines
0634-SZPQA,OnlineSecurity
0634-SZPQA,StreamingTV
0634-SZPQA,InternetService_Fiber
9646-NMHXE,PhoneService
7030-NJVDP,PhoneService
7030-NJVDP,OnlineSecurity
7030-NJVDP,TechSupport
7030-NJVDP,StreamingMovies
7030-NJVDP,InternetService_Fiber
5536-RTPWK,PhoneService
5536-RTPWK,MultipleLines
5536-RTPWK,OnlineBackup
5536-RTPWK,StreamingTV
5536-RTPWK,StreamingMovies
5536-RTPWK,InternetService_Fiber
8883-GRDWQ,PhoneService
8883-GRDWQ,OnlineSecurity
8883-GRDWQ,TechSupport
8883-GRDWQ,InternetService_DSL
6166-ILMNY,PhoneService
6166-ILMNY,InternetService_Fiber
3097-NNSPB,PhoneService
3097-NNSPB,OnlineBackup
3097-NNSPB,InternetService_DSL
7771-ZONAT,DeviceProtection
7771-ZONAT,TechSupport
7771-ZONAT,StreamingTV
7771-ZONAT,StreamingMovies
7771-ZONAT,InternetService_DSL
0655-RBDUG,PhoneService
0655-RBDUG,MultipleLines
0655-RBDUG,DeviceProtection
0655-RBDUG,StreamingTV
0655-RBDUG,StreamingMovies
0655-RBDUG,InternetService_Fiber
2111-DWYHN,PhoneService
4194-WHFCB,PhoneService
4194-WHFCB,MultipleLines
4194-WHFCB,OnlineBackup
4194-WHFCB,TechSupport
4194-WHFCB,StreamingMovies
4194-WHFCB,InternetService_Fiber
4121-AGSIN,PhoneService
4121-AGSIN,MultipleLines
4361-BKAXE,PhoneService
4361-BKAXE,MultipleLines
4361-BKAXE,OnlineSecurity
4361-BKAXE,OnlineBackup
4361-BKAXE,DeviceProtection
4361-BKAXE,TechSupport
4361-BKAXE,StreamingTV
4361-BKAXE,StreamingMovies
4361-BKAXE,InternetService_Fiber
9845-PEEKO,PhoneService
9845-PEEKO,MultipleLines
9845-PEEKO,OnlineBackup
9845-PEEKO,InternetService_Fiber
0455-XFASS,PhoneService
0455-XFASS,InternetService_Fiber
0301-KOBTQ,PhoneService
1751-NCDLI,PhoneService
1751-NCDLI,MultipleLines
1751-NCDLI,DeviceProtection
1751-NCDLI,StreamingTV
1751-NCDLI,StreamingMovies
1751-NCDLI,InternetService_Fiber
4367-NUYAO,PhoneService
4367-NUYAO,MultipleLines
9878-TNQGW,PhoneService
9878-TNQGW,StreamingMovies
9878-TNQGW,InternetService_Fiber
9170-ARBTB,PhoneService
4441-NIHPT,PhoneService
4441-NIHPT,DeviceProtection
4441-NIHPT,InternetService_Fiber
8999-BOHSE,PhoneService
8999-BOHSE,StreamingTV
8999-BOHSE,StreamingMovies
8999-BOHSE,InternetService_Fiber
7241-AJHFS,PhoneService
7241-AJHFS,MultipleLines
7241-AJHFS,OnlineSecurity
7241-AJHFS,TechSupport
7241-AJHFS,InternetService_Fiber
7029-RPUAV,PhoneService
7029-RPUAV,MultipleLines
7029-RPUAV,DeviceProtection
7029-RPUAV,StreamingTV
7029-RPUAV,StreamingMovies
7029-RPUAV,InternetService_Fiber
4546-FOKWR,PhoneService
4546-FOKWR,MultipleLines
4546-FOKWR,InternetService_Fiber
9036-CSKBW,PhoneService
9036-CSKBW,MultipleLines
9036-CSKBW,OnlineSecurity
9036-CSKBW,OnlineBackup
9036-CSKBW,DeviceProtection
9036-CSKBW,StreamingTV
9036-CSKBW,StreamingMovies
9036-CSKBW,InternetService_Fiber
5832-TRLPB,PhoneService
5832-TRLPB,DeviceProtection
5832-TRLPB,TechSupport
5832-TRLPB,StreamingTV
5832-TRLPB,StreamingMovies
5832-TRLPB,InternetService_DSL
8590-YFFQO,PhoneService
8590-YFFQO,OnlineSecurity
8590-YFFQO,OnlineBackup
8590-YFFQO,DeviceProtection
8590-YFFQO,TechSupport
8590-YFFQO,InternetService_DSL
8659-IOOPU,PhoneService
8659-IOOPU,MultipleLines
8659-IOOPU,OnlineSecurity
8659-IOOPU,DeviceProtection
8659-IOOPU,TechSupport
8659-IOOPU,StreamingMovies
8659-IOOPU,InternetService_Fiber
1338-CECEE,PhoneService
1338-CECEE,MultipleLines
1338-CECEE,OnlineBackup
1338-CECEE,DeviceProtection
1338-CECEE,StreamingTV
1338-CECEE,InternetService_DSL
7439-DKZTW,PhoneService
7439-DKZTW,StreamingTV
7439-DKZTW,InternetService_Fiber
4646-QZXTF,PhoneService
4646-QZXTF,OnlineSecurity
4646-QZXTF,DeviceProtection
4646-QZXTF,TechSupport
4646-QZXTF,StreamingTV
4646-QZXTF,StreamingMovies
4646-QZXTF,InternetService_DSL
4607-CHPCA,PhoneService
4607-CHPCA,StreamingTV
4607-CHPCA,StreamingMovies
4607-CHPCA,InternetService_Fiber
9742-XOKTS,PhoneService
9742-XOKTS,MultipleLines
9742-XOKTS,OnlineSecurity
9742-XOKTS,OnlineBackup
9742-XOKTS,TechSupport
9742-XOKTS,InternetService_Fiber
6921-OZMFH,PhoneService
6921-OZMFH,MultipleLines
6921-OZMFH,TechSupport
6921-OZMFH,InternetService_DSL
9578-FOMUK,PhoneService
9578-FOMUK,MultipleLines
4712-UYOOI,PhoneService
8824-RWFXJ,PhoneService
8824-RWFXJ,OnlineBackup
8824-RWFXJ,DeviceProtection
8824-RWFXJ,InternetService_DSL
7722-CVFXN,PhoneService
7722-CVFXN,MultipleLines
7722-CVFXN,OnlineBackup
7722-CVFXN,TechSupport
7722-CVFXN,StreamingTV
7722-CVFXN,StreamingMovies
7722-CVFXN,InternetService_Fiber
8717-VCTXJ,PhoneService
7363-QTBIW,PhoneService
7363-QTBIW,StreamingMovies
7363-QTBIW,InternetService_Fiber
4159-NAAIX,PhoneService
4159-NAAIX,MultipleLines
4159-NAAIX,OnlineBackup
4159-NAAIX,StreamingTV
4159-NAAIX,StreamingMovies
4159-NAAIX,InternetService_Fiber
0971-QIFJK,PhoneService
0971-QIFJK,MultipleLines
9397-TZSHA,PhoneService
9397-TZSHA,MultipleLines
3391-JSQEW,PhoneService
3391-JSQEW,OnlineBackup
3391-JSQEW,InternetService_DSL
0343-QLUZP,OnlineSecurity
0343-QLUZP,OnlineBackup
0343-QLUZP,DeviceProtection
0343-QLUZP,InternetService_DSL
9763-PDTKK,PhoneService
9763-PDTKK,OnlineSecurity
9763-PDTKK,DeviceProtection
9763-PDTKK,TechSupport
9763-PDTKK,StreamingMovies
9763-PDTKK,InternetService_Fiber
2176-LVPNX,PhoneService
2176-LVPNX,MultipleLines
2176-LVPNX,OnlineSecurity
2176-LVPNX,OnlineBackup
2176-LVPNX,DeviceProtection
2176-LVPNX,TechSupport
2176-LVPNX,StreamingTV
2176-LVPNX,StreamingMovies
2176-LVPNX,InternetService_DSL
7627-JKIAZ,PhoneService
7627-JKIAZ,MultipleLines
7627-JKIAZ,DeviceProtection
7627-JKIAZ,InternetService_Fiber
3312-UUMZW,PhoneService
3312-UUMZW,MultipleLines
3312-UUMZW,OnlineBackup
3312-UUMZW,StreamingTV
3312-UUMZW,StreamingMovies
3312-UUMZW,InternetService_Fiber
1271-UODNO,PhoneService
1271-UODNO,MultipleLines
1271-UODNO,TechSupport
1271-UODNO,InternetService_DSL
8461-EFQYM,PhoneService
8461-EFQYM,MultipleLines
6900-RBKER,PhoneService
6900-RBKER,MultipleLines
6900-RBKER,DeviceProtection
6900-RBKER,StreamingMovies
6900-RBKER,InternetService_Fiber
6891-JPYFF,PhoneService
6891-JPYFF,MultipleLines
6891-JPYFF,OnlineSecurity
6891-JPYFF,OnlineBackup
6891-JPYFF,StreamingTV
6891-JPYFF,StreamingMovies
6891-JPYFF,InternetService_Fiber
1459-QNFQT,OnlineSecurity
1459-QNFQT,DeviceProtection
1459-QNFQT,TechSupport
1459-QNFQT,StreamingTV
1459-QNFQT,StreamingMovies
1459-QNFQT,InternetService_DSL
1047-NNCBF,PhoneService
1047-NNCBF,InternetService_Fiber
3696-XRIEN,PhoneService
3696-XRIEN,MultipleLines
3696-XRIEN,OnlineSecurity
3696-XRIEN,DeviceProtection
3696-XRIEN,TechSupport
3696-XRIEN,StreamingTV
3696-XRIEN,StreamingMovies
3696-XRIEN,InternetService_DSL
4081-DYXAV,StreamingTV
4081-DYXAV,StreamingMovies
4081-DYXAV,InternetService_DSL
0074-HDKDG,PhoneService
0074-HDKDG,OnlineSecurity
0074-HDKDG,OnlineBackup
0074-HDKDG,DeviceProtection
0074-HDKDG,InternetService_DSL
8791-GFXLZ,PhoneService
8791-GFXLZ,OnlineBackup
8791-GFXLZ,InternetService_DSL
8111-SLLHI,PhoneService
8111-SLLHI,MultipleLines
8111-SLLHI,OnlineBackup
8111-SLLHI,DeviceProtection
8111-SLLHI,StreamingTV
8111-SLLHI,StreamingMovies
8111-SLLHI,InternetService_Fiber
0927-LCSMG,PhoneService
0927-LCSMG,DeviceProtection
0927-LCSMG,InternetService_Fiber
9330-DHBFL,PhoneService
9330-DHBFL,OnlineSecurity
9330-DHBFL,OnlineBackup
9330-DHBFL,DeviceProtection
9330-DHBFL,TechSupport
9330-DHBFL,InternetService_DSL
0098-BOWSO,PhoneService
3452-ABWRL,PhoneService
3452-ABWRL,MultipleLines
3452-ABWRL,StreamingTV
3452-ABWRL,InternetService_Fiber
5859-HZYLF,PhoneService
8257-RZAHR,PhoneService
8257-RZAHR,MultipleLines
8257-RZAHR,OnlineSecurity
8257-RZAHR,StreamingTV
8257-RZAHR,InternetService_DSL
5293-WXJAK,PhoneService
5293-WXJAK,MultipleLines
5293-WXJAK,DeviceProtection
5293-WXJAK,TechSupport
5293-WXJAK,StreamingTV
5293-WXJAK,StreamingMovies
5293-WXJAK,InternetService_Fiber
3156-QLHBO,PhoneService
2208-NQBCT,PhoneService
2208-NQBCT,OnlineSecurity
2208-NQBCT,OnlineBackup
2208-NQBCT,InternetService_Fiber
1779-PWPMG,PhoneService
1779-PWPMG,MultipleLines
1779-PWPMG,OnlineSecurity
1779-PWPMG,OnlineBackup
1779-PWPMG,DeviceProtection
1779-PWPMG,TechSupport
1779-PWPMG,StreamingTV
1779-PWPMG,StreamingMovies
1779-PWPMG,InternetService_Fiber
6621-NRZAK,PhoneService
0831-JNISG,PhoneService
0774-IFUVM,PhoneService
0774-IFUVM,MultipleLines
0774-IFUVM,OnlineSecurity
0774-IFUVM,StreamingTV
0774-IFUVM,InternetService_DSL
3082-WQRVY,PhoneService
9553-DLCLU,PhoneService
9553-DLCLU,MultipleLines
9553-DLCLU,OnlineSecurity
9553-DLCLU,OnlineBackup
9553-DLCLU,DeviceProtection
9553-DLCLU,TechSupport
9553-DLCLU,StreamingTV
9553-DLCLU,StreamingMovies
9553-DLCLU,InternetService_DSL
1641-BYBTK,PhoneService
2460-NGXBJ,PhoneService
2460-NGXBJ,MultipleLines
2460-NGXBJ,InternetService_Fiber
2446-ZKVAF,PhoneService
2446-ZKVAF,MultipleLines
2446-ZKVAF,OnlineBackup
2446-ZKVAF,InternetService_DSL
0841-NULXI,StreamingMovies
0841-NULXI,InternetService_DSL
3522-CDKHF,PhoneService
3522-CDKHF,OnlineSecurity
3522-CDKHF,InternetService_Fiber
1430-SFQSA,OnlineSecurity
1430-SFQSA,TechSupport
1430-SFQSA,InternetService_DSL
0411-EZJZE,PhoneService
0411-EZJZE,MultipleLines
0411-EZJZE,StreamingTV
0411-EZJZE,InternetService_DSL
7851-WZEKY,PhoneService
7851-WZEKY,MultipleLines
7851-WZEKY,StreamingTV
7851-WZEKY,StreamingMovies
7851-WZEKY,InternetService_Fiber
8844-TONUD,PhoneService
8844-TONUD,DeviceProtection
8844-TONUD,StreamingTV
8844-TONUD,StreamingMovies
8844-TONUD,InternetService_Fiber
8807-ARQET,OnlineBackup
8807-ARQET,StreamingMovies
8807-ARQET,InternetService_DSL
8992-CEUEN,PhoneService
4320-QMLLA,PhoneService
4320-QMLLA,StreamingTV
4320-QMLLA,InternetService_DSL
8777-PVYGU,PhoneService
8777-PVYGU,OnlineSecurity
8777-PVYGU,DeviceProtection
8777-PVYGU,StreamingTV
8777-PVYGU,InternetService_DSL
8292-ITGYJ,PhoneService
8292-ITGYJ,MultipleLines
6870-ZWMNX,PhoneService
6870-ZWMNX,MultipleLines
6870-ZWMNX,OnlineBackup
6870-ZWMNX,DeviceProtection
6870-ZWMNX,TechSupport
6870-ZWMNX,StreamingTV
6870-ZWMNX,InternetService_DSL
0621-CXBKL,PhoneService
5268-DSMNQ,PhoneService
5268-DSMNQ,MultipleLines
5268-DSMNQ,OnlineBackup
5268-DSMNQ,DeviceProtection
5268-DSMNQ,StreamingTV
5268-DSMNQ,InternetService_Fiber
5334-JLAXU,PhoneService
5334-JLAXU,MultipleLines
5334-JLAXU,OnlineSecurity
5334-JLAXU,OnlineBackup
5334-JLAXU,StreamingMovies
5334-JLAXU,InternetService_Fiber
4086-YQSNZ,PhoneService
4086-YQSNZ,StreamingTV
4086-YQSNZ,InternetService_Fiber
6242-MBHPK,PhoneService
6242-MBHPK,OnlineSecurity
6242-MBHPK,StreamingTV
6242-MBHPK,StreamingMovies
6242-MBHPK,InternetService_Fiber
5868-CZJDR,OnlineBackup
5868-CZJDR,InternetService_DSL
9359-UGBTK,PhoneService
9359-UGBTK,OnlineSecurity
9359-UGBTK,DeviceProtection
9359-UGBTK,TechSupport
9359-UGBTK,StreamingMovies
9359-UGBTK,InternetService_DSL
0135-NMXAP,PhoneService
0135-NMXAP,MultipleLines
0135-NMXAP,OnlineBackup
0135-NMXAP,StreamingTV
0135-NMXAP,InternetService_Fiber
4782-OSFXZ,PhoneService
4782-OSFXZ,MultipleLines
4782-OSFXZ,OnlineSecurity
4782-OSFXZ,OnlineBackup
4782-OSFXZ,DeviceProtection
4782-OSFXZ,TechSupport
4782-OSFXZ,StreamingMovies
4782-OSFXZ,InternetService_DSL
6479-OAUSD,PhoneService
7129-ACFOG,PhoneService
7129-ACFOG,MultipleLines
7129-ACFOG,OnlineSecurity
7129-ACFOG,InternetService_DSL
4189-NAKJS,PhoneService
4189-NAKJS,MultipleLines
4189-NAKJS,InternetService_DSL
5562-BETPV,PhoneService
1282-IHQAC,OnlineBackup
1282-IHQAC,DeviceProtection
1282-IHQAC,StreamingTV
1282-IHQAC,InternetService_DSL
9127-FHJBZ,PhoneService
9127-FHJBZ,MultipleLines
9127-FHJBZ,OnlineSecurity
9127-FHJBZ,OnlineBackup
9127-FHJBZ,DeviceProtection
9127-FHJBZ,TechSupport
9127-FHJBZ,StreamingTV
9127-FHJBZ,StreamingMovies
9127-FHJBZ,InternetService_Fiber
6270-OMFIW,PhoneService
6270-OMFIW,OnlineBackup
6270-OMFIW,StreamingTV
6270-OMFIW,StreamingMovies
6270-OMFIW,InternetService_Fiber
1641-RQDAY,PhoneService
1641-RQDAY,MultipleLines
1641-RQDAY,OnlineBackup
1641-RQDAY,StreamingTV
1641-RQDAY,StreamingMovies
1641-RQDAY,InternetService_Fiber
0107-WESLM,PhoneService
6994-ORCWG,PhoneService
6994-ORCWG,MultipleLines
6994-ORCWG,OnlineBackup
6994-ORCWG,InternetService_DSL
1346-UFHAX,PhoneService
1346-UFHAX,MultipleLines
1346-UFHAX,OnlineSecurity
1346-UFHAX,InternetService_Fiber
3992-YWPKO,PhoneService
3992-YWPKO,MultipleLines
3992-YWPKO,OnlineBackup
3992-YWPKO,DeviceProtection
3992-YWPKO,TechSupport
3992-YWPKO,StreamingTV
3992-YWPKO,StreamingMovies
3992-YWPKO,InternetService_Fiber
2933-XEUJM,PhoneService
2933-XEUJM,MultipleLines
2933-XEUJM,OnlineSecurity
2933-XEUJM,DeviceProtection
2933-XEUJM,StreamingTV
2933-XEUJM,StreamingMovies
2933-XEUJM,InternetService_DSL
0125-LZQXK,PhoneService
0125-LZQXK,DeviceProtection
0125-LZQXK,TechSupport
0125-LZQXK,StreamingTV
0125-LZQXK,StreamingMovies
0125-LZQXK,InternetService_Fiber
5461-QKNTN,PhoneService
5461-QKNTN,MultipleLines
5461-QKNTN,OnlineBackup
5461-QKNTN,TechSupport
5461-QKNTN,StreamingTV
5461-QKNTN,InternetService_Fiber
4835-YSJMR,PhoneService
4835-YSJMR,TechSupport
4835-YSJMR,InternetService_DSL
8399-YNDCH,PhoneService
8399-YNDCH,DeviceProtection
8399-YNDCH,StreamingTV
8399-YNDCH,InternetService_DSL
3164-YAXFY,OnlineSecurity
3164-YAXFY,DeviceProtection
3164-YAXFY,StreamingTV
3164-YAXFY,StreamingMovies
3164-YAXFY,InternetService_DSL
0887-WBJVH,PhoneService
0887-WBJVH,TechSupport
0887-WBJVH,StreamingTV
0887-WBJVH,StreamingMovies
0887-WBJVH,InternetService_Fiber
4660-IRIBM,PhoneService
4660-IRIBM,OnlineSecurity
4660-IRIBM,DeviceProtection
4660-IRIBM,StreamingTV
4660-IRIBM,InternetService_Fiber
5673-FSSMF,PhoneService
5673-FSSMF,MultipleLines
5673-FSSMF,StreamingMovies
5673-FSSMF,InternetService_DSL
7670-ZBPOQ,PhoneService
7670-ZBPOQ,MultipleLines
7670-ZBPOQ,OnlineSecurity
7670-ZBPOQ,TechSupport
7670-ZBPOQ,InternetService_DSL
8089-UZWLX,PhoneService
8089-UZWLX,MultipleLines
8089-UZWLX,DeviceProtection
8089-UZWLX,StreamingTV
8089-UZWLX,StreamingMovies
8089-UZWLX,InternetService_Fiber
0080-OROZO,PhoneService
0080-OROZO,DeviceProtection
0080-OROZO,TechSupport
0080-OROZO,StreamingTV
0080-OROZO,StreamingMovies
0080-OROZO,InternetService_Fiber
3916-NRPAP,PhoneService
3916-NRPAP,DeviceProtection
3916-NRPAP,StreamingMovies
3916-NRPAP,InternetService_Fiber
6807-SIWJI,PhoneService
6807-SIWJI,MultipleLines
6807-SIWJI,OnlineSecurity
6807-SIWJI,OnlineBackup
6807-SIWJI,StreamingTV
6807-SIWJI,StreamingMovies
6807-SIWJI,InternetService_Fiber
8221-HVAYI,PhoneService
8221-HVAYI,MultipleLines
8221-HVAYI,OnlineSecurity
8221-HVAYI,OnlineBackup
8221-HVAYI,DeviceProtection
8221-HVAYI,TechSupport
8221-HVAYI,InternetService_DSL
1579-KLYDT,PhoneService
1579-KLYDT,MultipleLines
1579-KLYDT,DeviceProtection
1579-KLYDT,StreamingTV
1579-KLYDT,InternetService_Fiber
5232-NXPAY,PhoneService
5232-NXPAY,DeviceProtection
5232-NXPAY,TechSupport
5232-NXPAY,StreamingTV
5232-NXPAY,StreamingMovies
5232-NXPAY,InternetService_DSL
8967-SZQAS,PhoneService
8967-SZQAS,OnlineBackup
8967-SZQAS,InternetService_DSL
4468-KAZHE,PhoneService
4468-KAZHE,OnlineBackup
4468-KAZHE,StreamingMovies
4468-KAZHE,InternetService_DSL
0455-ENTCR,PhoneService
0455-ENTCR,MultipleLines
0455-ENTCR,OnlineSecurity
0455-ENTCR,OnlineBackup
0455-ENTCR,TechSupport
0455-ENTCR,StreamingTV
0455-ENTCR,StreamingMovies
0455-ENTCR,InternetService_DSL
8944-AILEF,PhoneService
5542-NKVRU,PhoneService
7126-RBHSD,PhoneService
7126-RBHSD,MultipleLines
7126-RBHSD,OnlineSecurity
7126-RBHSD,InternetService_Fiber
5370-IIVVL,PhoneService
5370-IIVVL,MultipleLines
5370-IIVVL,OnlineBackup
5370-IIVVL,TechSupport
5370-IIVVL,StreamingTV
5370-IIVVL,StreamingMovies
5370-IIVVL,InternetService_Fiber
6789-HJBWG,PhoneService
6789-HJBWG,OnlineBackup
6789-HJBWG,InternetService_DSL
3927-NLNRY,PhoneService
3927-NLNRY,OnlineBackup
3927-NLNRY,StreamingTV
3927-NLNRY,StreamingMovies
3927-NLNRY,InternetService_Fiber
9087-EYCPR,PhoneService
9087-EYCPR,MultipleLines
6791-YBNAK,InternetService_DSL
6358-LYNGM,PhoneService
6358-LYNGM,MultipleLines
6358-LYNGM,InternetService_Fiber
6077-BDPXA,PhoneService
6077-BDPXA,InternetService_Fiber
0013-MHZWF,PhoneService
0013-MHZWF,TechSupport
0013-MHZWF,StreamingTV
0013-MHZWF,StreamingMovies
0013-MHZWF,InternetService_DSL
5494-HECPR,PhoneService
5494-HECPR,StreamingTV
5494-HECPR,InternetService_Fiber
8268-YDIXR,PhoneService
8268-YDIXR,MultipleLines
8268-YDIXR,OnlineSecurity
8268-YDIXR,OnlineBackup
8268-YDIXR,DeviceProtection
8268-YDIXR,InternetService_Fiber
9824-BEMCV,PhoneService
9824-BEMCV,InternetService_Fiber
1373-ORVIZ,PhoneService
1373-ORVIZ,MultipleLines
1373-ORVIZ,TechSupport
1373-ORVIZ,StreamingMovies
1373-ORVIZ,InternetService_DSL
4291-SHSBH,PhoneService
4291-SHSBH,InternetService_Fiber
6980-IMXXE,PhoneService
9866-QEVEE,PhoneService
9866-QEVEE,MultipleLines
9866-QEVEE,StreamingMovies
9866-QEVEE,InternetService_Fiber
9897-KXHCM,PhoneService
9897-KXHCM,StreamingMovies
9897-KXHCM,InternetService_Fiber
0040-HALCW,PhoneService
0784-GTUUK,PhoneService
0784-GTUUK,MultipleLines
7979-CORPM,PhoneService
7979-CORPM,MultipleLines
7979-CORPM,OnlineBackup
7979-CORPM,StreamingTV
7979-CORPM,InternetService_Fiber
2294-DMMUS,PhoneService
2294-DMMUS,MultipleLines
2294-DMMUS,StreamingTV
2294-DMMUS,StreamingMovies
2294-DMMUS,InternetService_DSL
0872-JCPIB,PhoneService
0872-JCPIB,MultipleLines
0872-JCPIB,OnlineSecurity
0872-JCPIB,StreamingMovies
0872-JCPIB,InternetService_DSL
3055-MJDSB,InternetService_DSL
9091-WTUUY,PhoneService
9091-WTUUY,OnlineSecurity
9091-WTUUY,DeviceProtection
9091-WTUUY,TechSupport
9091-WTUUY,StreamingTV
9091-WTUUY,InternetService_DSL
1618-CFHME,PhoneService
1618-CFHME,MultipleLines
1618-CFHME,InternetService_Fiber
3165-HDOEW,PhoneService
3165-HDOEW,InternetService_DSL
6581-NQCBA,TechSupport
6581-NQCBA,StreamingTV
6581-NQCBA,StreamingMovies
6581-NQCBA,InternetService_DSL
7115-IRDHS,PhoneService
7115-IRDHS,MultipleLines
8496-DMZUK,PhoneService
8496-DMZUK,MultipleLines
8496-DMZUK,OnlineSecurity
8496-DMZUK,OnlineBackup
8496-DMZUK,DeviceProtection
8496-DMZUK,InternetService_Fiber
2040-VZIKE,PhoneService
2040-VZIKE,MultipleLines
2040-VZIKE,OnlineSecurity
2040-VZIKE,StreamingTV
2040-VZIKE,StreamingMovies
2040-VZIKE,InternetService_Fiber
9068-VPWQQ,PhoneService
9068-VPWQQ,MultipleLines
9068-VPWQQ,OnlineSecurity
9068-VPWQQ,DeviceProtection
9068-VPWQQ,TechSupport
9068-VPWQQ,StreamingMovies
9068-VPWQQ,InternetService_DSL
0178-SZBHO,PhoneService
0178-SZBHO,MultipleLines
0178-SZBHO,OnlineBackup
0178-SZBHO,StreamingTV
0178-SZBHO,InternetService_Fiber
0384-RVBPI,PhoneService
0384-RVBPI,OnlineSecurity
0384-RVBPI,DeviceProtection
0384-RVBPI,StreamingMovies
0384-RVBPI,InternetService_DSL
1689-MRZQR,PhoneService
1689-MRZQR,StreamingTV
1689-MRZQR,InternetService_Fiber
1299-AURJA,PhoneService
1299-AURJA,MultipleLines
4525-VZCZG,PhoneService
4525-VZCZG,OnlineSecurity
4525-VZCZG,OnlineBackup
4525-VZCZG,TechSupport
4525-VZCZG,StreamingTV
4525-VZCZG,StreamingMovies
4525-VZCZG,InternetService_Fiber
1543-LLLFT,PhoneService
1543-LLLFT,MultipleLines
1543-LLLFT,OnlineBackup
1543-LLLFT,DeviceProtection
1543-LLLFT,TechSupport
1543-LLLFT,StreamingTV
1543-LLLFT,InternetService_Fiber
5835-BEQEU,PhoneService
5835-BEQEU,MultipleLines
5835-BEQEU,InternetService_Fiber
2788-CJQAQ,PhoneService
5565-FILXA,PhoneService
5565-FILXA,MultipleLines
5565-FILXA,StreamingTV
5565-FILXA,StreamingMovies
5565-FILXA,InternetService_Fiber
0319-QZTCO,PhoneService
0319-QZTCO,OnlineBackup
0319-QZTCO,StreamingTV
0319-QZTCO,InternetService_DSL
2120-SMPEX,PhoneService
0096-FCPUF,PhoneService
0096-FCPUF,MultipleLines
0096-FCPUF,OnlineSecurity
0096-FCPUF,StreamingMovies
0096-FCPUF,InternetService_DSL
0668-OGMHD,OnlineSecurity
0668-OGMHD,InternetService_DSL
5552-ZNFSJ,PhoneService
5552-ZNFSJ,InternetService_DSL
2223-KAGMX,PhoneService
6507-ZJSUR,PhoneService
6507-ZJSUR,StreamingTV
6507-ZJSUR,StreamingMovies
6507-ZJSUR,InternetService_Fiber
9408-HRXRK,PhoneService
9408-HRXRK,MultipleLines
9408-HRXRK,OnlineSecurity
9408-HRXRK,OnlineBackup
9408-HRXRK,StreamingTV
9408-HRXRK,StreamingMovies
9408-HRXRK,InternetService_Fiber
5593-SUAOO,PhoneService
5593-SUAOO,MultipleLines
5593-SUAOO,OnlineBackup
5593-SUAOO,DeviceProtection
5593-SUAOO,InternetService_Fiber
7321-PKUYW,PhoneService
7321-PKUYW,MultipleLines
7321-PKUYW,TechSupport
7321-PKUYW,StreamingTV
7321-PKUYW,InternetService_Fiber
2833-SLKDQ,PhoneService
2833-SLKDQ,InternetService_DSL
6766-HFKLA,PhoneService
6766-HFKLA,MultipleLines
6766-HFKLA,DeviceProtection
6766-HFKLA,TechSupport
6766-HFKLA,StreamingTV
6766-HFKLA,StreamingMovies
6766-HFKLA,InternetService_Fiber
7595-EUIVN,PhoneService
7595-EUIVN,OnlineBackup
7595-EUIVN,InternetService_Fiber
7617-EYGLW,PhoneService
2026-TGDHM,PhoneService
2026-TGDHM,StreamingMovies
2026-TGDHM,InternetService_Fiber
9220-ZNKJI,PhoneService
9220-ZNKJI,DeviceProtection
9220-ZNKJI,TechSupport
9220-ZNKJI,StreamingTV
9220-ZNKJI,InternetService_Fiber
4030-VPZBD,TechSupport
4030-VPZBD,InternetService_DSL
2226-ICFDO,PhoneService
2226-ICFDO,MultipleLines
2226-ICFDO,OnlineSecurity
2226-ICFDO,DeviceProtection
2226-ICFDO,TechSupport
2226-ICFDO,StreamingTV
2226-ICFDO,StreamingMovies
2226-ICFDO,InternetService_DSL
0723-VSOBE,StreamingMovies
0723-VSOBE,InternetService_DSL
5529-GIBVH,PhoneService
4187-CINZD,PhoneService
4187-CINZD,OnlineBackup
4187-CINZD,StreamingTV
4187-CINZD,StreamingMovies
4187-CINZD,InternetService_Fiber
9992-UJOEL,PhoneService
9992-UJOEL,OnlineBackup
9992-UJOEL,InternetService_DSL
4741-WWJQZ,PhoneService
4741-WWJQZ,OnlineSecurity
4741-WWJQZ,TechSupport
4741-WWJQZ,InternetService_Fiber
6625-UTXEW,PhoneService
6625-UTXEW,OnlineBackup
6625-UTXEW,InternetService_DSL
6818-WOBHJ,PhoneService
6818-WOBHJ,MultipleLines
6818-WOBHJ,OnlineBackup
6818-WOBHJ,StreamingMovies
6818-WOBHJ,InternetService_Fiber
6244-BESBM,PhoneService
6244-BESBM,TechSupport
6244-BESBM,StreamingTV
6244-BESBM,StreamingMovies
6244-BESBM,InternetService_Fiber
1004-NOZNR,PhoneService
1004-NOZNR,OnlineSecurity
1004-NOZNR,StreamingTV
1004-NOZNR,StreamingMovies
1004-NOZNR,InternetService_Fiber
1251-STYSZ,PhoneService
1251-STYSZ,MultipleLines
1251-STYSZ,OnlineSecurity
1251-STYSZ,InternetService_Fiber
2612-PHGOX,PhoneService
2612-PHGOX,MultipleLines
2612-PHGOX,OnlineBackup
2612-PHGOX,DeviceProtection
2612-PHGOX,TechSupport
2612-PHGOX,StreamingTV
2612-PHGOX,InternetService_DSL
2408-TZMJL,PhoneService
2408-TZMJL,MultipleLines
2408-TZMJL,OnlineSecurity
2408-TZMJL,OnlineBackup
2408-TZMJL,DeviceProtection
2408-TZMJL,StreamingTV
2408-TZMJL,StreamingMovies
2408-TZMJL,InternetService_Fiber
8480-PPONV,PhoneService
8480-PPONV,MultipleLines
8480-PPONV,OnlineSecurity
8480-PPONV,OnlineBackup
8480-PPONV,DeviceProtection
8480-PPONV,TechSupport
8480-PPONV,StreamingTV
8480-PPONV,StreamingMovies
8480-PPONV,InternetService_Fiber
8780-IHCRN,PhoneService
8780-IHCRN,MultipleLines
4598-ZADCK,OnlineSecurity
4598-ZADCK,OnlineBackup
4598-ZADCK,DeviceProtection
4598-ZADCK,TechSupport
4598-ZADCK,StreamingTV
4598-ZADCK,InternetService_DSL
1257-SXUXQ,PhoneService
9681-KYGYB,PhoneService
9681-KYGYB,MultipleLines
9681-KYGYB,OnlineSecurity
9681-KYGYB,OnlineBackup
9681-KYGYB,DeviceProtection
9681-KYGYB,InternetService_Fiber
7182-OVLBJ,PhoneService
7182-OVLBJ,MultipleLines
7182-OVLBJ,OnlineSecurity
7182-OVLBJ,StreamingTV
7182-OVLBJ,StreamingMovies
7182-OVLBJ,InternetService_Fiber
5095-ETBRJ,PhoneService
5095-ETBRJ,OnlineSecurity
5095-ETBRJ,OnlineBackup
5095-ETBRJ,TechSupport
5095-ETBRJ,InternetService_DSL
7005-CYUIL,PhoneService
7005-CYUIL,OnlineSecurity
7005-CYUIL,OnlineBackup
7005-CYUIL,DeviceProtection
7005-CYUIL,TechSupport
7005-CYUIL,StreamingTV
7005-CYUIL,InternetService_Fiber
4821-WQOYN,PhoneService
4730-AWNAU,OnlineSecurity
4730-AWNAU,DeviceProtection
4730-AWNAU,TechSupport
4730-AWNAU,StreamingTV
4730-AWNAU,StreamingMovies
4730-AWNAU,InternetService_DSL
3452-FLHYD,PhoneService
2388-LAESQ,PhoneService
2388-LAESQ,MultipleLines
2388-LAESQ,OnlineSecurity
2388-LAESQ,OnlineBackup
2388-LAESQ,DeviceProtection
2388-LAESQ,TechSupport
2388-LAESQ,StreamingTV
2388-LAESQ,StreamingMovies
2388-LAESQ,InternetService_Fiber
9531-NSBMR,PhoneService
6260-ONULR,PhoneService
6260-ONULR,StreamingTV
6260-ONULR,StreamingMovies
6260-ONULR,InternetService_DSL
4389-UEFCZ,PhoneService
4389-UEFCZ,MultipleLines
4389-UEFCZ,OnlineSecurity
4389-UEFCZ,DeviceProtection
4389-UEFCZ,StreamingTV
4389-UEFCZ,StreamingMovies
4389-UEFCZ,InternetService_Fiber
8711-LOBKY,PhoneService
9134-CEQMF,PhoneService
9134-CEQMF,StreamingTV
9134-CEQMF,StreamingMovies
9134-CEQMF,InternetService_Fiber
8985-OOPOS,PhoneService
8985-OOPOS,DeviceProtection
8985-OOPOS,TechSupport
8985-OOPOS,StreamingTV
8985-OOPOS,StreamingMovies
8985-OOPOS,InternetService_DSL
8800-ZKRFW,PhoneService
8800-ZKRFW,MultipleLines
8800-ZKRFW,OnlineBackup
8800-ZKRFW,DeviceProtection
8800-ZKRFW,TechSupport
8800-ZKRFW,StreamingTV
8800-ZKRFW,StreamingMovies
8800-ZKRFW,InternetService_Fiber
2616-FLVQC,PhoneService
9968-FFVVH,PhoneService
9968-FFVVH,MultipleLines
9968-FFVVH,OnlineSecurity
9968-FFVVH,OnlineBackup
9968-FFVVH,DeviceProtection
9968-FFVVH,TechSupport
9968-FFVVH,InternetService_DSL
3108-PCCGG,PhoneService
3108-PCCGG,MultipleLines
3108-PCCGG,OnlineSecurity
3108-PCCGG,OnlineBackup
3108-PCCGG,DeviceProtection
3108-PCCGG,StreamingTV
3108-PCCGG,StreamingMovies
3108-PCCGG,InternetService_DSL
7993-PYKOF,PhoneService
7993-PYKOF,OnlineSecurity
7993-PYKOF,InternetService_Fiber
8390-FESFV,PhoneService
8390-FESFV,MultipleLines
8390-FESFV,OnlineBackup
8390-FESFV,DeviceProtection
8390-FESFV,TechSupport
8390-FESFV,StreamingTV
8390-FESFV,StreamingMovies
8390-FESFV,InternetService_DSL
3022-BEXHZ,PhoneService
3022-BEXHZ,MultipleLines
3022-BEXHZ,OnlineBackup
3022-BEXHZ,DeviceProtection
3022-BEXHZ,TechSupport
3022-BEXHZ,StreamingTV
3022-BEXHZ,StreamingMovies
3022-BEXHZ,InternetService_Fiber
5027-XWQHA,PhoneService
5027-XWQHA,InternetService_DSL
6248-TKCQV,PhoneService
6248-TKCQV,MultipleLines
6248-TKCQV,OnlineSecurity
6248-TKCQV,TechSupport
6248-TKCQV,StreamingTV
6248-TKCQV,StreamingMovies
6248-TKCQV,InternetService_DSL
6729-GDNGC,PhoneService
6729-GDNGC,StreamingTV
6729-GDNGC,InternetService_Fiber
6198-ZFIOJ,PhoneService
6198-ZFIOJ,MultipleLines
6198-ZFIOJ,InternetService_Fiber
5989-OMNJE,OnlineSecurity
5989-OMNJE,OnlineBackup
5989-OMNJE,DeviceProtection
5989-OMNJE,StreamingTV
5989-OMNJE,StreamingMovies
5989-OMNJE,InternetService_DSL
4566-QVRRW,PhoneService
4566-QVRRW,InternetService_DSL
1291-CUOCY,PhoneService
1291-CUOCY,MultipleLines
1291-CUOCY,OnlineBackup
1291-CUOCY,DeviceProtection
1291-CUOCY,TechSupport
1291-CUOCY,StreamingTV
1291-CUOCY,StreamingMovies
1291-CUOCY,InternetService_Fiber
9795-SHUHB,PhoneService
9795-SHUHB,OnlineSecurity
9795-SHUHB,OnlineBackup
9795-SHUHB,TechSupport
9795-SHUHB,InternetService_DSL
3230-IUALN,PhoneService
3230-IUALN,OnlineSecurity
3230-IUALN,DeviceProtection
3230-IUALN,TechSupport
3230-IUALN,StreamingTV
3230-IUALN,StreamingMovies
3230-IUALN,InternetService_DSL
0042-RLHYP,PhoneService
8519-IMDHU,PhoneService
8519-IMDHU,MultipleLines
8519-IMDHU,StreamingMovies
8519-IMDHU,InternetService_Fiber
4945-RVMTE,PhoneService
4945-RVMTE,DeviceProtection
4945-RVMTE,StreamingTV
4945-RVMTE,InternetService_DSL
0201-OAMXR,PhoneService
0201-OAMXR,MultipleLines
0201-OAMXR,OnlineSecurity
0201-OAMXR,OnlineBackup
0201-OAMXR,DeviceProtection
0201-OAMXR,TechSupport
0201-OAMXR,StreamingTV
0201-OAMXR,StreamingMovies
0201-OAMXR,InternetService_Fiber
1866-NXPSP,PhoneService
1866-NXPSP,OnlineSecurity
1866-NXPSP,OnlineBackup
1866-NXPSP,DeviceProtection
1866-NXPSP,TechSupport
1866-NXPSP,StreamingMovies
1866-NXPSP,InternetService_DSL
3372-KWFBM,PhoneService
3372-KWFBM,MultipleLines
3372-KWFBM,StreamingTV
3372-KWFBM,InternetService_Fiber
7831-QGOXH,PhoneService
7831-QGOXH,MultipleLines
7831-QGOXH,StreamingTV
7831-QGOXH,InternetService_Fiber
6393-WRYZE,PhoneService
6393-WRYZE,MultipleLines
6393-WRYZE,StreamingTV
6393-WRYZE,StreamingMovies
6393-WRYZE,InternetService_Fiber
3941-XTSKM,OnlineBackup
3941-XTSKM,DeviceProtection
3941-XTSKM,StreamingMovies
3941-XTSKM,InternetService_DSL
1661-CZBAU,PhoneService
1661-CZBAU,MultipleLines
1661-CZBAU,OnlineSecurity
1661-CZBAU,TechSupport
1661-CZBAU,StreamingMovies
1661-CZBAU,InternetService_DSL
6599-RCLCJ,PhoneService
6599-RCLCJ,MultipleLines
6599-RCLCJ,OnlineBackup
6599-RCLCJ,DeviceProtection
6599-RCLCJ,TechSupport
6599-RCLCJ,StreamingTV
6599-RCLCJ,StreamingMovies
6599-RCLCJ,InternetService_Fiber
9831-BPFRI,PhoneService
9831-BPFRI,MultipleLines
9831-BPFRI,OnlineBackup
9831-BPFRI,DeviceProtection
9831-BPFRI,TechSupport
9831-BPFRI,InternetService_Fiber
5158-RIVOP,PhoneService
9788-YTFGE,PhoneService
9277-JOOMO,PhoneService
9277-JOOMO,MultipleLines
1907-YLNYW,PhoneService
1907-YLNYW,OnlineSecurity
1907-YLNYW,DeviceProtection
1907-YLNYW,StreamingMovies
1907-YLNYW,InternetService_DSL
1725-MIMXW,PhoneService
8947-YRTDV,PhoneService
8947-YRTDV,OnlineSecurity
8947-YRTDV,OnlineBackup
8947-YRTDV,DeviceProtection
8947-YRTDV,StreamingMovies
8947-YRTDV,InternetService_Fiber
3161-ONRWK,PhoneService
3161-ONRWK,OnlineSecurity
3161-ONRWK,OnlineBackup
3161-ONRWK,DeviceProtection
3161-ONRWK,TechSupport
3161-ONRWK,InternetService_DSL
0114-RSRRW,PhoneService
4565-NLZBV,PhoneService
4565-NLZBV,MultipleLines
0031-PVLZI,PhoneService
7206-GZCDC,PhoneService
7206-GZCDC,InternetService_Fiber
6682-VCIXC,OnlineSecurity
6682-VCIXC,OnlineBackup
6682-VCIXC,TechSupport
6682-VCIXC,StreamingTV
6682-VCIXC,InternetService_DSL
4791-QRGMF,PhoneService
4791-QRGMF,MultipleLines
4791-QRGMF,DeviceProtection
4791-QRGMF,StreamingTV
4791-QRGMF,StreamingMovies
4791-QRGMF,InternetService_Fiber
6475-VHUIZ,PhoneService
6475-VHUIZ,DeviceProtection
6475-VHUIZ,TechSupport
6475-VHUIZ,InternetService_DSL
3910-MRQOY,PhoneService
0661-WCQNQ,PhoneService
0661-WCQNQ,OnlineSecurity
0661-WCQNQ,TechSupport
0661-WCQNQ,InternetService_DSL
7537-RBWEA,InternetService_DSL
4656-CAURT,PhoneService
4656-CAURT,MultipleLines
0121-SNYRK,OnlineSecurity
0121-SNYRK,TechSupport
0121-SNYRK,InternetService_DSL
1768-ZAIFU,InternetService_DSL
4671-LXRDQ,PhoneService
4671-LXRDQ,InternetService_DSL
3733-LSYCE,PhoneService
3733-LSYCE,OnlineBackup
3733-LSYCE,InternetService_Fiber
6265-FRMTQ,PhoneService
1934-SJVJK,PhoneService
3838-OZURD,PhoneService
3838-OZURD,MultipleLines
3838-OZURD,OnlineBackup
3838-OZURD,DeviceProtection
3838-OZURD,StreamingTV
3838-OZURD,StreamingMovies
3838-OZURD,InternetService_Fiber
1371-DWPAZ,OnlineSecurity
1371-DWPAZ,OnlineBackup
1371-DWPAZ,DeviceProtection
1371-DWPAZ,TechSupport
1371-DWPAZ,StreamingTV
1371-DWPAZ,InternetService_DSL
9269-CQOOL,PhoneService
9269-CQOOL,StreamingTV
9269-CQOOL,InternetService_DSL
2017-CCBLH,PhoneService
7690-KPNCU,PhoneService
7690-KPNCU,OnlineSecurity
7690-KPNCU,DeviceProtection
7690-KPNCU,StreamingTV
7690-KPNCU,StreamingMovies
7690-KPNCU,InternetService_DSL
0536-BGFMZ,PhoneService
2293-IJWPS,PhoneService
2293-IJWPS,MultipleLines
2293-IJWPS,DeviceProtection
2293-IJWPS,StreamingTV
2293-IJWPS,StreamingMovies
2293-IJWPS,InternetService_Fiber
2845-HSJCY,PhoneService
2845-HSJCY,MultipleLines
2845-HSJCY,DeviceProtection
2845-HSJCY,StreamingMovies
2845-HSJCY,InternetService_Fiber
5469-NUJUR,PhoneService
1184-PJVDB,PhoneService
1184-PJVDB,StreamingTV
1184-PJVDB,InternetService_Fiber
2625-TRCZQ,OnlineBackup
2625-TRCZQ,StreamingTV
2625-TRCZQ,StreamingMovies
2625-TRCZQ,InternetService_DSL
4102-HLENU,PhoneService
4102-HLENU,MultipleLines
4102-HLENU,OnlineSecurity
4102-HLENU,OnlineBackup
4102-HLENU,DeviceProtection
4102-HLENU,InternetService_DSL
7266-GSSJX,PhoneService
7722-VJRQD,OnlineSecurity
7722-VJRQD,DeviceProtection
7722-VJRQD,TechSupport
7722-VJRQD,StreamingTV
7722-VJRQD,StreamingMovies
7722-VJRQD,InternetService_DSL
7073-QETQY,PhoneService
9415-DPEWS,PhoneService
9415-DPEWS,MultipleLines
9415-DPEWS,TechSupport
9415-DPEWS,StreamingTV
9415-DPEWS,InternetService_Fiber
5624-RYAMH,PhoneService
0196-JTUQI,PhoneService
0196-JTUQI,MultipleLines
0196-JTUQI,InternetService_Fiber
7130-YXBRO,PhoneService
7130-YXBRO,MultipleLines
7130-YXBRO,OnlineSecurity
7130-YXBRO,OnlineBackup
7130-YXBRO,DeviceProtection
7130-YXBRO,StreamingTV
7130-YXBRO,StreamingMovies
7130-YXBRO,InternetService_Fiber
9272-LSVYH,PhoneService
9272-LSVYH,InternetService_Fiber
7943-RQCHR,PhoneService
7943-RQCHR,MultipleLines
7943-RQCHR,StreamingTV
7943-RQCHR,StreamingMovies
7943-RQCHR,InternetService_Fiber
3793-MMFUH,PhoneService
3793-MMFUH,MultipleLines
3793-MMFUH,StreamingTV
3793-MMFUH,StreamingMovies
3793-MMFUH,InternetService_Fiber
3249-ZPQRG,PhoneService
3249-ZPQRG,MultipleLines
3249-ZPQRG,OnlineBackup
3249-ZPQRG,InternetService_Fiber
2568-BRGYX,PhoneService
2568-BRGYX,InternetService_Fiber
3084-DOWLE,PhoneService
3084-DOWLE,MultipleLines
3084-DOWLE,OnlineSecurity
3084-DOWLE,OnlineBackup
3084-DOWLE,DeviceProtection
3084-DOWLE,TechSupport
3084-DOWLE,StreamingTV
3084-DOWLE,StreamingMovies
3084-DOWLE,InternetService_DSL
1084-MNSMJ,PhoneService
1084-MNSMJ,OnlineSecurity
1084-MNSMJ,OnlineBackup
1084-MNSMJ,DeviceProtection
1084-MNSMJ,TechSupport
1084-MNSMJ,StreamingTV
1084-MNSMJ,StreamingMovies
1084-MNSMJ,InternetService_DSL
7721-JXEAW,OnlineBackup
7721-JXEAW,StreamingMovies
7721-JXEAW,InternetService_DSL
7249-WBIYX,PhoneService
7249-WBIYX,MultipleLines
7249-WBIYX,StreamingTV
7249-WBIYX,InternetService_Fiber
4238-HFHSN,PhoneService
4238-HFHSN,MultipleLines
4238-HFHSN,OnlineBackup
4238-HFHSN,InternetService_Fiber
6250-CGGUN,PhoneService
6250-CGGUN,OnlineSecurity
6250-CGGUN,DeviceProtection
6250-CGGUN,TechSupport
6250-CGGUN,InternetService_Fiber
5478-JJVZK,PhoneService
5478-JJVZK,MultipleLines
5478-JJVZK,OnlineSecurity
5478-JJVZK,OnlineBackup
5478-JJVZK,InternetService_DSL
7596-IIWYC,PhoneService
6567-HOOPW,PhoneService
6567-HOOPW,StreamingTV
6567-HOOPW,InternetService_Fiber
9793-WECQC,PhoneService
9793-WECQC,OnlineBackup
9793-WECQC,StreamingTV
9793-WECQC,StreamingMovies
9793-WECQC,InternetService_Fiber
4291-HPAXL,PhoneService
8999-YPYBV,PhoneService
8999-YPYBV,OnlineSecurity
8999-YPYBV,OnlineBackup
8999-YPYBV,DeviceProtection
8999-YPYBV,TechSupport
8999-YPYBV,StreamingTV
8999-YPYBV,StreamingMovies
8999-YPYBV,InternetService_DSL
1839-FBNFR,PhoneService
3164-AALRN,PhoneService
3164-AALRN,DeviceProtection
3164-AALRN,StreamingTV
3164-AALRN,StreamingMovies
3164-AALRN,InternetService_DSL
3071-MVJCD,PhoneService
3071-MVJCD,MultipleLines
3071-MVJCD,OnlineSecurity
3071-MVJCD,OnlineBackup
3071-MVJCD,DeviceProtection
3071-MVJCD,TechSupport
3071-MVJCD,StreamingTV
3071-MVJCD,InternetService_DSL
1697-BCSHV,PhoneService
1697-BCSHV,MultipleLines
1697-BCSHV,OnlineBackup
1697-BCSHV,StreamingTV
1697-BCSHV,InternetService_DSL
0562-KBDVM,OnlineSecurity
0562-KBDVM,OnlineBackup
0562-KBDVM,DeviceProtection
0562-KBDVM,TechSupport
0562-KBDVM,InternetService_DSL
1131-SUEKT,PhoneService
1131-SUEKT,OnlineBackup
1131-SUEKT,TechSupport
1131-SUEKT,StreamingTV
1131-SUEKT,StreamingMovies
1131-SUEKT,InternetService_Fiber
3717-OEAUQ,PhoneService
3717-OEAUQ,InternetService_Fiber
4538-WNTMJ,PhoneService
4538-WNTMJ,MultipleLines
3334-CTHOL,PhoneService
3334-CTHOL,MultipleLines
3334-CTHOL,InternetService_DSL
4704-ERYFC,PhoneService
4704-ERYFC,InternetService_Fiber
9432-RUVSL,PhoneService
9432-RUVSL,OnlineSecurity
9432-RUVSL,DeviceProtection
9432-RUVSL,TechSupport
9432-RUVSL,StreamingTV
9432-RUVSL,StreamingMovies
9432-RUVSL,InternetService_Fiber
8060-HIWJJ,PhoneService
8060-HIWJJ,MultipleLines
8060-HIWJJ,OnlineBackup
8060-HIWJJ,DeviceProtection
8060-HIWJJ,TechSupport
8060-HIWJJ,StreamingTV
8060-HIWJJ,StreamingMovies
8060-HIWJJ,InternetService_DSL
7684-XSZIY,PhoneService
7684-XSZIY,MultipleLines
9089-UOWJG,PhoneService
9089-UOWJG,DeviceProtection
9089-UOWJG,StreamingTV
9089-UOWJG,InternetService_DSL
8621-MNIHH,PhoneService
8621-MNIHH,MultipleLines
8621-MNIHH,OnlineBackup
8621-MNIHH,DeviceProtection
8621-MNIHH,StreamingMovies
8621-MNIHH,InternetService_Fiber
8039-ACLPL,PhoneService
8039-ACLPL,OnlineSecurity
8039-ACLPL,OnlineBackup
8039-ACLPL,DeviceProtection
8039-ACLPL,StreamingMovies
8039-ACLPL,InternetService_DSL
9885-AIBVB,PhoneService
9885-AIBVB,MultipleLines
9885-AIBVB,OnlineBackup
9885-AIBVB,DeviceProtection
9885-AIBVB,InternetService_Fiber
1934-MKPXS,PhoneService
2592-YKDIF,PhoneService
2272-JKMSI,PhoneService
2272-JKMSI,MultipleLines
2272-JKMSI,OnlineBackup
2272-JKMSI,DeviceProtection
2272-JKMSI,TechSupport
2272-JKMSI,StreamingTV
2272-JKMSI,StreamingMovies
2272-JKMSI,InternetService_Fiber
0471-LVHGK,PhoneService
0471-LVHGK,MultipleLines
0471-LVHGK,DeviceProtection
0471-LVHGK,StreamingTV
0471-LVHGK,StreamingMovies
0471-LVHGK,InternetService_DSL
9518-RWHZL,PhoneService
9518-RWHZL,MultipleLines
9518-RWHZL,DeviceProtection
9518-RWHZL,StreamingTV
9518-RWHZL,StreamingMovies
9518-RWHZL,InternetService_Fiber
8714-CTZJW,PhoneService
8714-CTZJW,DeviceProtection
8714-CTZJW,StreamingMovies
8714-CTZJW,InternetService_Fiber
3569-EDBPQ,PhoneService
3569-EDBPQ,MultipleLines
3569-EDBPQ,OnlineSecurity
3569-EDBPQ,TechSupport
3569-EDBPQ,InternetService_Fiber
3131-NWVFJ,PhoneService
7521-YXVZY,PhoneService
5419-CONWX,PhoneService
5419-CONWX,OnlineBackup
5419-CONWX,DeviceProtection
5419-CONWX,StreamingTV
5419-CONWX,StreamingMovies
5419-CONWX,InternetService_Fiber
6240-EURKS,StreamingMovies
6240-EURKS,InternetService_DSL
2373-NTKOD,PhoneService
2373-NTKOD,StreamingTV
2373-NTKOD,StreamingMovies
2373-NTKOD,InternetService_DSL
1970-KKFWL,PhoneService
1970-KKFWL,MultipleLines
6960-HVYXR,PhoneService
6960-HVYXR,MultipleLines
6960-HVYXR,InternetService_Fiber
9337-SRRNI,PhoneService
9337-SRRNI,MultipleLines
0895-UADGO,OnlineSecurity
0895-UADGO,TechSupport
0895-UADGO,StreamingMovies
0895-UADGO,InternetService_DSL
5678-VFNEQ,PhoneService
5678-VFNEQ,MultipleLines
5678-VFNEQ,OnlineSecurity
5678-VFNEQ,DeviceProtection
5678-VFNEQ,StreamingTV
5678-VFNEQ,StreamingMovies
5678-VFNEQ,InternetService_Fiber
5977-CKHON,PhoneService
5977-CKHON,MultipleLines
5977-CKHON,DeviceProtection
5977-CKHON,StreamingMovies
5977-CKHON,InternetService_Fiber
7024-OHCCK,PhoneService
7024-OHCCK,MultipleLines
7024-OHCCK,StreamingTV
7024-OHCCK,StreamingMovies
7024-OHCCK,InternetService_Fiber
2692-BUCFV,PhoneService
2692-BUCFV,OnlineBackup
2692-BUCFV,DeviceProtection
2692-BUCFV,StreamingTV
2692-BUCFV,StreamingMovies
2692-BUCFV,InternetService_Fiber
7861-UVUFT,PhoneService
7861-UVUFT,DeviceProtection
7861-UVUFT,StreamingTV
7861-UVUFT,InternetService_Fiber
1830-GGFNM,PhoneService
1830-GGFNM,MultipleLines
1830-GGFNM,OnlineSecurity
1830-GGFNM,OnlineBackup
1830-GGFNM,DeviceProtection
1830-GGFNM,TechSupport
1830-GGFNM,InternetService_Fiber
5302-BDJNT,PhoneService
5302-BDJNT,MultipleLines
5302-BDJNT,DeviceProtection
5302-BDJNT,TechSupport
5302-BDJNT,StreamingTV
5302-BDJNT,InternetService_Fiber
5223-UZAVK,PhoneService
5223-UZAVK,OnlineSecurity
5223-UZAVK,OnlineBackup
5223-UZAVK,StreamingTV
5223-UZAVK,StreamingMovies
5223-UZAVK,InternetService_Fiber
4859-ZSRDZ,DeviceProtection
4859-ZSRDZ,TechSupport
4859-ZSRDZ,StreamingTV
4859-ZSRDZ,StreamingMovies
4859-ZSRDZ,InternetService_DSL
5651-WYIPH,PhoneService
5651-WYIPH,OnlineBackup
5651-WYIPH,InternetService_DSL
9350-VLHMB,PhoneService
9350-VLHMB,MultipleLines
9350-VLHMB,OnlineBackup
9350-VLHMB,StreamingMovies
9350-VLHMB,InternetService_Fiber
3498-LZGQZ,PhoneService
8785-CJSHH,PhoneService
8785-CJSHH,MultipleLines
8785-CJSHH,OnlineBackup
8785-CJSHH,StreamingTV
8785-CJSHH,StreamingMovies
8785-CJSHH,InternetService_Fiber
5357-TZHPP,PhoneService
5357-TZHPP,MultipleLines
5357-TZHPP,StreamingMovies
5357-TZHPP,InternetService_Fiber
3870-SPZSI,PhoneService
3870-SPZSI,MultipleLines
3870-SPZSI,OnlineSecurity
3870-SPZSI,OnlineBackup
3870-SPZSI,DeviceProtection
3870-SPZSI,TechSupport
3870-SPZSI,StreamingTV
3870-SPZSI,StreamingMovies
3870-SPZSI,InternetService_Fiber
0680-DFNNY,PhoneService
0680-DFNNY,MultipleLines
0680-DFNNY,DeviceProtection
0680-DFNNY,StreamingTV
0680-DFNNY,StreamingMovies
0680-DFNNY,InternetService_Fiber
7560-QRBXH,PhoneService
7077-XJMET,PhoneService
7077-XJMET,DeviceProtection
7077-XJMET,TechSupport
7077-XJMET,StreamingTV
7077-XJMET,StreamingMovies
7077-XJMET,InternetService_DSL
8752-GHJFU,PhoneService
8752-GHJFU,MultipleLines
8752-GHJFU,OnlineSecurity
8752-GHJFU,OnlineBackup
8752-GHJFU,DeviceProtection
8752-GHJFU,TechSupport
8752-GHJFU,InternetService_Fiber
6896-SRVYQ,PhoneService
6896-SRVYQ,DeviceProtection
6896-SRVYQ,InternetService_Fiber
7767-UXAGJ,PhoneService
7767-UXAGJ,MultipleLines
7767-UXAGJ,InternetService_DSL
4652-ODEVH,PhoneService
4652-ODEVH,MultipleLines
6510-UPNKS,PhoneService
6510-UPNKS,MultipleLines
6718-BDGHG,PhoneService
6718-BDGHG,MultipleLines
6718-BDGHG,TechSupport
6718-BDGHG,StreamingTV
6718-BDGHG,InternetService_DSL
9046-DQMTP,PhoneService
6439-LAJXL,PhoneService
6439-LAJXL,OnlineSecurity
6439-LAJXL,OnlineBackup
6439-LAJXL,TechSupport
6439-LAJXL,StreamingTV
6439-LAJXL,InternetService_DSL
1571-SAVHK,PhoneService
1571-SAVHK,MultipleLines
1571-SAVHK,TechSupport
1571-SAVHK,StreamingTV
1571-SAVHK,StreamingMovies
1571-SAVHK,InternetService_Fiber
9052-VKDUW,PhoneService
9052-VKDUW,MultipleLines
9052-VKDUW,OnlineSecurity
9052-VKDUW,OnlineBackup
9052-VKDUW,DeviceProtection
9052-VKDUW,StreamingTV
9052-VKDUW,StreamingMovies
9052-VKDUW,InternetService_Fiber
9546-CQJSU,PhoneService
9546-CQJSU,MultipleLines
9546-CQJSU,DeviceProtection
9546-CQJSU,StreamingTV
9546-CQJSU,InternetService_Fiber
1666-JZPZT,PhoneService
1666-JZPZT,MultipleLines
1666-JZPZT,InternetService_DSL
5777-KJIRB,PhoneService
5777-KJIRB,DeviceProtection
5777-KJIRB,InternetService_DSL
0506-LVNGN,PhoneService
0506-LVNGN,DeviceProtection
0506-LVNGN,InternetService_Fiber
7677-SJJJK,PhoneService
2480-EJWYP,PhoneService
2480-EJWYP,MultipleLines
2480-EJWYP,OnlineBackup
2480-EJWYP,StreamingTV
2480-EJWYP,StreamingMovies
2480-EJWYP,InternetService_Fiber
3253-HKOKL,PhoneService
3253-HKOKL,OnlineSecurity
3253-HKOKL,DeviceProtection
3253-HKOKL,StreamingTV
3253-HKOKL,StreamingMovies
3253-HKOKL,InternetService_Fiber
7055-HNEOJ,PhoneService
7055-HNEOJ,DeviceProtection
7055-HNEOJ,TechSupport
7055-HNEOJ,InternetService_DSL
5514-YQENT,PhoneService
5514-YQENT,OnlineSecurity
5514-YQENT,OnlineBackup
5514-YQENT,DeviceProtection
5514-YQENT,TechSupport
5514-YQENT,StreamingTV
5514-YQENT,StreamingMovies
5514-YQENT,InternetService_Fiber
3211-AAPKX,PhoneService
3211-AAPKX,MultipleLines
3211-AAPKX,TechSupport
3211-AAPKX,StreamingTV
3211-AAPKX,StreamingMovies
3211-AAPKX,InternetService_Fiber
8445-DNBAE,PhoneService
8445-DNBAE,MultipleLines
8445-DNBAE,InternetService_DSL
2951-QOQTK,PhoneService
2951-QOQTK,MultipleLines
2951-QOQTK,TechSupport
2951-QOQTK,InternetService_Fiber
2958-NHPPS,PhoneService
6806-YDEUL,PhoneService
1735-XMJVH,PhoneService
6890-PFRQX,PhoneService
6890-PFRQX,MultipleLines
6890-PFRQX,OnlineSecurity
6890-PFRQX,DeviceProtection
6890-PFRQX,StreamingTV
6890-PFRQX,InternetService_DSL
0222-CNVPT,OnlineSecurity
0222-CNVPT,StreamingTV
0222-CNVPT,StreamingMovies
0222-CNVPT,InternetService_DSL
5899-OUVKV,PhoneService
5899-OUVKV,OnlineBackup
5899-OUVKV,StreamingTV
5899-OUVKV,StreamingMovies
5899-OUVKV,InternetService_Fiber
8681-ICONS,PhoneService
1621-YNCJH,PhoneService
1621-YNCJH,MultipleLines
1621-YNCJH,OnlineSecurity
1621-YNCJH,OnlineBackup
1621-YNCJH,DeviceProtection
1621-YNCJH,TechSupport
1621-YNCJH,StreamingMovies
1621-YNCJH,InternetService_Fiber
3473-XIIIT,PhoneService
3473-XIIIT,MultipleLines
3473-XIIIT,OnlineBackup
3473-XIIIT,StreamingTV
3473-XIIIT,StreamingMovies
3473-XIIIT,InternetService_Fiber
6362-QHAFM,PhoneService
6362-QHAFM,MultipleLines
6362-QHAFM,DeviceProtection
6362-QHAFM,TechSupport
6362-QHAFM,StreamingTV
6362-QHAFM,StreamingMovies
6362-QHAFM,InternetService_Fiber
7893-IXHRQ,PhoneService
3070-BDOQC,PhoneService
3070-BDOQC,OnlineBackup
3070-BDOQC,DeviceProtection
3070-BDOQC,StreamingTV
3070-BDOQC,StreamingMovies
3070-BDOQC,InternetService_Fiber
2952-QAYZF,PhoneService
2952-QAYZF,MultipleLines
2952-QAYZF,OnlineBackup
2952-QAYZF,DeviceProtection
2952-QAYZF,InternetService_Fiber
6234-PFPXL,PhoneService
6234-PFPXL,MultipleLines
6234-PFPXL,OnlineSecurity
6234-PFPXL,TechSupport
6234-PFPXL,StreamingTV
6234-PFPXL,InternetService_Fiber
9824-QCJPK,PhoneService
4763-PGDPO,PhoneService
4763-PGDPO,InternetService_Fiber
4283-IVYCI,PhoneService
4283-IVYCI,OnlineSecurity
4283-IVYCI,TechSupport
4283-IVYCI,StreamingMovies
4283-IVYCI,InternetService_DSL
1866-OBPNR,PhoneService
1866-OBPNR,OnlineBackup
1866-OBPNR,InternetService_Fiber
8205-MQUGY,PhoneService
8205-MQUGY,OnlineSecurity
8205-MQUGY,InternetService_DSL
8970-ANWXO,PhoneService
8970-ANWXO,MultipleLines
8970-ANWXO,TechSupport
8970-ANWXO,StreamingTV
8970-ANWXO,StreamingMovies
8970-ANWXO,InternetService_DSL
9480-BQJEI,PhoneService
9480-BQJEI,MultipleLines
9480-BQJEI,OnlineSecurity
9480-BQJEI,OnlineBackup
9480-BQJEI,StreamingMovies
9480-BQJEI,InternetService_Fiber
5394-SVGJV,PhoneService
5394-SVGJV,MultipleLines
5394-SVGJV,TechSupport
5394-SVGJV,StreamingTV
5394-SVGJV,StreamingMovies
5394-SVGJV,InternetService_Fiber
6979-TNDEU,PhoneService
9777-WJJPR,PhoneService
9777-WJJPR,MultipleLines
9777-WJJPR,DeviceProtection
9777-WJJPR,StreamingTV
9777-WJJPR,InternetService_Fiber
9283-LZQOH,PhoneService
9283-LZQOH,MultipleLines
9283-LZQOH,InternetService_Fiber
7079-QRCBC,PhoneService
7079-QRCBC,MultipleLines
7079-QRCBC,DeviceProtection
7079-QRCBC,StreamingTV
7079-QRCBC,StreamingMovies
7079-QRCBC,InternetService_Fiber
9495-SKLKD,PhoneService
9495-SKLKD,MultipleLines
9495-SKLKD,OnlineBackup
9495-SKLKD,DeviceProtection
9495-SKLKD,StreamingMovies
9495-SKLKD,InternetService_Fiber
6048-UWKAL,PhoneService
6048-UWKAL,MultipleLines
6048-UWKAL,OnlineBackup
6048-UWKAL,TechSupport
6048-UWKAL,StreamingTV
6048-UWKAL,StreamingMovies
6048-UWKAL,InternetService_Fiber
5067-DGXLL,PhoneService
5469-CTCWN,PhoneService
5469-CTCWN,MultipleLines
5469-CTCWN,OnlineSecurity
5469-CTCWN,OnlineBackup
5469-CTCWN,StreamingTV
5469-CTCWN,StreamingMovies
5469-CTCWN,InternetService_Fiber
9851-QXEEQ,PhoneService
9851-QXEEQ,MultipleLines
9851-QXEEQ,OnlineBackup
9851-QXEEQ,DeviceProtection
9851-QXEEQ,StreamingTV
9851-QXEEQ,StreamingMovies
9851-QXEEQ,InternetService_Fiber
6281-FKEWS,DeviceProtection
6281-FKEWS,StreamingTV
6281-FKEWS,StreamingMovies
6281-FKEWS,InternetService_DSL
8898-KASCD,DeviceProtection
8898-KASCD,TechSupport
8898-KASCD,InternetService_DSL
9242-TKFSV,OnlineSecurity
9242-TKFSV,OnlineBackup
9242-TKFSV,DeviceProtection
9242-TKFSV,TechSupport
9242-TKFSV,StreamingTV
9242-TKFSV,StreamingMovies
9242-TKFSV,InternetService_DSL
9290-SHCMB,PhoneService
9290-SHCMB,DeviceProtection
9290-SHCMB,StreamingTV
9290-SHCMB,StreamingMovies
9290-SHCMB,InternetService_Fiber
0743-HNPFG,PhoneService
0743-HNPFG,OnlineSecurity
0743-HNPFG,OnlineBackup
0743-HNPFG,TechSupport
0743-HNPFG,StreamingMovies
0743-HNPFG,InternetService_DSL
2277-BKJKN,PhoneService
2277-BKJKN,OnlineBackup
2277-BKJKN,DeviceProtection
2277-BKJKN,StreamingTV
2277-BKJKN,StreamingMovies
2277-BKJKN,InternetService_Fiber
9809-IMGCQ,PhoneService
9809-IMGCQ,MultipleLines
9809-IMGCQ,StreamingTV
9809-IMGCQ,StreamingMovies
9809-IMGCQ,InternetService_Fiber
5208-HFSBT,PhoneService
5208-HFSBT,OnlineBackup
5208-HFSBT,TechSupport
5208-HFSBT,InternetService_DSL
5035-PGZXH,PhoneService
5035-PGZXH,MultipleLines
5035-PGZXH,OnlineBackup
5035-PGZXH,DeviceProtection
5035-PGZXH,StreamingTV
5035-PGZXH,StreamingMovies
5035-PGZXH,InternetService_Fiber
8695-WDYEA,PhoneService
8695-WDYEA,OnlineSecurity
8695-WDYEA,InternetService_DSL
6543-JXSOO,PhoneService
6543-JXSOO,OnlineSecurity
6543-JXSOO,OnlineBackup
6543-JXSOO,TechSupport
6543-JXSOO,InternetService_DSL
8016-ZMGMO,PhoneService
8016-ZMGMO,MultipleLines
8016-ZMGMO,OnlineBackup
8016-ZMGMO,DeviceProtection
8016-ZMGMO,StreamingTV
8016-ZMGMO,InternetService_DSL
8605-ITULD,PhoneService
3254-YRILK,PhoneService
3254-YRILK,MultipleLines
3254-YRILK,OnlineBackup
3254-YRILK,StreamingTV
3254-YRILK,InternetService_Fiber
6416-YJTTB,PhoneService
6416-YJTTB,OnlineSecurity
6416-YJTTB,DeviceProtection
6416-YJTTB,InternetService_Fiber
2667-WYLWJ,PhoneService
4472-VESGY,PhoneService
4472-VESGY,MultipleLines
4472-VESGY,OnlineSecurity
4472-VESGY,OnlineBackup
4472-VESGY,DeviceProtection
4472-VESGY,StreamingMovies
4472-VESGY,InternetService_Fiber
3195-TQDZX,PhoneService
3128-YOVTD,PhoneService
3128-YOVTD,OnlineSecurity
3128-YOVTD,OnlineBackup
3128-YOVTD,InternetService_Fiber
0529-ONKER,PhoneService
0529-ONKER,MultipleLines
0529-ONKER,InternetService_Fiber
1728-CXQBE,PhoneService
1728-CXQBE,MultipleLines
1728-CXQBE,OnlineBackup
1728-CXQBE,DeviceProtection
1728-CXQBE,StreamingMovies
1728-CXQBE,InternetService_Fiber
7041-TXQJH,DeviceProtection
7041-TXQJH,StreamingMovies
7041-TXQJH,InternetService_DSL
5014-GSOUQ,PhoneService
5724-BIDBU,PhoneService
5724-BIDBU,MultipleLines
5724-BIDBU,OnlineSecurity
5724-BIDBU,InternetService_DSL
0481-SUMCB,PhoneService
0481-SUMCB,MultipleLines
0481-SUMCB,DeviceProtection
0481-SUMCB,StreamingTV
0481-SUMCB,StreamingMovies
0481-SUMCB,InternetService_Fiber
1769-GRUIK,PhoneService
1769-GRUIK,InternetService_Fiber
5240-IJOQT,PhoneService
5240-IJOQT,MultipleLines
5240-IJOQT,InternetService_Fiber
8819-WFGGJ,OnlineSecurity
8819-WFGGJ,DeviceProtection
8819-WFGGJ,StreamingTV
8819-WFGGJ,StreamingMovies
8819-WFGGJ,InternetService_DSL
7427-AUFPY,PhoneService
2811-POVEX,PhoneService
2811-POVEX,OnlineBackup
2811-POVEX,DeviceProtection
2811-POVEX,StreamingMovies
2811-POVEX,InternetService_Fiber
1092-GANHU,PhoneService
1092-GANHU,DeviceProtection
1092-GANHU,InternetService_Fiber
7898-PDWQE,PhoneService
7898-PDWQE,MultipleLines
7898-PDWQE,OnlineSecurity
7898-PDWQE,OnlineBackup
7898-PDWQE,DeviceProtection
7898-PDWQE,TechSupport
7898-PDWQE,StreamingMovies
7898-PDWQE,InternetService_DSL
9972-EWRJS,PhoneService
9314-IJWSQ,PhoneService
9314-IJWSQ,MultipleLines
9314-IJWSQ,StreamingTV
9314-IJWSQ,InternetService_Fiber
0661-XEYAN,InternetService_DSL
5799-JRCZO,PhoneService
1921-KYSAY,PhoneService
1921-KYSAY,MultipleLines
1921-KYSAY,DeviceProtection
1921-KYSAY,TechSupport
1921-KYSAY,StreamingMovies
1921-KYSAY,InternetService_DSL
6198-RTPMF,PhoneService
6198-RTPMF,MultipleLines
6198-RTPMF,StreamingTV
6198-RTPMF,StreamingMovies
6198-RTPMF,InternetService_Fiber
2924-KHUVI,PhoneService
2924-KHUVI,MultipleLines
2924-KHUVI,OnlineSecurity
2924-KHUVI,StreamingTV
2924-KHUVI,StreamingMovies
2924-KHUVI,InternetService_Fiber
1925-GMVBW,PhoneService
7881-EVUAD,OnlineSecurity
7881-EVUAD,OnlineBackup
7881-EVUAD,StreamingMovies
7881-EVUAD,InternetService_DSL
6184-DYUOB,PhoneService
9207-ZPANB,PhoneService
9207-ZPANB,MultipleLines
9207-ZPANB,OnlineSecurity
9207-ZPANB,OnlineBackup
9207-ZPANB,DeviceProtection
9207-ZPANB,TechSupport
9207-ZPANB,InternetService_DSL
5766-XQXMQ,PhoneService
5766-XQXMQ,OnlineSecurity
5766-XQXMQ,OnlineBackup
5766-XQXMQ,DeviceProtection
5766-XQXMQ,StreamingMovies
5766-XQXMQ,InternetService_DSL
9327-QSDED,PhoneService
9327-QSDED,InternetService_DSL
1656-DRSMG,PhoneService
1656-DRSMG,MultipleLines
1656-DRSMG,OnlineBackup
1656-DRSMG,DeviceProtection
1656-DRSMG,TechSupport
1656-DRSMG,StreamingTV
1656-DRSMG,StreamingMovies
1656-DRSMG,InternetService_Fiber
3012-VFFMN,PhoneService
2984-AFWNC,PhoneService
2984-AFWNC,OnlineBackup
2984-AFWNC,StreamingTV
2984-AFWNC,StreamingMovies
2984-AFWNC,InternetService_Fiber
0640-YJTPY,PhoneService
8096-LOIST,PhoneService
8096-LOIST,StreamingMovies
8096-LOIST,InternetService_DSL
9764-REAFF,PhoneService
3703-VAVCL,PhoneService
3703-VAVCL,DeviceProtection
3703-VAVCL,TechSupport
3703-VAVCL,StreamingMovies
3703-VAVCL,InternetService_Fiber
7107-UBYKY,PhoneService
7107-UBYKY,MultipleLines
4881-GQJTW,PhoneService
8519-QJGJD,PhoneService
8519-QJGJD,DeviceProtection
8519-QJGJD,InternetService_Fiber
7876-DNYAP,PhoneService
7905-NJMXS,PhoneService
7905-NJMXS,MultipleLines
7905-NJMXS,OnlineSecurity
7905-NJMXS,OnlineBackup
7905-NJMXS,TechSupport
7905-NJMXS,InternetService_DSL
2882-WDTBA,PhoneService
2882-WDTBA,OnlineSecurity
2882-WDTBA,OnlineBackup
2882-WDTBA,DeviceProtection
2882-WDTBA,TechSupport
2882-WDTBA,StreamingTV
2882-WDTBA,InternetService_DSL
2091-GPPIQ,PhoneService
2091-GPPIQ,MultipleLines
2091-GPPIQ,OnlineBackup
2091-GPPIQ,TechSupport
2091-GPPIQ,StreamingTV
2091-GPPIQ,StreamingMovies
2091-GPPIQ,InternetService_DSL
6326-MTTXK,PhoneService
6326-MTTXK,MultipleLines
6326-MTTXK,OnlineBackup
6326-MTTXK,StreamingTV
6326-MTTXK,StreamingMovies
6326-MTTXK,InternetService_Fiber
5071-FBJFS,PhoneService
5071-FBJFS,OnlineSecurity
5071-FBJFS,InternetService_DSL
2796-UUZZO,PhoneService
2796-UUZZO,OnlineBackup
2796-UUZZO,DeviceProtection
2796-UUZZO,InternetService_Fiber
2429-AYKKO,PhoneService
9798-OPFEM,PhoneService
0330-IVZHA,PhoneService
0330-IVZHA,InternetService_Fiber
3794-NFNCH,PhoneService
3794-NFNCH,DeviceProtection
3794-NFNCH,InternetService_DSL
5193-QLVZB,PhoneService
5193-QLVZB,MultipleLines
5193-QLVZB,OnlineBackup
5193-QLVZB,DeviceProtection
5193-QLVZB,StreamingTV
5193-QLVZB,StreamingMovies
5193-QLVZB,InternetService_Fiber
7114-AEOZE,PhoneService
2886-KEFUM,PhoneService
2886-KEFUM,MultipleLines
2886-KEFUM,OnlineBackup
2886-KEFUM,DeviceProtection
2886-KEFUM,StreamingTV
2886-KEFUM,StreamingMovies
2886-KEFUM,InternetService_Fiber
5522-NYKPB,PhoneService
5522-NYKPB,TechSupport
5522-NYKPB,StreamingTV
5522-NYKPB,InternetService_Fiber
4237-RLAQD,PhoneService
4237-RLAQD,InternetService_DSL
9957-YODKZ,PhoneService
9957-YODKZ,MultipleLines
9957-YODKZ,DeviceProtection
9957-YODKZ,InternetService_Fiber
6518-KZXCB,PhoneService
6518-KZXCB,MultipleLines
2245-ADZFJ,PhoneService
2245-ADZFJ,MultipleLines
2245-ADZFJ,OnlineBackup
2245-ADZFJ,TechSupport
2245-ADZFJ,StreamingTV
2245-ADZFJ,StreamingMovies
2245-ADZFJ,InternetService_DSL
7776-QGYJC,PhoneService
7776-QGYJC,DeviceProtection
7776-QGYJC,TechSupport
7776-QGYJC,InternetService_Fiber
9313-QOLTZ,PhoneService
9651-GTSAQ,PhoneService
9651-GTSAQ,OnlineSecurity
9651-GTSAQ,OnlineBackup
9651-GTSAQ,DeviceProtection
9651-GTSAQ,StreamingTV
9651-GTSAQ,StreamingMovies
9651-GTSAQ,InternetService_Fiber
3186-BAXNB,PhoneService
3186-BAXNB,OnlineBackup
3186-BAXNB,TechSupport
3186-BAXNB,StreamingTV
3186-BAXNB,InternetService_Fiber
4672-FOTSD,PhoneService
4672-FOTSD,MultipleLines
4672-FOTSD,OnlineSecurity
4672-FOTSD,OnlineBackup
4672-FOTSD,TechSupport
4672-FOTSD,InternetService_DSL
0637-YLETY,PhoneService
0637-YLETY,MultipleLines
0637-YLETY,OnlineBackup
0637-YLETY,DeviceProtection
0637-YLETY,StreamingMovies
0637-YLETY,InternetService_Fiber
9818-XQCUV,PhoneService
7338-ERIVA,OnlineSecurity
7338-ERIVA,TechSupport
7338-ERIVA,StreamingTV
7338-ERIVA,InternetService_DSL
1157-BQCUW,PhoneService
1157-BQCUW,MultipleLines
1157-BQCUW,InternetService_Fiber
8259-NFJTV,OnlineSecurity
8259-NFJTV,TechSupport
8259-NFJTV,InternetService_DSL
3223-DWFIO,PhoneService
3223-DWFIO,InternetService_Fiber
2660-EMUBI,PhoneService
2660-EMUBI,MultipleLines
2660-EMUBI,StreamingTV
2660-EMUBI,StreamingMovies
2660-EMUBI,InternetService_Fiber
6968-GMKPR,PhoneService
6968-GMKPR,OnlineBackup
6968-GMKPR,DeviceProtection
6968-GMKPR,InternetService_Fiber
4751-ERMAN,PhoneService
4751-ERMAN,OnlineBackup
4751-ERMAN,DeviceProtection
4751-ERMAN,StreamingTV
4751-ERMAN,StreamingMovies
4751-ERMAN,InternetService_DSL
1436-ZMJAN,PhoneService
1436-ZMJAN,DeviceProtection
1436-ZMJAN,StreamingTV
1436-ZMJAN,StreamingMovies
1436-ZMJAN,InternetService_DSL
3292-PBZEJ,PhoneService
3292-PBZEJ,MultipleLines
3292-PBZEJ,OnlineBackup
3292-PBZEJ,DeviceProtection
3292-PBZEJ,TechSupport
3292-PBZEJ,StreamingTV
3292-PBZEJ,StreamingMovies
3292-PBZEJ,InternetService_Fiber
0799-DDIHE,PhoneService
0799-DDIHE,InternetService_DSL
3070-FNFZQ,PhoneService
2812-SFXMJ,PhoneService
7675-OZCZG,PhoneService
7675-OZCZG,InternetService_DSL
5014-WUQMG,PhoneService
5014-WUQMG,OnlineSecurity
5014-WUQMG,OnlineBackup
5014-WUQMG,DeviceProtection
5014-WUQMG,StreamingMovies
5014-WUQMG,InternetService_Fiber
5312-TSZVC,PhoneService
2003-CKLOR,PhoneService
2003-CKLOR,OnlineBackup
2003-CKLOR,DeviceProtection
2003-CKLOR,StreamingTV
2003-CKLOR,StreamingMovies
2003-CKLOR,InternetService_Fiber
0993-OSGPT,PhoneService
0993-OSGPT,OnlineBackup
0993-OSGPT,DeviceProtection
0993-OSGPT,TechSupport
0993-OSGPT,InternetService_DSL
9254-RBFON,PhoneService
9254-RBFON,DeviceProtection
9254-RBFON,TechSupport
9254-RBFON,StreamingTV
9254-RBFON,StreamingMovies
9254-RBFON,InternetService_Fiber
1205-WNWPJ,PhoneService
1205-WNWPJ,TechSupport
1205-WNWPJ,StreamingTV
1205-WNWPJ,InternetService_DSL
9391-EOYLI,PhoneService
9391-EOYLI,StreamingMovies
9391-EOYLI,InternetService_Fiber
7108-DGVUU,PhoneService
7108-DGVUU,MultipleLines
7108-DGVUU,OnlineBackup
7108-DGVUU,DeviceProtection
7108-DGVUU,StreamingMovies
7108-DGVUU,InternetService_DSL
2782-JEEBU,OnlineBackup
2782-JEEBU,TechSupport
2782-JEEBU,InternetService_DSL
5127-BZENZ,PhoneService
5127-BZENZ,MultipleLines
5127-BZENZ,OnlineSecurity
5127-BZENZ,StreamingTV
5127-BZENZ,InternetService_DSL
2720-FVBQP,PhoneService
2720-FVBQP,MultipleLines
2720-FVBQP,InternetService_DSL
9906-NHHVC,OnlineBackup
9906-NHHVC,DeviceProtection
9906-NHHVC,StreamingTV
9906-NHHVC,StreamingMovies
9906-NHHVC,InternetService_DSL
4522-XRWWI,PhoneService
4522-XRWWI,MultipleLines
4522-XRWWI,OnlineSecurity
4522-XRWWI,TechSupport
4522-XRWWI,StreamingTV
4522-XRWWI,StreamingMovies
4522-XRWWI,InternetService_DSL
3766-EJLFL,PhoneService
3766-EJLFL,MultipleLines
3766-EJLFL,OnlineSecurity
3766-EJLFL,DeviceProtection
3766-EJLFL,TechSupport
3766-EJLFL,StreamingTV
3766-EJLFL,StreamingMovies
3766-EJLFL,InternetService_Fiber
5939-SXWHM,PhoneService
5939-SXWHM,MultipleLines
8152-UOBNY,PhoneService
8152-UOBNY,MultipleLines
8152-UOBNY,OnlineBackup
8152-UOBNY,TechSupport
8152-UOBNY,StreamingTV
8152-UOBNY,StreamingMovies
8152-UOBNY,InternetService_Fiber
7351-KYHQH,PhoneService
7351-KYHQH,OnlineBackup
7351-KYHQH,DeviceProtection
7351-KYHQH,StreamingTV
7351-KYHQH,InternetService_DSL
7643-RCHXS,PhoneService
8246-SHFGA,PhoneService
8387-MOJJT,PhoneService
8387-MOJJT,StreamingTV
8387-MOJJT,InternetService_Fiber
0620-XEFWH,PhoneService
6485-QXWWE,PhoneService
6485-QXWWE,MultipleLines
2761-OCIAX,PhoneService
2761-OCIAX,OnlineBackup
2761-OCIAX,InternetService_Fiber
7321-VGNKU,PhoneService
7321-VGNKU,InternetService_Fiber
5327-CNLUQ,PhoneService
5327-CNLUQ,MultipleLines
5327-CNLUQ,OnlineSecurity
5327-CNLUQ,OnlineBackup
5327-CNLUQ,DeviceProtection
5327-CNLUQ,StreamingTV
5327-CNLUQ,InternetService_Fiber
7552-KEYGT,PhoneService
5816-JMLGY,PhoneService
5816-JMLGY,OnlineBackup
5816-JMLGY,DeviceProtection
5816-JMLGY,TechSupport
5816-JMLGY,StreamingTV
5816-JMLGY,StreamingMovies
5816-JMLGY,InternetService_DSL
3068-OMWZA,PhoneService
3068-OMWZA,MultipleLines
3068-OMWZA,DeviceProtection
3068-OMWZA,StreamingTV
3068-OMWZA,InternetService_Fiber
2927-QRRQV,PhoneService
2927-QRRQV,MultipleLines
2927-QRRQV,OnlineBackup
2927-QRRQV,DeviceProtection
2927-QRRQV,StreamingTV
2927-QRRQV,InternetService_Fiber
6032-KRXXO,PhoneService
6032-KRXXO,StreamingTV
6032-KRXXO,StreamingMovies
6032-KRXXO,InternetService_Fiber
7459-RRWQZ,PhoneService
7459-RRWQZ,MultipleLines
7459-RRWQZ,OnlineSecurity
7459-RRWQZ,StreamingMovies
7459-RRWQZ,InternetService_DSL
6265-SXWBU,PhoneService
6265-SXWBU,MultipleLines
6265-SXWBU,OnlineBackup
6265-SXWBU,DeviceProtection
6265-SXWBU,StreamingTV
6265-SXWBU,InternetService_Fiber
7941-RCJOW,PhoneService
6374-NTQLP,PhoneService
6374-NTQLP,OnlineSecurity
6374-NTQLP,DeviceProtection
6374-NTQLP,TechSupport
6374-NTQLP,StreamingTV
6374-NTQLP,StreamingMovies
6374-NTQLP,InternetService_Fiber
4154-AQUGT,PhoneService
4154-AQUGT,OnlineBackup
4154-AQUGT,TechSupport
4154-AQUGT,StreamingMovies
4154-AQUGT,InternetService_Fiber
2387-KDZQY,PhoneService
3584-WKTTW,PhoneService
3584-WKTTW,MultipleLines
3584-WKTTW,OnlineSecurity
3584-WKTTW,DeviceProtection
3584-WKTTW,TechSupport
3584-WKTTW,StreamingTV
3584-WKTTW,StreamingMovies
3584-WKTTW,InternetService_Fiber
3399-BMLVW,PhoneService
3399-BMLVW,OnlineSecurity
3399-BMLVW,OnlineBackup
3399-BMLVW,TechSupport
3399-BMLVW,InternetService_DSL
1971-DTCZB,PhoneService
1971-DTCZB,MultipleLines
1971-DTCZB,OnlineSecurity
1971-DTCZB,OnlineBackup
1971-DTCZB,DeviceProtection
1971-DTCZB,TechSupport
1971-DTCZB,StreamingTV
1971-DTCZB,StreamingMovies
1971-DTCZB,InternetService_DSL
3092-IGHWF,PhoneService
3092-IGHWF,MultipleLines
3092-IGHWF,OnlineBackup
3092-IGHWF,DeviceProtection
3092-IGHWF,InternetService_Fiber
3374-PZLXD,PhoneService
3813-DHBBB,OnlineSecurity
3813-DHBBB,OnlineBackup
3813-DHBBB,TechSupport
3813-DHBBB,StreamingMovies
3813-DHBBB,InternetService_DSL
2812-REYAT,PhoneService
6518-PPLMZ,PhoneService
4939-KYYPY,PhoneService
4939-KYYPY,MultipleLines
4939-KYYPY,DeviceProtection
4939-KYYPY,TechSupport
4939-KYYPY,InternetService_DSL
8017-LXHFA,PhoneService
8017-LXHFA,OnlineBackup
8017-LXHFA,StreamingTV
8017-LXHFA,StreamingMovies
8017-LXHFA,InternetService_Fiber
5930-GBIWP,PhoneService
5930-GBIWP,MultipleLines
5930-GBIWP,OnlineSecurity
5930-GBIWP,OnlineBackup
5930-GBIWP,DeviceProtection
5930-GBIWP,TechSupport
5930-GBIWP,StreamingMovies
5930-GBIWP,InternetService_DSL
6022-KOUQO,TechSupport
6022-KOUQO,InternetService_DSL
6352-TWCAU,PhoneService
6352-TWCAU,MultipleLines
6352-TWCAU,StreamingTV
6352-TWCAU,InternetService_Fiber
2361-UPSND,PhoneService
2361-UPSND,OnlineSecurity
2361-UPSND,OnlineBackup
2361-UPSND,TechSupport
2361-UPSND,StreamingMovies
2361-UPSND,InternetService_DSL
6035-RIIOM,PhoneService
6035-RIIOM,MultipleLines
6035-RIIOM,OnlineBackup
6035-RIIOM,StreamingTV
6035-RIIOM,StreamingMovies
6035-RIIOM,InternetService_Fiber
2929-QNSRW,PhoneService
2929-QNSRW,MultipleLines
2929-QNSRW,OnlineBackup
2929-QNSRW,StreamingTV
2929-QNSRW,StreamingMovies
2929-QNSRW,InternetService_Fiber
1262-OPMFY,PhoneService
1262-OPMFY,DeviceProtection
1262-OPMFY,InternetService_Fiber
9504-DSHWM,PhoneService
9504-DSHWM,MultipleLines
9504-DSHWM,OnlineSecurity
9504-DSHWM,TechSupport
9504-DSHWM,InternetService_DSL
5035-BVCXS,PhoneService
5035-BVCXS,OnlineBackup
5035-BVCXS,InternetService_Fiber
6267-DCFFZ,PhoneService
6267-DCFFZ,MultipleLines
6267-DCFFZ,OnlineBackup
6267-DCFFZ,StreamingTV
6267-DCFFZ,InternetService_Fiber
3533-UVMOM,PhoneService
3533-UVMOM,OnlineSecurity
3533-UVMOM,OnlineBackup
3533-UVMOM,DeviceProtection
3533-UVMOM,StreamingMovies
3533-UVMOM,InternetService_DSL
2439-LYPMQ,PhoneService
2439-LYPMQ,MultipleLines
2439-LYPMQ,OnlineBackup
2439-LYPMQ,DeviceProtection
2439-LYPMQ,StreamingTV
2439-LYPMQ,StreamingMovies
2439-LYPMQ,InternetService_Fiber
4248-QPAVC,PhoneService
4248-QPAVC,MultipleLines
4248-QPAVC,OnlineSecurity
4248-QPAVC,DeviceProtection
4248-QPAVC,InternetService_Fiber
1899-VXWXM,PhoneService
1899-VXWXM,MultipleLines
1899-VXWXM,OnlineBackup
1899-VXWXM,DeviceProtection
1899-VXWXM,StreamingTV
1899-VXWXM,StreamingMovies
1899-VXWXM,InternetService_Fiber
1478-VPOAD,PhoneService
1478-VPOAD,InternetService_DSL
9995-HOTOH,OnlineSecurity
9995-HOTOH,OnlineBackup
9995-HOTOH,DeviceProtection
9995-HOTOH,StreamingTV
9995-HOTOH,StreamingMovies
9995-HOTOH,InternetService_DSL
2988-PLAHS,PhoneService
2988-PLAHS,DeviceProtection
2988-PLAHS,StreamingTV
2988-PLAHS,StreamingMovies
2988-PLAHS,InternetService_DSL
1371-OJCEK,PhoneService
1371-OJCEK,MultipleLines
4999-IEZLT,TechSupport
4999-IEZLT,InternetService_DSL
8883-ANODQ,PhoneService
8883-ANODQ,MultipleLines
8883-ANODQ,OnlineBackup
8883-ANODQ,DeviceProtection
8883-ANODQ,InternetService_Fiber
4690-LLKUA,PhoneService
4690-LLKUA,InternetService_DSL
2351-RRBUE,PhoneService
5980-BDHPY,PhoneService
5980-BDHPY,MultipleLines
5980-BDHPY,OnlineSecurity
5980-BDHPY,OnlineBackup
5980-BDHPY,DeviceProtection
5980-BDHPY,TechSupport
5980-BDHPY,StreamingTV
5980-BDHPY,StreamingMovies
5980-BDHPY,InternetService_DSL
1498-DQNRX,PhoneService
9469-WEJBT,PhoneService
9469-WEJBT,DeviceProtection
9469-WEJBT,TechSupport
9469-WEJBT,StreamingMovies
9469-WEJBT,InternetService_Fiber
3331-HQDTW,PhoneService
3331-HQDTW,MultipleLines
3331-HQDTW,OnlineSecurity
3331-HQDTW,OnlineBackup
3331-HQDTW,DeviceProtection
3331-HQDTW,StreamingTV
3331-HQDTW,StreamingMovies
3331-HQDTW,InternetService_Fiber
9490-DFPMD,PhoneService
9490-DFPMD,MultipleLines
9490-DFPMD,StreamingTV
9490-DFPMD,InternetService_Fiber
2581-VKIRT,PhoneService
2581-VKIRT,MultipleLines
2581-VKIRT,OnlineSecurity
2581-VKIRT,OnlineBackup
2581-VKIRT,TechSupport
2581-VKIRT,InternetService_DSL
5442-XSDCW,PhoneService
5442-XSDCW,StreamingTV
5442-XSDCW,InternetService_Fiber
7426-WEIJX,PhoneService
7426-WEIJX,MultipleLines
7426-WEIJX,OnlineSecurity
7426-WEIJX,InternetService_Fiber
2851-MMUTZ,PhoneService
2851-MMUTZ,OnlineBackup
2851-MMUTZ,TechSupport
2851-MMUTZ,InternetService_DSL
3049-NDXFL,PhoneService
3049-NDXFL,MultipleLines
3049-NDXFL,StreamingMovies
3049-NDXFL,InternetService_Fiber
8580-AECUZ,PhoneService
8580-AECUZ,StreamingTV
8580-AECUZ,InternetService_Fiber
3307-TLCUD,OnlineSecurity
3307-TLCUD,DeviceProtection
3307-TLCUD,InternetService_DSL
6625-FLENO,PhoneService
2967-MXRAV,PhoneService
7963-GQRMY,PhoneService
7963-GQRMY,InternetService_DSL
8189-HBVRW,PhoneService
8189-HBVRW,MultipleLines
8189-HBVRW,OnlineSecurity
8189-HBVRW,OnlineBackup
8189-HBVRW,DeviceProtection
8189-HBVRW,InternetService_Fiber
4163-KIUHY,PhoneService
4163-KIUHY,MultipleLines
1228-FZFRV,PhoneService
1228-FZFRV,MultipleLines
1228-FZFRV,OnlineSecurity
1228-FZFRV,DeviceProtection
1228-FZFRV,StreamingTV
1228-FZFRV,StreamingMovies
1228-FZFRV,InternetService_Fiber
3500-NSDOA,PhoneService
3500-NSDOA,MultipleLines
3500-NSDOA,OnlineBackup
3500-NSDOA,TechSupport
3500-NSDOA,StreamingMovies
3500-NSDOA,InternetService_DSL
1171-TYKUR,PhoneService
1171-TYKUR,MultipleLines
3761-FLYZI,PhoneService
3761-FLYZI,MultipleLines
3761-FLYZI,OnlineBackup
3761-FLYZI,DeviceProtection
3761-FLYZI,StreamingTV
3761-FLYZI,StreamingMovies
3761-FLYZI,InternetService_Fiber
2058-DCJBE,PhoneService
2058-DCJBE,InternetService_Fiber
5364-XYIRR,PhoneService
5364-XYIRR,MultipleLines
5364-XYIRR,StreamingTV
5364-XYIRR,StreamingMovies
5364-XYIRR,InternetService_Fiber
4829-AUOAX,PhoneService
4829-AUOAX,MultipleLines
4829-AUOAX,StreamingTV
4829-AUOAX,StreamingMovies
4829-AUOAX,InternetService_Fiber
1219-NNDDO,PhoneService
1219-NNDDO,MultipleLines
1219-NNDDO,InternetService_Fiber
8388-DMKAE,PhoneService
4403-BWPAY,PhoneService
4403-BWPAY,MultipleLines
9659-QEQSY,PhoneService
9659-QEQSY,MultipleLines
9659-QEQSY,OnlineSecurity
9659-QEQSY,OnlineBackup
9659-QEQSY,DeviceProtection
9659-QEQSY,TechSupport
9659-QEQSY,StreamingTV
9659-QEQSY,StreamingMovies
9659-QEQSY,InternetService_Fiber
5405-ZMYXQ,PhoneService
5405-ZMYXQ,MultipleLines
5405-ZMYXQ,InternetService_Fiber
5047-LHVLY,PhoneService
5047-LHVLY,DeviceProtection
5047-LHVLY,InternetService_DSL
1442-OKRJE,PhoneService
1442-OKRJE,OnlineSecurity
1442-OKRJE,OnlineBackup
1442-OKRJE,DeviceProtection
1442-OKRJE,StreamingTV
1442-OKRJE,StreamingMovies
1442-OKRJE,InternetService_Fiber
4737-AQCPU,PhoneService
4737-AQCPU,MultipleLines
4737-AQCPU,OnlineSecurity
4737-AQCPU,OnlineBackup
4737-AQCPU,DeviceProtection
4737-AQCPU,TechSupport
4737-AQCPU,InternetService_DSL
9158-VCTQB,PhoneService
9158-VCTQB,MultipleLines
9158-VCTQB,OnlineSecurity
9158-VCTQB,OnlineBackup
9158-VCTQB,DeviceProtection
9158-VCTQB,TechSupport
9158-VCTQB,StreamingTV
9158-VCTQB,StreamingMovies
9158-VCTQB,InternetService_Fiber
2808-CHTDM,PhoneService
2808-CHTDM,MultipleLines
6311-UEUME,PhoneService
6311-UEUME,StreamingTV
6311-UEUME,InternetService_Fiber
0793-TWELN,PhoneService
0793-TWELN,MultipleLines
0793-TWELN,OnlineSecurity
0793-TWELN,InternetService_Fiber
3283-WCWXT,PhoneService
3283-WCWXT,MultipleLines
1060-ENTOF,PhoneService
1060-ENTOF,MultipleLines
1060-ENTOF,OnlineSecurity
1060-ENTOF,OnlineBackup
1060-ENTOF,DeviceProtection
1060-ENTOF,TechSupport
1060-ENTOF,StreamingMovies
1060-ENTOF,InternetService_Fiber
0999-QXNSA,PhoneService
0999-QXNSA,InternetService_DSL
5451-MHQOF,PhoneService
5451-MHQOF,MultipleLines
4836-WNFNO,PhoneService
4836-WNFNO,MultipleLines
9225-BZLNZ,PhoneService
9225-BZLNZ,MultipleLines
9225-BZLNZ,OnlineSecurity
9225-BZLNZ,OnlineBackup
9225-BZLNZ,DeviceProtection
9225-BZLNZ,StreamingTV
9225-BZLNZ,StreamingMovies
9225-BZLNZ,InternetService_DSL
0354-VXMJC,PhoneService
4422-QVIJA,PhoneService
4422-QVIJA,MultipleLines
4422-QVIJA,InternetService_DSL
9365-SRSZE,PhoneService
9365-SRSZE,InternetService_Fiber
6839-ITVZJ,PhoneService
6839-ITVZJ,MultipleLines
6839-ITVZJ,OnlineBackup
6839-ITVZJ,TechSupport
6839-ITVZJ,InternetService_DSL
8332-OSJDW,PhoneService
8332-OSJDW,MultipleLines
4735-BJKOU,PhoneService
0274-JKUJR,OnlineSecurity
0274-JKUJR,OnlineBackup
0274-JKUJR,DeviceProtection
0274-JKUJR,StreamingTV
0274-JKUJR,StreamingMovies
0274-JKUJR,InternetService_DSL
5740-YHGTW,PhoneService
5740-YHGTW,MultipleLines
5740-YHGTW,OnlineSecurity
5740-YHGTW,OnlineBackup
5740-YHGTW,StreamingTV
5740-YHGTW,InternetService_Fiber
8917-SZTTJ,PhoneService
1696-MZVAU,InternetService_DSL
7359-WWYJV,PhoneService
7359-WWYJV,MultipleLines
7359-WWYJV,OnlineSecurity
7359-WWYJV,OnlineBackup
7359-WWYJV,DeviceProtection
7359-WWYJV,TechSupport
7359-WWYJV,StreamingTV
7359-WWYJV,StreamingMovies
7359-WWYJV,InternetService_Fiber
0375-HVGXO,StreamingTV
0375-HVGXO,InternetService_DSL
4906-ZHGPK,PhoneService
4906-ZHGPK,MultipleLines
4906-ZHGPK,OnlineBackup
4906-ZHGPK,TechSupport
4906-ZHGPK,StreamingTV
4906-ZHGPK,InternetService_DSL
8593-WHYHV,PhoneService
8593-WHYHV,MultipleLines
8593-WHYHV,StreamingMovies
8593-WHYHV,InternetService_Fiber
3795-GWTRD,PhoneService
3795-GWTRD,OnlineSecurity
3795-GWTRD,OnlineBackup
3795-GWTRD,DeviceProtection
3795-GWTRD,TechSupport
3795-GWTRD,StreamingTV
3795-GWTRD,InternetService_DSL
1298-PHBTI,PhoneService
1298-PHBTI,MultipleLines
1298-PHBTI,OnlineBackup
1298-PHBTI,TechSupport
1298-PHBTI,InternetService_Fiber
6223-DHJGV,PhoneService
6961-MJKBO,PhoneService
6097-EQISJ,PhoneService
6097-EQISJ,MultipleLines
6097-EQISJ,OnlineBackup
6097-EQISJ,DeviceProtection
6097-EQISJ,StreamingTV
6097-EQISJ,StreamingMovies
6097-EQISJ,InternetService_Fiber
4423-YLHDV,PhoneService
4423-YLHDV,MultipleLines
4423-YLHDV,OnlineSecurity
4423-YLHDV,DeviceProtection
4423-YLHDV,StreamingTV
4423-YLHDV,StreamingMovies
4423-YLHDV,InternetService_Fiber
8158-WPEZG,OnlineBackup
8158-WPEZG,TechSupport
8158-WPEZG,InternetService_DSL
0107-YHINA,PhoneService
0107-YHINA,MultipleLines
0107-YHINA,DeviceProtection
0107-YHINA,StreamingTV
0107-YHINA,StreamingMovies
0107-YHINA,InternetService_Fiber
4918-FYJNT,PhoneService
4918-FYJNT,MultipleLines
4918-FYJNT,OnlineBackup
4918-FYJNT,DeviceProtection
4918-FYJNT,TechSupport
4918-FYJNT,InternetService_Fiber
0727-BNRLG,PhoneService
0727-BNRLG,MultipleLines
0727-BNRLG,OnlineBackup
0727-BNRLG,DeviceProtection
0727-BNRLG,TechSupport
0727-BNRLG,StreamingTV
0727-BNRLG,InternetService_Fiber
4854-CIDCF,PhoneService
4854-CIDCF,DeviceProtection
4854-CIDCF,InternetService_Fiber
8640-SDGKB,PhoneService
8640-SDGKB,DeviceProtection
8640-SDGKB,TechSupport
8640-SDGKB,StreamingTV
8640-SDGKB,StreamingMovies
8640-SDGKB,InternetService_DSL
3280-MRDOF,PhoneService
3280-MRDOF,MultipleLines
3280-MRDOF,DeviceProtection
3280-MRDOF,TechSupport
3280-MRDOF,StreamingTV
3280-MRDOF,InternetService_DSL
6435-SRWBJ,PhoneService
6435-SRWBJ,MultipleLines
6435-SRWBJ,DeviceProtection
6435-SRWBJ,TechSupport
6435-SRWBJ,InternetService_Fiber
9964-WBQDJ,PhoneService
9964-WBQDJ,MultipleLines
6303-KFWSL,PhoneService
6303-KFWSL,MultipleLines
6303-KFWSL,OnlineBackup
6303-KFWSL,InternetService_DSL
1702-CCFNJ,PhoneService
1702-CCFNJ,MultipleLines
1702-CCFNJ,OnlineBackup
1702-CCFNJ,TechSupport
1702-CCFNJ,InternetService_DSL
8932-CZHRQ,PhoneService
8932-CZHRQ,MultipleLines
8932-CZHRQ,OnlineSecurity
8932-CZHRQ,OnlineBackup
8932-CZHRQ,DeviceProtection
8932-CZHRQ,StreamingMovies
8932-CZHRQ,InternetService_DSL
0386-CWRGM,PhoneService
5515-RUGKN,PhoneService
5515-RUGKN,StreamingMovies
5515-RUGKN,InternetService_DSL
0404-AHASP,PhoneService
7279-NMVJC,PhoneService
2081-VEYEH,PhoneService
2081-VEYEH,OnlineBackup
2081-VEYEH,DeviceProtection
2081-VEYEH,TechSupport
2081-VEYEH,StreamingTV
2081-VEYEH,StreamingMovies
2081-VEYEH,InternetService_Fiber
6407-UTSLV,PhoneService
6407-UTSLV,OnlineBackup
6407-UTSLV,StreamingTV
6407-UTSLV,InternetService_Fiber
4116-TZAQJ,PhoneService
4116-TZAQJ,OnlineSecurity
4116-TZAQJ,InternetService_Fiber
9060-HJJRW,OnlineBackup
9060-HJJRW,DeviceProtection
9060-HJJRW,StreamingTV
9060-HJJRW,StreamingMovies
9060-HJJRW,InternetService_DSL
2587-YNLES,PhoneService
7398-SKNQZ,PhoneService
7398-SKNQZ,MultipleLines
7398-SKNQZ,StreamingTV
7398-SKNQZ,StreamingMovies
7398-SKNQZ,InternetService_Fiber
5935-FCCNB,PhoneService
5935-FCCNB,MultipleLines
5935-FCCNB,StreamingTV
5935-FCCNB,StreamingMovies
5935-FCCNB,InternetService_Fiber
1958-RNRKS,PhoneService
1958-RNRKS,MultipleLines
1958-RNRKS,InternetService_DSL
5136-RGMZO,PhoneService
5136-RGMZO,MultipleLines
5136-RGMZO,OnlineBackup
5136-RGMZO,TechSupport
5136-RGMZO,StreamingTV
5136-RGMZO,InternetService_DSL
8345-MVDYC,PhoneService
8345-MVDYC,OnlineSecurity
8345-MVDYC,DeviceProtection
8345-MVDYC,TechSupport
8345-MVDYC,StreamingTV
8345-MVDYC,StreamingMovies
8345-MVDYC,InternetService_DSL
8226-BXGES,PhoneService
8226-BXGES,MultipleLines
8226-BXGES,OnlineSecurity
8226-BXGES,OnlineBackup
8226-BXGES,DeviceProtection
8226-BXGES,InternetService_Fiber
3877-JRJIP,PhoneService
3877-JRJIP,MultipleLines
3877-JRJIP,StreamingTV
3877-JRJIP,InternetService_DSL
8375-DKEBR,PhoneService
8375-DKEBR,InternetService_Fiber
9705-IOVQQ,PhoneService
9705-IOVQQ,MultipleLines
9705-IOVQQ,OnlineBackup
9705-IOVQQ,StreamingTV
9705-IOVQQ,StreamingMovies
9705-IOVQQ,InternetService_Fiber
1015-OWJKI,PhoneService
7511-YMXVQ,StreamingTV
7511-YMXVQ,StreamingMovies
7511-YMXVQ,InternetService_DSL
2040-XBAVJ,PhoneService
2040-XBAVJ,MultipleLines
2040-XBAVJ,OnlineSecurity
2040-XBAVJ,OnlineBackup
2040-XBAVJ,DeviceProtection
2040-XBAVJ,TechSupport
2040-XBAVJ,StreamingTV
2040-XBAVJ,StreamingMovies
2040-XBAVJ,InternetService_Fiber
7551-JOHTI,PhoneService
8887-IPQNC,PhoneService
8887-IPQNC,InternetService_DSL
8646-JCOMS,PhoneService
8646-JCOMS,MultipleLines
8646-JCOMS,OnlineBackup
8646-JCOMS,DeviceProtection
8646-JCOMS,TechSupport
8646-JCOMS,InternetService_Fiber
9804-ICWBG,PhoneService
9804-ICWBG,InternetService_Fiber
1222-KJNZD,PhoneService
0106-GHRQR,PhoneService
0106-GHRQR,MultipleLines
0106-GHRQR,OnlineBackup
0106-GHRQR,DeviceProtection
0106-GHRQR,StreamingMovies
0106-GHRQR,InternetService_DSL
5318-IXUZF,PhoneService
5318-IXUZF,OnlineBackup
5318-IXUZF,StreamingTV
5318-IXUZF,InternetService_Fiber
3768-VHXQO,PhoneService
3768-VHXQO,MultipleLines
8952-WCVCD,PhoneService
8952-WCVCD,OnlineSecurity
8952-WCVCD,OnlineBackup
8952-WCVCD,DeviceProtection
8952-WCVCD,StreamingTV
8952-WCVCD,StreamingMovies
8952-WCVCD,InternetService_Fiber
2418-TPEUN,PhoneService
3963-RYFNS,PhoneService
3963-RYFNS,MultipleLines
3963-RYFNS,OnlineSecurity
3963-RYFNS,OnlineBackup
3963-RYFNS,DeviceProtection
3963-RYFNS,TechSupport
3963-RYFNS,StreamingTV
3963-RYFNS,StreamingMovies
3963-RYFNS,InternetService_Fiber
3198-VELRD,PhoneService
3198-VELRD,MultipleLines
3198-VELRD,StreamingMovies
3198-VELRD,InternetService_Fiber
8540-ZQGEA,PhoneService
1320-REHCS,PhoneService
1320-REHCS,MultipleLines
1320-REHCS,OnlineBackup
1320-REHCS,DeviceProtection
1320-REHCS,TechSupport
1320-REHCS,StreamingTV
1320-REHCS,StreamingMovies
1320-REHCS,InternetService_Fiber
4137-JOPHL,PhoneService
4137-JOPHL,DeviceProtection
4137-JOPHL,TechSupport
4137-JOPHL,StreamingMovies
4137-JOPHL,InternetService_Fiber
9436-ZBZCT,PhoneService
9436-ZBZCT,MultipleLines
9436-ZBZCT,TechSupport
9436-ZBZCT,StreamingTV
9436-ZBZCT,InternetService_Fiber
7801-CEDNV,PhoneService
7801-CEDNV,OnlineSecurity
7801-CEDNV,InternetService_DSL
2057-BOYKM,PhoneService
2057-BOYKM,MultipleLines
2057-BOYKM,OnlineSecurity
2057-BOYKM,OnlineBackup
2057-BOYKM,DeviceProtection
2057-BOYKM,TechSupport
2057-BOYKM,InternetService_Fiber
3658-QQJYD,PhoneService
3658-QQJYD,OnlineSecurity
3658-QQJYD,OnlineBackup
3658-QQJYD,StreamingTV
3658-QQJYD,StreamingMovies
3658-QQJYD,InternetService_DSL
1803-BGNBD,PhoneService
1803-BGNBD,OnlineBackup
1803-BGNBD,TechSupport
1803-BGNBD,InternetService_DSL
0134-XWXCE,PhoneService
0134-XWXCE,DeviceProtection
0134-XWXCE,TechSupport
0134-XWXCE,StreamingTV
0134-XWXCE,StreamingMovies
0134-XWXCE,InternetService_DSL
6950-TWMYB,PhoneService
6950-TWMYB,OnlineBackup
6950-TWMYB,TechSupport
6950-TWMYB,InternetService_Fiber
5848-FHRFC,PhoneService
2243-FNMMI,PhoneService
2511-MORQY,PhoneService
2511-MORQY,MultipleLines
2511-MORQY,DeviceProtection
2511-MORQY,InternetService_DSL
5356-KZCKT,PhoneService
5356-KZCKT,MultipleLines
9470-XCCEM,PhoneService
9470-XCCEM,MultipleLines
9470-XCCEM,OnlineBackup
9470-XCCEM,StreamingTV
9470-XCCEM,InternetService_Fiber
6519-CFDBX,PhoneService
6519-CFDBX,InternetService_DSL
3902-MIVLE,PhoneService
3902-MIVLE,MultipleLines
3902-MIVLE,OnlineSecurity
3902-MIVLE,DeviceProtection
3902-MIVLE,TechSupport
3902-MIVLE,StreamingMovies
3902-MIVLE,InternetService_DSL
0409-WTMPL,PhoneService
0409-WTMPL,MultipleLines
0409-WTMPL,OnlineSecurity
0409-WTMPL,OnlineBackup
0409-WTMPL,DeviceProtection
0409-WTMPL,StreamingTV
0409-WTMPL,StreamingMovies
0409-WTMPL,InternetService_Fiber
8763-KIAFH,PhoneService
3669-WHAFY,PhoneService
3669-WHAFY,MultipleLines
3669-WHAFY,OnlineSecurity
3669-WHAFY,OnlineBackup
3669-WHAFY,DeviceProtection
3669-WHAFY,TechSupport
3669-WHAFY,StreamingTV
3669-WHAFY,StreamingMovies
3669-WHAFY,InternetService_Fiber
3055-VTCGS,PhoneService
3055-VTCGS,DeviceProtection
3055-VTCGS,StreamingMovies
3055-VTCGS,InternetService_DSL
3144-KMTWZ,PhoneService
3144-KMTWZ,MultipleLines
3144-KMTWZ,OnlineBackup
3144-KMTWZ,DeviceProtection
3144-KMTWZ,StreamingMovies
3144-KMTWZ,InternetService_Fiber
7279-BUYWN,PhoneService
7279-BUYWN,MultipleLines
7279-BUYWN,OnlineSecurity
7279-BUYWN,OnlineBackup
7279-BUYWN,DeviceProtection
7279-BUYWN,StreamingTV
7279-BUYWN,StreamingMovies
7279-BUYWN,InternetService_Fiber
7156-MHUGY,PhoneService
7156-MHUGY,StreamingTV
7156-MHUGY,StreamingMovies
7156-MHUGY,InternetService_Fiber
7198-GLXTC,PhoneService
7198-GLXTC,StreamingTV
7198-GLXTC,InternetService_Fiber
2007-QVGAW,PhoneService
5207-PLSTK,PhoneService
5207-PLSTK,OnlineSecurity
5207-PLSTK,InternetService_DSL
2307-FYNNL,PhoneService
2307-FYNNL,MultipleLines
2307-FYNNL,OnlineSecurity
2307-FYNNL,DeviceProtection
2307-FYNNL,TechSupport
2307-FYNNL,StreamingTV
2307-FYNNL,StreamingMovies
2307-FYNNL,InternetService_Fiber
5605-XNWEN,PhoneService
5605-XNWEN,MultipleLines
2155-AMQRX,PhoneService
2155-AMQRX,MultipleLines
2155-AMQRX,TechSupport
2155-AMQRX,InternetService_DSL
6181-AXXYF,PhoneService
6181-AXXYF,MultipleLines
5091-HFAZW,PhoneService
5091-HFAZW,OnlineSecurity
5091-HFAZW,OnlineBackup
5091-HFAZW,StreamingTV
5091-HFAZW,InternetService_Fiber
0516-VRYBW,PhoneService
2519-LBNQL,PhoneService
2519-LBNQL,MultipleLines
2519-LBNQL,OnlineBackup
2519-LBNQL,DeviceProtection
2519-LBNQL,StreamingTV
2519-LBNQL,StreamingMovies
2519-LBNQL,InternetService_Fiber
8623-ULFNQ,PhoneService
8623-ULFNQ,MultipleLines
8623-ULFNQ,TechSupport
8623-ULFNQ,StreamingMovies
8623-ULFNQ,InternetService_DSL
8380-PEFPE,PhoneService
8380-PEFPE,InternetService_Fiber
5687-DKDTV,PhoneService
1568-LJSZU,PhoneService
1568-LJSZU,MultipleLines
1568-LJSZU,OnlineSecurity
1568-LJSZU,OnlineBackup
1568-LJSZU,DeviceProtection
1568-LJSZU,TechSupport
1568-LJSZU,StreamingTV
1568-LJSZU,StreamingMovies
1568-LJSZU,InternetService_DSL
7530-HDYDS,PhoneService
7530-HDYDS,OnlineBackup
7530-HDYDS,DeviceProtection
7530-HDYDS,TechSupport
7530-HDYDS,InternetService_Fiber
7789-HKSBS,PhoneService
7789-HKSBS,MultipleLines
7789-HKSBS,OnlineSecurity
7789-HKSBS,DeviceProtection
7789-HKSBS,StreamingTV
7789-HKSBS,StreamingMovies
7789-HKSBS,InternetService_Fiber
7416-CKTEP,PhoneService
2586-CWXVV,OnlineBackup
2586-CWXVV,InternetService_DSL
3096-IZETN,PhoneService
3096-IZETN,StreamingMovies
3096-IZETN,InternetService_Fiber
2348-KCJLT,PhoneService
2348-KCJLT,OnlineSecurity
2348-KCJLT,OnlineBackup
2348-KCJLT,DeviceProtection
2348-KCJLT,InternetService_DSL
8401-EMUWF,PhoneService
8401-EMUWF,MultipleLines
8401-EMUWF,OnlineSecurity
8401-EMUWF,OnlineBackup
8401-EMUWF,StreamingTV
8401-EMUWF,InternetService_DSL
4193-IBKSW,PhoneService
4193-IBKSW,MultipleLines
5377-NDTOU,PhoneService
5377-NDTOU,MultipleLines
5377-NDTOU,OnlineSecurity
5377-NDTOU,OnlineBackup
5377-NDTOU,DeviceProtection
5377-NDTOU,TechSupport
5377-NDTOU,StreamingTV
5377-NDTOU,StreamingMovies
5377-NDTOU,InternetService_DSL
5922-ABDVO,PhoneService
5922-ABDVO,MultipleLines
5922-ABDVO,DeviceProtection
5922-ABDVO,StreamingMovies
5922-ABDVO,InternetService_Fiber
2474-LCNUE,PhoneService
2474-LCNUE,MultipleLines
2474-LCNUE,TechSupport
2474-LCNUE,StreamingTV
2474-LCNUE,StreamingMovies
2474-LCNUE,InternetService_DSL
0839-QNXME,PhoneService
3506-OVLKD,PhoneService
3506-OVLKD,MultipleLines
9172-ANCRX,PhoneService
9172-ANCRX,MultipleLines
9172-ANCRX,OnlineSecurity
9172-ANCRX,StreamingTV
9172-ANCRX,StreamingMovies
9172-ANCRX,InternetService_Fiber
6650-VJONK,PhoneService
6650-VJONK,InternetService_DSL
2178-PMGCJ,PhoneService
2178-PMGCJ,InternetService_Fiber
7492-TAFJD,OnlineSecurity
7492-TAFJD,OnlineBackup
7492-TAFJD,DeviceProtection
7492-TAFJD,InternetService_DSL
2773-MADBQ,OnlineSecurity
2773-MADBQ,OnlineBackup
2773-MADBQ,DeviceProtection
2773-MADBQ,TechSupport
2773-MADBQ,StreamingMovies
2773-MADBQ,InternetService_DSL
6016-LVTJQ,PhoneService
7860-KSUGX,PhoneService
7860-KSUGX,MultipleLines
7860-KSUGX,OnlineSecurity
7860-KSUGX,OnlineBackup
7860-KSUGX,DeviceProtection
7860-KSUGX,InternetService_DSL
8966-KZXXA,PhoneService
8966-KZXXA,MultipleLines
6910-HADCM,PhoneService
6910-HADCM,DeviceProtection
6910-HADCM,InternetService_Fiber
4816-LXZYW,PhoneService
4816-LXZYW,MultipleLines
4816-LXZYW,OnlineBackup
4816-LXZYW,InternetService_Fiber
9606-PBKBQ,PhoneService
9606-PBKBQ,MultipleLines
9606-PBKBQ,StreamingMovies
9606-PBKBQ,InternetService_Fiber
5149-QYTTU,PhoneService
5149-QYTTU,MultipleLines
5149-QYTTU,OnlineSecurity
5149-QYTTU,OnlineBackup
5149-QYTTU,DeviceProtection
5149-QYTTU,TechSupport
5149-QYTTU,InternetService_Fiber
2070-XYMFH,PhoneService
2070-XYMFH,MultipleLines
2070-XYMFH,DeviceProtection
2070-XYMFH,InternetService_Fiber
2085-BOJKI,PhoneService
2085-BOJKI,DeviceProtection
2085-BOJKI,StreamingTV
2085-BOJKI,StreamingMovies
2085-BOJKI,InternetService_Fiber
0817-HSUSE,PhoneService
0817-HSUSE,DeviceProtection
0817-HSUSE,TechSupport
0817-HSUSE,StreamingTV
0817-HSUSE,StreamingMovies
0817-HSUSE,InternetService_DSL
5442-PPTJY,PhoneService
1927-QEWMY,PhoneService
1663-MHLHE,PhoneService
5663-QBGIS,PhoneService
5663-QBGIS,MultipleLines
5663-QBGIS,OnlineBackup
5663-QBGIS,StreamingTV
5663-QBGIS,StreamingMovies
5663-QBGIS,InternetService_Fiber
4450-MDZFX,PhoneService
4450-MDZFX,MultipleLines
4450-MDZFX,InternetService_Fiber
6701-DHKWQ,OnlineBackup
6701-DHKWQ,DeviceProtection
6701-DHKWQ,TechSupport
6701-DHKWQ,StreamingTV
6701-DHKWQ,InternetService_DSL
7554-AKDQF,PhoneService
7554-AKDQF,InternetService_DSL
3536-IQCTX,PhoneService
3536-IQCTX,MultipleLines
3536-IQCTX,StreamingMovies
3536-IQCTX,InternetService_Fiber
4911-BANWH,PhoneService
4911-BANWH,MultipleLines
4911-BANWH,StreamingTV
4911-BANWH,InternetService_Fiber
8496-EJAUI,PhoneService
8496-EJAUI,OnlineBackup
8496-EJAUI,InternetService_Fiber
0794-YVSGE,PhoneService
5423-BHIXO,PhoneService
5423-BHIXO,MultipleLines
5423-BHIXO,OnlineBackup
5423-BHIXO,InternetService_DSL
6908-VVYHM,PhoneService
6908-VVYHM,MultipleLines
6908-VVYHM,OnlineBackup
6908-VVYHM,StreamingMovies
6908-VVYHM,InternetService_Fiber
2959-EEXWB,OnlineSecurity
2959-EEXWB,StreamingTV
2959-EEXWB,StreamingMovies
2959-EEXWB,InternetService_DSL
1839-UMACK,PhoneService
1839-UMACK,MultipleLines
3030-YDNRM,PhoneService
3030-YDNRM,MultipleLines
3030-YDNRM,InternetService_Fiber
7321-KKSDU,PhoneService
3402-XRIUO,PhoneService
3402-XRIUO,MultipleLines
3402-XRIUO,OnlineSecurity
3402-XRIUO,OnlineBackup
3402-XRIUO,TechSupport
3402-XRIUO,InternetService_DSL
3132-TVFDZ,StreamingTV
3132-TVFDZ,StreamingMovies
3132-TVFDZ,InternetService_DSL
8286-AFUYI,PhoneService
8286-AFUYI,OnlineSecurity
8286-AFUYI,InternetService_DSL
8080-DDEMJ,PhoneService
8080-DDEMJ,InternetService_DSL
8356-WUAOJ,PhoneService
8356-WUAOJ,InternetService_DSL
6365-MTGZX,PhoneService
6365-MTGZX,TechSupport
6365-MTGZX,StreamingTV
6365-MTGZX,StreamingMovies
6365-MTGZX,InternetService_Fiber
1349-WXNGG,PhoneService
8058-DMYRU,PhoneService
8058-DMYRU,MultipleLines
8058-DMYRU,OnlineBackup
8058-DMYRU,StreamingMovies
8058-DMYRU,InternetService_Fiber
9350-ZXYJC,PhoneService
9350-ZXYJC,MultipleLines
6990-YNRIO,PhoneService
6990-YNRIO,MultipleLines
6990-YNRIO,OnlineSecurity
6990-YNRIO,DeviceProtection
6990-YNRIO,TechSupport
6990-YNRIO,StreamingTV
6990-YNRIO,StreamingMovies
6990-YNRIO,InternetService_Fiber
8958-JPTRR,PhoneService
8958-JPTRR,MultipleLines
6959-GQEGV,PhoneService
6959-GQEGV,OnlineSecurity
6959-GQEGV,DeviceProtection
6959-GQEGV,StreamingTV
6959-GQEGV,StreamingMovies
6959-GQEGV,InternetService_DSL
3173-WSSUE,PhoneService
1265-HVPZB,PhoneService
1265-HVPZB,OnlineSecurity
1265-HVPZB,OnlineBackup
1265-HVPZB,DeviceProtection
1265-HVPZB,StreamingTV
1265-HVPZB,InternetService_DSL
4115-UMJFQ,OnlineBackup
4115-UMJFQ,DeviceProtection
4115-UMJFQ,InternetService_DSL
7369-TRPFD,PhoneService
1098-KFQEC,PhoneService
7190-XHTWJ,PhoneService
0621-TWIEM,PhoneService
0621-TWIEM,InternetService_DSL
3537-RYBHH,PhoneService
3537-RYBHH,MultipleLines
3537-RYBHH,OnlineSecurity
3537-RYBHH,OnlineBackup
3537-RYBHH,DeviceProtection
3537-RYBHH,InternetService_DSL
2485-ITVKB,StreamingMovies
2485-ITVKB,InternetService_DSL
3669-OYSJI,PhoneService
3669-OYSJI,InternetService_DSL
1612-EOHDH,PhoneService
1612-EOHDH,InternetService_DSL
6702-OHFWR,OnlineBackup
6702-OHFWR,DeviceProtection
6702-OHFWR,StreamingMovies
6702-OHFWR,InternetService_DSL
5296-BFCYD,PhoneService
4510-PYUSH,PhoneService
4510-PYUSH,OnlineSecurity
4510-PYUSH,OnlineBackup
4510-PYUSH,InternetService_DSL
9359-JANWS,PhoneService
9359-JANWS,OnlineSecurity
9359-JANWS,DeviceProtection
9359-JANWS,TechSupport
9359-JANWS,InternetService_DSL
7517-SAWMO,PhoneService
7517-SAWMO,OnlineSecurity
7517-SAWMO,InternetService_Fiber
4143-HHPMK,PhoneService
4143-HHPMK,OnlineBackup
4143-HHPMK,StreamingMovies
4143-HHPMK,InternetService_Fiber
3279-DYZQM,PhoneService
7054-LGEQW,PhoneService
7054-LGEQW,InternetService_DSL
0523-VNGTF,OnlineBackup
0523-VNGTF,DeviceProtection
0523-VNGTF,TechSupport
0523-VNGTF,StreamingTV
0523-VNGTF,InternetService_DSL
9575-IWCAZ,PhoneService
9575-IWCAZ,MultipleLines
7105-MXJLL,PhoneService
7105-MXJLL,DeviceProtection
7105-MXJLL,StreamingMovies
7105-MXJLL,InternetService_DSL
7064-FRRSW,PhoneService
7064-FRRSW,MultipleLines
7064-FRRSW,OnlineBackup
7064-FRRSW,StreamingTV
7064-FRRSW,StreamingMovies
7064-FRRSW,InternetService_Fiber
7940-UQQUG,PhoneService
7940-UQQUG,MultipleLines
7940-UQQUG,OnlineSecurity
7940-UQQUG,TechSupport
7940-UQQUG,StreamingTV
7940-UQQUG,StreamingMovies
7940-UQQUG,InternetService_Fiber
0923-PNFUB,PhoneService
0923-PNFUB,OnlineBackup
0923-PNFUB,StreamingTV
0923-PNFUB,InternetService_Fiber
3961-SXAXY,PhoneService
3961-SXAXY,InternetService_DSL
7010-BRBUU,PhoneService
7010-BRBUU,MultipleLines
3566-HJGPK,PhoneService
3566-HJGPK,InternetService_DSL
3062-ICYZQ,PhoneService
3062-ICYZQ,MultipleLines
3062-ICYZQ,OnlineSecurity
3062-ICYZQ,OnlineBackup
3062-ICYZQ,StreamingMovies
3062-ICYZQ,InternetService_Fiber
9938-PRCVK,PhoneService
0973-KYVNF,PhoneService
0973-KYVNF,OnlineSecurity
0973-KYVNF,OnlineBackup
0973-KYVNF,DeviceProtection
0973-KYVNF,StreamingTV
0973-KYVNF,InternetService_DSL
5129-HHMZC,PhoneService
5129-HHMZC,MultipleLines
5129-HHMZC,OnlineSecurity
5129-HHMZC,OnlineBackup
5129-HHMZC,TechSupport
5129-HHMZC,StreamingTV
5129-HHMZC,StreamingMovies
5129-HHMZC,InternetService_DSL
9637-CDTKZ,PhoneService
9637-CDTKZ,MultipleLines
9637-CDTKZ,OnlineSecurity
9637-CDTKZ,OnlineBackup
9637-CDTKZ,DeviceProtection
9637-CDTKZ,TechSupport
9637-CDTKZ,StreamingTV
9637-CDTKZ,StreamingMovies
9637-CDTKZ,InternetService_Fiber
3946-JEWRQ,PhoneService
3946-JEWRQ,MultipleLines
3946-JEWRQ,StreamingTV
3946-JEWRQ,StreamingMovies
3946-JEWRQ,InternetService_Fiber
7873-CVMAW,PhoneService
7873-CVMAW,MultipleLines
7873-CVMAW,OnlineSecurity
7873-CVMAW,OnlineBackup
7873-CVMAW,DeviceProtection
7873-CVMAW,TechSupport
7873-CVMAW,StreamingTV
7873-CVMAW,StreamingMovies
7873-CVMAW,InternetService_DSL
0463-WZZKO,PhoneService
3494-JCHRQ,PhoneService
3494-JCHRQ,InternetService_Fiber
6474-FVJLC,PhoneService
6474-FVJLC,MultipleLines
6474-FVJLC,StreamingMovies
6474-FVJLC,InternetService_Fiber
4524-QCSSM,OnlineSecurity
4524-QCSSM,OnlineBackup
4524-QCSSM,StreamingMovies
4524-QCSSM,InternetService_DSL
5832-EXGTT,PhoneService
5832-EXGTT,OnlineSecurity
5832-EXGTT,StreamingMovies
5832-EXGTT,InternetService_DSL
8840-DQLGN,PhoneService
8840-DQLGN,MultipleLines
8840-DQLGN,OnlineSecurity
8840-DQLGN,OnlineBackup
8840-DQLGN,TechSupport
8840-DQLGN,StreamingTV
8840-DQLGN,InternetService_Fiber
2039-JONDJ,PhoneService
2039-JONDJ,OnlineSecurity
2039-JONDJ,OnlineBackup
2039-JONDJ,InternetService_DSL
7217-JYHOQ,PhoneService
7217-JYHOQ,OnlineSecurity
7217-JYHOQ,OnlineBackup
7217-JYHOQ,TechSupport
7217-JYHOQ,StreamingMovies
7217-JYHOQ,InternetService_DSL
6695-FRVEC,PhoneService
6695-FRVEC,OnlineSecurity
6695-FRVEC,DeviceProtection
6695-FRVEC,TechSupport
6695-FRVEC,InternetService_DSL
4547-LYTDD,PhoneService
4547-LYTDD,MultipleLines
4547-LYTDD,InternetService_Fiber
9894-QMIMJ,PhoneService
9894-QMIMJ,OnlineBackup
9894-QMIMJ,DeviceProtection
9894-QMIMJ,InternetService_DSL
8069-YQQAJ,OnlineBackup
8069-YQQAJ,InternetService_DSL
6770-XUAGN,PhoneService
4193-ORFCL,PhoneService
4193-ORFCL,InternetService_DSL
1636-NTNCO,OnlineBackup
1636-NTNCO,StreamingTV
1636-NTNCO,StreamingMovies
1636-NTNCO,InternetService_DSL
3466-WAESX,PhoneService
3466-WAESX,MultipleLines
3466-WAESX,OnlineSecurity
3466-WAESX,OnlineBackup
3466-WAESX,StreamingMovies
3466-WAESX,InternetService_DSL
9281-PKKZE,StreamingTV
9281-PKKZE,StreamingMovies
9281-PKKZE,InternetService_DSL
3638-VBZTA,PhoneService
3638-VBZTA,MultipleLines
3638-VBZTA,OnlineSecurity
3638-VBZTA,OnlineBackup
3638-VBZTA,TechSupport
3638-VBZTA,StreamingTV
3638-VBZTA,StreamingMovies
3638-VBZTA,InternetService_DSL
7459-IMVYU,PhoneService
7459-IMVYU,MultipleLines
7459-IMVYU,OnlineSecurity
7459-IMVYU,OnlineBackup
7459-IMVYU,DeviceProtection
7459-IMVYU,TechSupport
7459-IMVYU,InternetService_DSL
7776-QWNFX,PhoneService
7776-QWNFX,OnlineBackup
7776-QWNFX,InternetService_DSL
6689-TCZHQ,PhoneService
6689-TCZHQ,StreamingMovies
6689-TCZHQ,InternetService_Fiber
8563-OYMQY,PhoneService
8563-OYMQY,OnlineBackup
8563-OYMQY,DeviceProtection
8563-OYMQY,StreamingMovies
8563-OYMQY,InternetService_Fiber
0754-EEBDC,PhoneService
5777-ZPQNC,PhoneService
1951-IEYXM,PhoneService
1951-IEYXM,MultipleLines
1951-IEYXM,OnlineSecurity
1951-IEYXM,OnlineBackup
1951-IEYXM,DeviceProtection
1951-IEYXM,TechSupport
1951-IEYXM,StreamingTV
1951-IEYXM,StreamingMovies
1951-IEYXM,InternetService_DSL
3318-NMQXL,PhoneService
3318-NMQXL,StreamingTV
3318-NMQXL,StreamingMovies
3318-NMQXL,InternetService_Fiber
3143-ILDAL,PhoneService
3143-ILDAL,MultipleLines
3143-ILDAL,OnlineBackup
3143-ILDAL,TechSupport
3143-ILDAL,StreamingMovies
3143-ILDAL,InternetService_Fiber
1022-RKXDR,PhoneService
1022-RKXDR,MultipleLines
2361-FJWNO,OnlineBackup
2361-FJWNO,TechSupport
2361-FJWNO,InternetService_DSL
2272-UOINI,PhoneService
2272-UOINI,OnlineSecurity
2272-UOINI,OnlineBackup
2272-UOINI,TechSupport
2272-UOINI,StreamingTV
2272-UOINI,StreamingMovies
2272-UOINI,InternetService_DSL
8232-UTFOZ,PhoneService
3750-YHRYO,PhoneService
6637-KYRCV,OnlineBackup
6637-KYRCV,InternetService_DSL
5668-MEISB,PhoneService
5668-MEISB,MultipleLines
5668-MEISB,OnlineSecurity
5668-MEISB,OnlineBackup
5668-MEISB,DeviceProtection
5668-MEISB,TechSupport
5668-MEISB,StreamingTV
5668-MEISB,InternetService_Fiber
0129-QMPDR,PhoneService
7188-CBBBA,PhoneService
7188-CBBBA,MultipleLines
7188-CBBBA,OnlineBackup
7188-CBBBA,DeviceProtection
7188-CBBBA,StreamingTV
7188-CBBBA,InternetService_Fiber
5356-CSVSQ,PhoneService
5356-CSVSQ,MultipleLines
5356-CSVSQ,TechSupport
5356-CSVSQ,StreamingTV
5356-CSVSQ,InternetService_DSL
3221-CJMSG,PhoneService
3221-CJMSG,TechSupport
3221-CJMSG,InternetService_DSL
4720-VSTSI,PhoneService
4720-VSTSI,MultipleLines
4720-VSTSI,OnlineBackup
4720-VSTSI,DeviceProtection
4720-VSTSI,InternetService_Fiber
3219-JQRSL,PhoneService
3219-JQRSL,MultipleLines
3219-JQRSL,OnlineSecurity
3219-JQRSL,OnlineBackup
3219-JQRSL,DeviceProtection
3219-JQRSL,TechSupport
3219-JQRSL,StreamingTV
3219-JQRSL,StreamingMovies
3219-JQRSL,InternetService_DSL
2801-NISEI,PhoneService
2801-NISEI,OnlineSecurity
2801-NISEI,TechSupport
2801-NISEI,InternetService_DSL
3946-MHCZW,PhoneService
3946-MHCZW,DeviceProtection
3946-MHCZW,InternetService_DSL
4623-ZKHLY,PhoneService
6732-VAILE,PhoneService
6732-VAILE,MultipleLines
6732-VAILE,OnlineBackup
6732-VAILE,DeviceProtection
6732-VAILE,TechSupport
6732-VAILE,StreamingTV
6732-VAILE,StreamingMovies
6732-VAILE,InternetService_DSL
8201-AAXCB,PhoneService
8201-AAXCB,MultipleLines
8201-AAXCB,StreamingTV
8201-AAXCB,InternetService_DSL
7696-CFTAT,PhoneService
1845-CSBRZ,PhoneService
1845-CSBRZ,MultipleLines
1845-CSBRZ,StreamingTV
1845-CSBRZ,InternetService_Fiber
2123-VSCOT,PhoneService
2123-VSCOT,MultipleLines
2123-VSCOT,DeviceProtection
2123-VSCOT,TechSupport
2123-VSCOT,StreamingTV
2123-VSCOT,InternetService_DSL
6651-AZVTJ,PhoneService
6651-AZVTJ,MultipleLines
6651-AZVTJ,DeviceProtection
6651-AZVTJ,StreamingTV
6651-AZVTJ,StreamingMovies
6651-AZVTJ,InternetService_Fiber
4566-GOLUK,PhoneService
4566-GOLUK,MultipleLines
4566-GOLUK,DeviceProtection
4566-GOLUK,TechSupport
4566-GOLUK,StreamingTV
4566-GOLUK,StreamingMovies
4566-GOLUK,InternetService_Fiber
2484-DGXPZ,PhoneService
2018-QKYGT,PhoneService
2018-QKYGT,StreamingMovies
2018-QKYGT,InternetService_Fiber
2792-VPPET,PhoneService
7409-JURKQ,PhoneService
7409-JURKQ,MultipleLines
7409-JURKQ,OnlineBackup
7409-JURKQ,DeviceProtection
7409-JURKQ,TechSupport
7409-JURKQ,StreamingTV
7409-JURKQ,StreamingMovies
7409-JURKQ,InternetService_Fiber
3247-MHJKM,PhoneService
1964-SVLEA,PhoneService
4587-NUKOX,PhoneService
4587-NUKOX,OnlineSecurity
4587-NUKOX,OnlineBackup
4587-NUKOX,InternetService_Fiber
7297-DVYGA,PhoneService
2239-CGBUZ,PhoneService
2239-CGBUZ,OnlineSecurity
2239-CGBUZ,OnlineBackup
2239-CGBUZ,TechSupport
2239-CGBUZ,InternetService_DSL
0854-UYHZD,PhoneService
7243-LCGGZ,PhoneService
8267-KFGYD,PhoneService
4890-VMUAV,PhoneService
4890-VMUAV,MultipleLines
4890-VMUAV,OnlineSecurity
4890-VMUAV,OnlineBackup
4890-VMUAV,DeviceProtection
4890-VMUAV,TechSupport
4890-VMUAV,InternetService_DSL
9261-WDCAF,PhoneService
9261-WDCAF,StreamingMovies
9261-WDCAF,InternetService_DSL
3764-MNMOI,PhoneService
7442-YGZFK,PhoneService
7442-YGZFK,MultipleLines
7442-YGZFK,InternetService_DSL
0420-BWTPW,InternetService_DSL
8229-BUJHX,PhoneService
7449-HVPIV,PhoneService
7449-HVPIV,MultipleLines
7449-HVPIV,DeviceProtection
7449-HVPIV,StreamingTV
7449-HVPIV,InternetService_Fiber
5504-WSIUR,PhoneService
5504-WSIUR,MultipleLines
5504-WSIUR,OnlineBackup
5504-WSIUR,DeviceProtection
5504-WSIUR,TechSupport
5504-WSIUR,InternetService_Fiber
8183-ONMXC,PhoneService
8183-ONMXC,StreamingMovies
8183-ONMXC,InternetService_Fiber
8466-PZBLH,PhoneService
8466-PZBLH,MultipleLines
8466-PZBLH,OnlineSecurity
8466-PZBLH,TechSupport
8466-PZBLH,StreamingTV
8466-PZBLH,StreamingMovies
8466-PZBLH,InternetService_Fiber
9614-RMGHA,PhoneService
9614-RMGHA,MultipleLines
9614-RMGHA,OnlineBackup
9614-RMGHA,StreamingTV
9614-RMGHA,InternetService_Fiber
8735-IJJEG,PhoneService
8735-IJJEG,DeviceProtection
8735-IJJEG,InternetService_DSL
0564-MUUQK,PhoneService
0564-MUUQK,MultipleLines
0564-MUUQK,DeviceProtection
0564-MUUQK,TechSupport
0564-MUUQK,StreamingMovies
0564-MUUQK,InternetService_Fiber
5054-IEXZT,PhoneService
5054-IEXZT,OnlineBackup
5054-IEXZT,InternetService_Fiber
5834-ASPWA,PhoneService
5834-ASPWA,MultipleLines
5834-ASPWA,InternetService_Fiber
0701-RFGFI,PhoneService
0701-RFGFI,MultipleLines
0701-RFGFI,StreamingTV
0701-RFGFI,StreamingMovies
0701-RFGFI,InternetService_Fiber
0019-EFAEP,PhoneService
0019-EFAEP,MultipleLines
0019-EFAEP,OnlineSecurity
0019-EFAEP,OnlineBackup
0019-EFAEP,DeviceProtection
0019-EFAEP,StreamingTV
0019-EFAEP,InternetService_Fiber
5619-PTMIK,PhoneService
5619-PTMIK,MultipleLines
5619-PTMIK,OnlineSecurity
5619-PTMIK,InternetService_DSL
3737-XBQDD,PhoneService
3737-XBQDD,MultipleLines
3737-XBQDD,OnlineBackup
3737-XBQDD,DeviceProtection
3737-XBQDD,InternetService_Fiber
5882-CMAZQ,OnlineBackup
5882-CMAZQ,TechSupport
5882-CMAZQ,InternetService_DSL
5846-QFDFI,PhoneService
5846-QFDFI,MultipleLines
5846-QFDFI,OnlineBackup
5846-QFDFI,DeviceProtection
5846-QFDFI,TechSupport
5846-QFDFI,InternetService_Fiber
4445-KWOKW,PhoneService
4445-KWOKW,MultipleLines
4445-KWOKW,OnlineSecurity
4445-KWOKW,OnlineBackup
4445-KWOKW,InternetService_DSL
3511-APPBJ,PhoneService
3511-APPBJ,OnlineSecurity
3511-APPBJ,DeviceProtection
3511-APPBJ,StreamingTV
3511-APPBJ,StreamingMovies
3511-APPBJ,InternetService_Fiber
7967-HYCDE,PhoneService
7967-HYCDE,InternetService_Fiber
2430-RRYUW,PhoneService
2430-RRYUW,OnlineSecurity
2430-RRYUW,OnlineBackup
2430-RRYUW,InternetService_DSL
3948-XHGNA,PhoneService
3948-XHGNA,OnlineSecurity
3948-XHGNA,InternetService_DSL
3723-BFBGR,PhoneService
3723-BFBGR,MultipleLines
3723-BFBGR,OnlineBackup
3723-BFBGR,InternetService_DSL
0565-IYCGT,PhoneService
0565-IYCGT,MultipleLines
0565-IYCGT,OnlineSecurity
0565-IYCGT,OnlineBackup
0565-IYCGT,DeviceProtection
0565-IYCGT,TechSupport
0565-IYCGT,StreamingMovies
0565-IYCGT,InternetService_DSL
5447-WZAFP,PhoneService
5447-WZAFP,OnlineBackup
5447-WZAFP,DeviceProtection
5447-WZAFP,StreamingTV
5447-WZAFP,StreamingMovies
5447-WZAFP,InternetService_Fiber
5110-CHOPY,OnlineSecurity
5110-CHOPY,DeviceProtection
5110-CHOPY,StreamingTV
5110-CHOPY,StreamingMovies
5110-CHOPY,InternetService_DSL
5445-UTODQ,PhoneService
5445-UTODQ,StreamingTV
5445-UTODQ,InternetService_Fiber
4425-OWHWB,PhoneService
7892-QVYKW,PhoneService
7892-QVYKW,MultipleLines
7892-QVYKW,StreamingMovies
7892-QVYKW,InternetService_Fiber
9675-ICXCT,PhoneService
9675-ICXCT,OnlineSecurity
9675-ICXCT,DeviceProtection
9675-ICXCT,TechSupport
9675-ICXCT,StreamingTV
9675-ICXCT,StreamingMovies
9675-ICXCT,InternetService_DSL
1024-VRZHF,PhoneService
1024-VRZHF,MultipleLines
1024-VRZHF,InternetService_Fiber
4703-MQYKT,PhoneService
9497-QCMMS,PhoneService
9497-QCMMS,MultipleLines
9497-QCMMS,StreamingTV
9497-QCMMS,StreamingMovies
9497-QCMMS,InternetService_Fiber
5692-ICXLW,PhoneService
5692-ICXLW,MultipleLines
5692-ICXLW,OnlineBackup
5692-ICXLW,StreamingTV
5692-ICXLW,InternetService_Fiber
0602-DDUML,PhoneService
0602-DDUML,OnlineBackup
0602-DDUML,DeviceProtection
0602-DDUML,TechSupport
0602-DDUML,StreamingTV
0602-DDUML,InternetService_DSL
2208-MPXIO,PhoneService
1960-UYCNN,PhoneService
1960-UYCNN,MultipleLines
1960-UYCNN,OnlineBackup
1960-UYCNN,DeviceProtection
1960-UYCNN,StreamingMovies
1960-UYCNN,InternetService_Fiber
0348-SDKOL,PhoneService
0348-SDKOL,MultipleLines
0348-SDKOL,DeviceProtection
0348-SDKOL,TechSupport
0348-SDKOL,StreamingTV
0348-SDKOL,StreamingMovies
0348-SDKOL,InternetService_Fiber
3190-FZATL,PhoneService
7336-RLLRH,PhoneService
7336-RLLRH,MultipleLines
7336-RLLRH,OnlineSecurity
7336-RLLRH,TechSupport
7336-RLLRH,StreamingTV
7336-RLLRH,StreamingMovies
7336-RLLRH,InternetService_DSL
4373-MAVJG,PhoneService
4373-MAVJG,MultipleLines
4373-MAVJG,OnlineBackup
4373-MAVJG,StreamingMovies
4373-MAVJG,InternetService_Fiber
8901-HJXTF,OnlineBackup
8901-HJXTF,InternetService_DSL
7710-JSYOA,PhoneService
7710-JSYOA,MultipleLines
7710-JSYOA,OnlineBackup
7710-JSYOA,TechSupport
7710-JSYOA,StreamingMovies
7710-JSYOA,InternetService_Fiber
5419-KLXBN,PhoneService
5419-KLXBN,OnlineBackup
5419-KLXBN,DeviceProtection
5419-KLXBN,StreamingTV
5419-KLXBN,InternetService_Fiber
3424-NMNBO,PhoneService
3424-NMNBO,MultipleLines
3424-NMNBO,OnlineSecurity
3424-NMNBO,OnlineBackup
3424-NMNBO,DeviceProtection
3424-NMNBO,StreamingTV
3424-NMNBO,StreamingMovies
3424-NMNBO,InternetService_Fiber
9885-MFVSU,OnlineSecurity
9885-MFVSU,TechSupport
9885-MFVSU,StreamingTV
9885-MFVSU,InternetService_DSL
4514-GFCFI,PhoneService
4514-GFCFI,MultipleLines
4514-GFCFI,StreamingTV
4514-GFCFI,InternetService_Fiber
0607-MVMGC,PhoneService
0607-MVMGC,MultipleLines
0607-MVMGC,OnlineBackup
0607-MVMGC,DeviceProtection
0607-MVMGC,StreamingTV
0607-MVMGC,StreamingMovies
0607-MVMGC,InternetService_DSL
3365-SAIGS,PhoneService
3365-SAIGS,OnlineBackup
3365-SAIGS,StreamingTV
3365-SAIGS,InternetService_Fiber
9828-AOQLM,PhoneService
9828-AOQLM,InternetService_DSL
8022-BECSI,PhoneService
8000-REIQB,PhoneService
8000-REIQB,InternetService_Fiber
9993-LHIEB,PhoneService
9993-LHIEB,OnlineSecurity
9993-LHIEB,DeviceProtection
9993-LHIEB,TechSupport
9993-LHIEB,StreamingMovies
9993-LHIEB,InternetService_DSL
0266-CLZKZ,PhoneService
0266-CLZKZ,MultipleLines
0266-CLZKZ,DeviceProtection
0266-CLZKZ,TechSupport
0266-CLZKZ,StreamingTV
0266-CLZKZ,StreamingMovies
0266-CLZKZ,InternetService_Fiber
7615-ESMYF,StreamingTV
7615-ESMYF,StreamingMovies
7615-ESMYF,InternetService_DSL
3858-VOBET,PhoneService
3858-VOBET,MultipleLines
3858-VOBET,InternetService_Fiber
7020-OZKXZ,PhoneService
7020-OZKXZ,DeviceProtection
7020-OZKXZ,InternetService_Fiber
3977-QCRSL,PhoneService
0017-DINOC,OnlineSecurity
0017-DINOC,TechSupport
0017-DINOC,StreamingTV
0017-DINOC,InternetService_DSL
1447-PJGGA,PhoneService
1447-PJGGA,DeviceProtection
1447-PJGGA,StreamingTV
1447-PJGGA,StreamingMovies
1447-PJGGA,InternetService_Fiber
8565-CLBZW,PhoneService
8565-CLBZW,MultipleLines
8565-CLBZW,DeviceProtection
8565-CLBZW,StreamingTV
8565-CLBZW,InternetService_Fiber
9139-WQQDY,PhoneService
9139-WQQDY,MultipleLines
9139-WQQDY,OnlineBackup
9139-WQQDY,StreamingTV
9139-WQQDY,StreamingMovies
9139-WQQDY,InternetService_Fiber
0224-HJAPT,PhoneService
0224-HJAPT,MultipleLines
0224-HJAPT,InternetService_DSL
8086-OVPWV,PhoneService
8086-OVPWV,StreamingMovies
8086-OVPWV,InternetService_Fiber
9430-FRQOC,PhoneService
9430-FRQOC,MultipleLines
9430-FRQOC,DeviceProtection
9430-FRQOC,TechSupport
9430-FRQOC,InternetService_Fiber
7639-OPLNG,PhoneService
7639-OPLNG,MultipleLines
7639-OPLNG,OnlineSecurity
7639-OPLNG,OnlineBackup
7639-OPLNG,DeviceProtection
7639-OPLNG,TechSupport
7639-OPLNG,StreamingTV
7639-OPLNG,InternetService_DSL
3074-GQWYX,PhoneService
3074-GQWYX,MultipleLines
3074-GQWYX,InternetService_Fiber
1492-QGCLU,PhoneService
1492-QGCLU,MultipleLines
1492-QGCLU,OnlineSecurity
1492-QGCLU,DeviceProtection
1492-QGCLU,TechSupport
1492-QGCLU,StreamingTV
1492-QGCLU,StreamingMovies
1492-QGCLU,InternetService_DSL
6845-RGTYS,PhoneService
6845-RGTYS,MultipleLines
6845-RGTYS,OnlineSecurity
6845-RGTYS,OnlineBackup
6845-RGTYS,DeviceProtection
6845-RGTYS,StreamingTV
6845-RGTYS,InternetService_Fiber
7328-OWMOM,PhoneService
4418-LZMSV,PhoneService
4418-LZMSV,OnlineBackup
4418-LZMSV,DeviceProtection
4418-LZMSV,TechSupport
4418-LZMSV,InternetService_DSL
5155-AZQPB,PhoneService
5155-AZQPB,MultipleLines
5155-AZQPB,InternetService_DSL
8861-HGGKB,PhoneService
8861-HGGKB,MultipleLines
8861-HGGKB,StreamingMovies
8861-HGGKB,InternetService_Fiber
1087-GRUYI,PhoneService
7065-YUNRY,PhoneService
7065-YUNRY,InternetService_DSL
7694-VLBWQ,PhoneService
7694-VLBWQ,MultipleLines
7694-VLBWQ,OnlineBackup
7694-VLBWQ,DeviceProtection
7694-VLBWQ,StreamingTV
7694-VLBWQ,StreamingMovies
7694-VLBWQ,InternetService_Fiber
2546-KZAAT,PhoneService
2546-KZAAT,OnlineSecurity
2546-KZAAT,OnlineBackup
2546-KZAAT,StreamingTV
2546-KZAAT,StreamingMovies
2546-KZAAT,InternetService_DSL
0181-RITDD,PhoneService
0181-RITDD,OnlineSecurity
0181-RITDD,OnlineBackup
0181-RITDD,DeviceProtection
0181-RITDD,TechSupport
0181-RITDD,StreamingTV
0181-RITDD,StreamingMovies
0181-RITDD,InternetService_Fiber
5989-PGKJB,PhoneService
5989-PGKJB,OnlineBackup
5989-PGKJB,StreamingMovies
5989-PGKJB,InternetService_Fiber
4795-KTRTH,PhoneService
4795-KTRTH,MultipleLines
4795-KTRTH,OnlineBackup
4795-KTRTH,InternetService_Fiber
8272-ONJLV,PhoneService
8272-ONJLV,DeviceProtection
8272-ONJLV,StreamingTV
8272-ONJLV,StreamingMovies
8272-ONJLV,InternetService_Fiber
1488-PBLJN,PhoneService
1488-PBLJN,MultipleLines
1488-PBLJN,OnlineSecurity
1488-PBLJN,OnlineBackup
1488-PBLJN,DeviceProtection
1488-PBLJN,TechSupport
1488-PBLJN,StreamingTV
1488-PBLJN,StreamingMovies
1488-PBLJN,InternetService_Fiber
0308-GIQJT,PhoneService
0308-GIQJT,MultipleLines
0308-GIQJT,OnlineBackup
0308-GIQJT,TechSupport
0308-GIQJT,StreamingTV
0308-GIQJT,StreamingMovies
0308-GIQJT,InternetService_Fiber
3778-FOAQW,PhoneService
4452-ROHMO,PhoneService
6481-OGDOO,PhoneService
6481-OGDOO,OnlineSecurity
6481-OGDOO,OnlineBackup
6481-OGDOO,StreamingMovies
6481-OGDOO,InternetService_Fiber
3090-LETTY,PhoneService
3090-LETTY,MultipleLines
3090-LETTY,OnlineSecurity
3090-LETTY,OnlineBackup
3090-LETTY,InternetService_DSL
5349-AZPEW,InternetService_DSL
3753-TSEMP,PhoneService
3753-TSEMP,StreamingTV
3753-TSEMP,StreamingMovies
3753-TSEMP,InternetService_Fiber
8305-VHZBZ,PhoneService
9720-JJJOR,PhoneService
9720-JJJOR,OnlineSecurity
9720-JJJOR,OnlineBackup
9720-JJJOR,DeviceProtection
9720-JJJOR,InternetService_DSL
8100-HZZLJ,PhoneService
8100-HZZLJ,OnlineSecurity
8100-HZZLJ,OnlineBackup
8100-HZZLJ,StreamingMovies
8100-HZZLJ,InternetService_DSL
8775-ERLNB,PhoneService
8775-ERLNB,MultipleLines
8775-ERLNB,InternetService_Fiber
8309-IEYJD,PhoneService
8309-IEYJD,InternetService_Fiber
9172-JITSM,PhoneService
9172-JITSM,StreamingTV
9172-JITSM,StreamingMovies
9172-JITSM,InternetService_Fiber
6298-QDFNH,PhoneService
6298-QDFNH,MultipleLines
6298-QDFNH,OnlineBackup
6298-QDFNH,InternetService_Fiber
7398-HPYZQ,PhoneService
7398-HPYZQ,MultipleLines
7398-HPYZQ,OnlineSecurity
7398-HPYZQ,OnlineBackup
7398-HPYZQ,DeviceProtection
7398-HPYZQ,TechSupport
7398-HPYZQ,StreamingTV
7398-HPYZQ,StreamingMovies
7398-HPYZQ,InternetService_DSL
3546-GHEAE,PhoneService
7361-YPXFS,PhoneService
7361-YPXFS,MultipleLines
7361-YPXFS,OnlineBackup
7361-YPXFS,DeviceProtection
7361-YPXFS,TechSupport
7361-YPXFS,InternetService_DSL
6557-BZXLQ,PhoneService
6557-BZXLQ,InternetService_Fiber
2550-QHZGP,PhoneService
7519-JTWQH,PhoneService
7519-JTWQH,MultipleLines
7519-JTWQH,OnlineBackup
7519-JTWQH,DeviceProtection
7519-JTWQH,TechSupport
7519-JTWQH,StreamingTV
7519-JTWQH,StreamingMovies
7519-JTWQH,InternetService_Fiber
2538-OIMXF,InternetService_DSL
8543-MSDMF,PhoneService
8543-MSDMF,OnlineSecurity
8543-MSDMF,DeviceProtection
8543-MSDMF,StreamingTV
8543-MSDMF,StreamingMovies
8543-MSDMF,InternetService_DSL
9961-JBNMK,PhoneService
9961-JBNMK,DeviceProtection
9961-JBNMK,StreamingTV
9961-JBNMK,StreamingMovies
9961-JBNMK,InternetService_Fiber
1170-SASML,PhoneService
1170-SASML,MultipleLines
1170-SASML,OnlineBackup
1170-SASML,DeviceProtection
1170-SASML,InternetService_Fiber
4872-JCVCA,OnlineSecurity
4872-JCVCA,OnlineBackup
4872-JCVCA,DeviceProtection
4872-JCVCA,TechSupport
4872-JCVCA,InternetService_DSL
5346-BZCHP,PhoneService
2038-LLMLM,PhoneService
2038-LLMLM,MultipleLines
2038-LLMLM,DeviceProtection
2038-LLMLM,TechSupport
2038-LLMLM,StreamingTV
2038-LLMLM,StreamingMovies
2038-LLMLM,InternetService_Fiber
6173-ITPWD,PhoneService
6173-ITPWD,MultipleLines
6173-ITPWD,OnlineBackup
6173-ITPWD,DeviceProtection
6173-ITPWD,InternetService_Fiber
9734-UYXQI,PhoneService
9734-UYXQI,MultipleLines
9734-UYXQI,InternetService_DSL
1216-BGTSP,PhoneService
1216-BGTSP,MultipleLines
1216-BGTSP,OnlineSecurity
1216-BGTSP,DeviceProtection
1216-BGTSP,TechSupport
1216-BGTSP,StreamingTV
1216-BGTSP,StreamingMovies
1216-BGTSP,InternetService_Fiber
4138-NAXED,PhoneService
4138-NAXED,MultipleLines
4138-NAXED,OnlineBackup
4138-NAXED,InternetService_Fiber
2189-UXTKY,PhoneService
2189-UXTKY,MultipleLines
2189-UXTKY,OnlineSecurity
2189-UXTKY,TechSupport
2189-UXTKY,StreamingTV
2189-UXTKY,StreamingMovies
2189-UXTKY,InternetService_DSL
0744-BIKKF,PhoneService
0744-BIKKF,MultipleLines
0744-BIKKF,OnlineSecurity
0744-BIKKF,OnlineBackup
0744-BIKKF,DeviceProtection
0744-BIKKF,TechSupport
0744-BIKKF,StreamingTV
0744-BIKKF,StreamingMovies
0744-BIKKF,InternetService_DSL
7483-IQWIB,PhoneService
7483-IQWIB,MultipleLines
7483-IQWIB,OnlineBackup
7483-IQWIB,DeviceProtection
7483-IQWIB,StreamingTV
7483-IQWIB,InternetService_Fiber
5248-KWLAR,PhoneService
5248-KWLAR,MultipleLines
5248-KWLAR,OnlineSecurity
5248-KWLAR,OnlineBackup
5248-KWLAR,DeviceProtection
5248-KWLAR,TechSupport
5248-KWLAR,StreamingTV
5248-KWLAR,StreamingMovies
5248-KWLAR,InternetService_DSL
4958-GZWIY,PhoneService
4958-GZWIY,DeviceProtection
4958-GZWIY,InternetService_DSL
7996-MHXLW,PhoneService
7996-MHXLW,MultipleLines
7833-PKIHD,PhoneService
7833-PKIHD,OnlineSecurity
7833-PKIHD,TechSupport
7833-PKIHD,StreamingTV
7833-PKIHD,StreamingMovies
7833-PKIHD,InternetService_DSL
7061-OVMIM,PhoneService
5153-RTHKF,PhoneService
5153-RTHKF,MultipleLines
5153-RTHKF,StreamingTV
5153-RTHKF,InternetService_Fiber
1852-QSWCD,PhoneService
1852-QSWCD,MultipleLines
4832-VRBMR,PhoneService
4832-VRBMR,MultipleLines
4832-VRBMR,OnlineBackup
4832-VRBMR,DeviceProtection
4832-VRBMR,StreamingTV
4832-VRBMR,StreamingMovies
4832-VRBMR,InternetService_Fiber
9079-LWTFD,PhoneService
9079-LWTFD,MultipleLines
9079-LWTFD,OnlineSecurity
9079-LWTFD,OnlineBackup
9079-LWTFD,TechSupport
9079-LWTFD,StreamingTV
9079-LWTFD,InternetService_Fiber
6356-ELRKD,PhoneService
6356-ELRKD,OnlineSecurity
6356-ELRKD,StreamingTV
6356-ELRKD,StreamingMovies
6356-ELRKD,InternetService_Fiber
8624-GIOUT,PhoneService
8624-GIOUT,MultipleLines
8624-GIOUT,OnlineSecurity
8624-GIOUT,OnlineBackup
8624-GIOUT,InternetService_DSL
3392-EHMNK,PhoneService
3392-EHMNK,MultipleLines
3392-EHMNK,OnlineBackup
3392-EHMNK,TechSupport
3392-EHMNK,StreamingTV
3392-EHMNK,InternetService_Fiber
5986-WWXDV,PhoneService
3061-BCKYI,PhoneService
6179-GJPSO,PhoneService
6179-GJPSO,OnlineSecurity
6179-GJPSO,OnlineBackup
6179-GJPSO,TechSupport
6179-GJPSO,StreamingTV
6179-GJPSO,StreamingMovies
6179-GJPSO,InternetService_Fiber
7901-TBKJX,PhoneService
7901-TBKJX,MultipleLines
7901-TBKJX,DeviceProtection
7901-TBKJX,StreamingTV
7901-TBKJX,StreamingMovies
7901-TBKJX,InternetService_Fiber
7228-PAQPD,PhoneService
7228-PAQPD,TechSupport
7228-PAQPD,StreamingMovies
7228-PAQPD,InternetService_DSL
3177-LASXD,PhoneService
3177-LASXD,InternetService_Fiber
7746-QYVCO,PhoneService
7746-QYVCO,OnlineSecurity
7746-QYVCO,OnlineBackup
7746-QYVCO,InternetService_DSL
5804-HYIEZ,PhoneService
5804-HYIEZ,MultipleLines
5804-HYIEZ,OnlineSecurity
5804-HYIEZ,OnlineBackup
5804-HYIEZ,StreamingTV
5804-HYIEZ,StreamingMovies
5804-HYIEZ,InternetService_Fiber
9919-FZDED,PhoneService
9919-FZDED,MultipleLines
9919-FZDED,OnlineSecurity
9919-FZDED,OnlineBackup
9919-FZDED,DeviceProtection
9919-FZDED,StreamingTV
9919-FZDED,StreamingMovies
9919-FZDED,InternetService_DSL
5934-TSSAU,PhoneService
5934-TSSAU,DeviceProtection
5934-TSSAU,InternetService_Fiber
3486-KHMLI,PhoneService
3486-KHMLI,MultipleLines
4897-QSUYC,PhoneService
1084-UQCHV,PhoneService
1084-UQCHV,InternetService_Fiber
8290-YWKHZ,PhoneService
8290-YWKHZ,MultipleLines
8290-YWKHZ,StreamingTV
8290-YWKHZ,StreamingMovies
8290-YWKHZ,InternetService_Fiber
2955-BJZHG,PhoneService
2955-BJZHG,StreamingTV
2955-BJZHG,InternetService_Fiber
3806-DXQOM,OnlineSecurity
3806-DXQOM,OnlineBackup
3806-DXQOM,InternetService_DSL
6784-XYJAE,PhoneService
6784-XYJAE,MultipleLines
6784-XYJAE,DeviceProtection
6784-XYJAE,InternetService_DSL
3933-DQPWX,OnlineBackup
3933-DQPWX,DeviceProtection
3933-DQPWX,TechSupport
3933-DQPWX,InternetService_DSL
6661-EIPZC,TechSupport
6661-EIPZC,InternetService_DSL
8957-THMOA,PhoneService
2251-PYLPB,PhoneService
2251-PYLPB,MultipleLines
2251-PYLPB,OnlineSecurity
2251-PYLPB,OnlineBackup
2251-PYLPB,DeviceProtection
2251-PYLPB,TechSupport
2251-PYLPB,StreamingMovies
2251-PYLPB,InternetService_DSL
5555-RNPGT,PhoneService
5555-RNPGT,MultipleLines
1057-FOGLZ,PhoneService
9300-RENDD,PhoneService
9300-RENDD,StreamingTV
9300-RENDD,InternetService_Fiber
0761-AETCS,PhoneService
8087-LGYHQ,PhoneService
8087-LGYHQ,DeviceProtection
8087-LGYHQ,StreamingTV
8087-LGYHQ,StreamingMovies
8087-LGYHQ,InternetService_Fiber
4137-BTIKL,PhoneService
4137-BTIKL,MultipleLines
4137-BTIKL,OnlineSecurity
4137-BTIKL,StreamingMovies
4137-BTIKL,InternetService_Fiber
2190-BCXEC,PhoneService
2190-BCXEC,MultipleLines
2190-BCXEC,TechSupport
2190-BCXEC,InternetService_Fiber
6227-FBDXH,PhoneService
6227-FBDXH,MultipleLines
6227-FBDXH,DeviceProtection
6227-FBDXH,StreamingTV
6227-FBDXH,StreamingMovies
6227-FBDXH,InternetService_Fiber
2153-MREFK,PhoneService
2153-MREFK,MultipleLines
2153-MREFK,OnlineSecurity
2153-MREFK,DeviceProtection
2153-MREFK,TechSupport
2153-MREFK,StreamingMovies
2153-MREFK,InternetService_Fiber
2911-WDXMV,PhoneService
2911-WDXMV,MultipleLines
2911-WDXMV,DeviceProtection
2911-WDXMV,InternetService_Fiber
7206-PQBBZ,PhoneService
7206-PQBBZ,InternetService_Fiber
3106-ULWFW,PhoneService
3106-ULWFW,MultipleLines
3106-ULWFW,StreamingMovies
3106-ULWFW,InternetService_Fiber
0925-VYDLG,PhoneService
0925-VYDLG,MultipleLines
0925-VYDLG,InternetService_Fiber
4547-FZJWE,PhoneService
4547-FZJWE,OnlineSecurity
4547-FZJWE,StreamingMovies
4547-FZJWE,InternetService_DSL
7422-WNBTY,PhoneService
7422-WNBTY,MultipleLines
7422-WNBTY,OnlineBackup
7422-WNBTY,DeviceProtection
7422-WNBTY,StreamingMovies
7422-WNBTY,InternetService_Fiber
0842-IWYCP,PhoneService
0842-IWYCP,InternetService_DSL
3521-HTQTV,PhoneService
3521-HTQTV,MultipleLines
3744-ZBHON,PhoneService
3373-DIUUN,PhoneService
8383-SGHJU,PhoneService
8383-SGHJU,MultipleLines
8383-SGHJU,OnlineSecurity
8383-SGHJU,TechSupport
8383-SGHJU,InternetService_DSL
7607-QKKTJ,PhoneService
7607-QKKTJ,MultipleLines
7607-QKKTJ,OnlineBackup
7607-QKKTJ,DeviceProtection
7607-QKKTJ,StreamingMovies
7607-QKKTJ,InternetService_Fiber
7707-PYBBH,PhoneService
7707-PYBBH,OnlineSecurity
7707-PYBBH,OnlineBackup
7707-PYBBH,TechSupport
7707-PYBBH,InternetService_DSL
8984-HPEMB,PhoneService
8984-HPEMB,MultipleLines
8984-HPEMB,OnlineSecurity
8984-HPEMB,OnlineBackup
8984-HPEMB,DeviceProtection
8984-HPEMB,TechSupport
8984-HPEMB,StreamingTV
8984-HPEMB,StreamingMovies
8984-HPEMB,InternetService_Fiber
4349-GFQHK,PhoneService
4349-GFQHK,MultipleLines
4349-GFQHK,DeviceProtection
4349-GFQHK,InternetService_DSL
4139-DETXS,OnlineSecurity
4139-DETXS,OnlineBackup
4139-DETXS,DeviceProtection
4139-DETXS,TechSupport
4139-DETXS,StreamingTV
4139-DETXS,StreamingMovies
4139-DETXS,InternetService_DSL
9779-DPNEJ,PhoneService
9779-DPNEJ,StreamingMovies
9779-DPNEJ,InternetService_Fiber
9805-FILKB,PhoneService
5793-YOLJN,PhoneService
0673-IGUQO,PhoneService
4123-FCVCB,PhoneService
4123-FCVCB,MultipleLines
4123-FCVCB,TechSupport
4123-FCVCB,StreamingTV
4123-FCVCB,StreamingMovies
4123-FCVCB,InternetService_DSL
8819-IMISP,PhoneService
8819-IMISP,MultipleLines
8819-IMISP,OnlineBackup
8819-IMISP,InternetService_Fiber
7802-EFKNY,InternetService_DSL
8311-UEUAB,PhoneService
8311-UEUAB,MultipleLines
8311-UEUAB,OnlineSecurity
8311-UEUAB,StreamingTV
8311-UEUAB,StreamingMovies
8311-UEUAB,InternetService_DSL
5858-EAFCZ,PhoneService
5858-EAFCZ,InternetService_DSL
8035-BUYVG,OnlineSecurity
8035-BUYVG,OnlineBackup
8035-BUYVG,DeviceProtection
8035-BUYVG,InternetService_DSL
1163-ONYEY,PhoneService
1163-ONYEY,MultipleLines
1163-ONYEY,OnlineSecurity
1163-ONYEY,OnlineBackup
1163-ONYEY,DeviceProtection
1163-ONYEY,StreamingTV
1163-ONYEY,InternetService_DSL
9787-XVQIU,PhoneService
9787-XVQIU,MultipleLines
9787-XVQIU,InternetService_Fiber
8945-MUQUF,PhoneService
8945-MUQUF,MultipleLines
8945-MUQUF,OnlineSecurity
8945-MUQUF,OnlineBackup
8945-MUQUF,StreamingTV
8945-MUQUF,InternetService_Fiber
5656-MJEFC,OnlineSecurity
5656-MJEFC,DeviceProtection
5656-MJEFC,TechSupport
5656-MJEFC,StreamingTV
5656-MJEFC,InternetService_DSL
6082-OQFBA,PhoneService
8051-HJRLT,PhoneService
8051-HJRLT,InternetService_Fiber
8974-OVACP,PhoneService
4010-YLMVT,PhoneService
4010-YLMVT,MultipleLines
4010-YLMVT,OnlineSecurity
4010-YLMVT,OnlineBackup
4010-YLMVT,StreamingTV
4010-YLMVT,StreamingMovies
4010-YLMVT,InternetService_Fiber
1379-FRVEB,PhoneService
1379-FRVEB,MultipleLines
1379-FRVEB,OnlineBackup
1379-FRVEB,StreamingTV
1379-FRVEB,InternetService_Fiber
8612-GXIDD,PhoneService
8612-GXIDD,MultipleLines
6288-CHQJB,PhoneService
6288-CHQJB,OnlineSecurity
6288-CHQJB,DeviceProtection
6288-CHQJB,TechSupport
6288-CHQJB,StreamingMovies
6288-CHQJB,InternetService_DSL
8160-HOWOX,PhoneService
8160-HOWOX,StreamingTV
8160-HOWOX,StreamingMovies
8160-HOWOX,InternetService_DSL
3023-GFLBR,PhoneService
3023-GFLBR,MultipleLines
3023-GFLBR,StreamingMovies
3023-GFLBR,InternetService_Fiber
6648-INWPS,PhoneService
4223-BKEOR,PhoneService
4223-BKEOR,OnlineSecurity
4223-BKEOR,DeviceProtection
4223-BKEOR,StreamingMovies
4223-BKEOR,InternetService_DSL
4079-VTGLK,PhoneService
4079-VTGLK,MultipleLines
4079-VTGLK,DeviceProtection
4079-VTGLK,StreamingTV
4079-VTGLK,StreamingMovies
4079-VTGLK,InternetService_DSL
1763-WQFUK,PhoneService
1763-WQFUK,TechSupport
1763-WQFUK,InternetService_DSL
1391-UBDAR,PhoneService
1391-UBDAR,DeviceProtection
1391-UBDAR,InternetService_Fiber
8894-JVDCV,PhoneService
8894-JVDCV,MultipleLines
8894-JVDCV,OnlineSecurity
8894-JVDCV,OnlineBackup
8894-JVDCV,DeviceProtection
8894-JVDCV,TechSupport
8894-JVDCV,StreamingTV
8894-JVDCV,StreamingMovies
8894-JVDCV,InternetService_Fiber
2023-VQFDL,PhoneService
1345-GKDZZ,PhoneService
2014-MKGMH,PhoneService
2014-MKGMH,MultipleLines
2014-MKGMH,DeviceProtection
2014-MKGMH,StreamingTV
2014-MKGMH,StreamingMovies
2014-MKGMH,InternetService_Fiber
5628-FCGYG,PhoneService
5628-FCGYG,MultipleLines
5628-FCGYG,StreamingMovies
5628-FCGYG,InternetService_Fiber
2560-WBWXF,PhoneService
2560-WBWXF,MultipleLines
0248-IPDFW,PhoneService
0248-IPDFW,MultipleLines
0248-IPDFW,InternetService_DSL
7978-DKUQH,PhoneService
7978-DKUQH,DeviceProtection
7978-DKUQH,InternetService_Fiber
4335-UPJSI,PhoneService
0524-IAVZO,PhoneService
0524-IAVZO,MultipleLines
0524-IAVZO,StreamingMovies
0524-IAVZO,InternetService_Fiber
2737-YNGYW,PhoneService
2737-YNGYW,StreamingMovies
2737-YNGYW,InternetService_Fiber
1784-EZDKJ,PhoneService
1784-EZDKJ,MultipleLines
1784-EZDKJ,OnlineBackup
1784-EZDKJ,DeviceProtection
1784-EZDKJ,StreamingTV
1784-EZDKJ,StreamingMovies
1784-EZDKJ,InternetService_Fiber
9297-FVVDH,PhoneService
9297-FVVDH,MultipleLines
9297-FVVDH,OnlineSecurity
9297-FVVDH,DeviceProtection
9297-FVVDH,TechSupport
9297-FVVDH,StreamingTV
9297-FVVDH,StreamingMovies
9297-FVVDH,InternetService_DSL
8007-YYPWD,PhoneService
8007-YYPWD,MultipleLines
7101-HRBLJ,PhoneService
7101-HRBLJ,OnlineSecurity
7101-HRBLJ,OnlineBackup
7101-HRBLJ,DeviceProtection
7101-HRBLJ,TechSupport
7101-HRBLJ,StreamingTV
7101-HRBLJ,StreamingMovies
7101-HRBLJ,InternetService_DSL
5159-YFPKQ,PhoneService
5159-YFPKQ,DeviceProtection
5159-YFPKQ,InternetService_Fiber
6635-CPNUN,PhoneService
6635-CPNUN,MultipleLines
6635-CPNUN,OnlineBackup
6635-CPNUN,DeviceProtection
6635-CPNUN,StreamingTV
6635-CPNUN,InternetService_Fiber
4021-RQSNY,PhoneService
4021-RQSNY,MultipleLines
4021-RQSNY,DeviceProtection
4021-RQSNY,StreamingTV
4021-RQSNY,StreamingMovies
4021-RQSNY,InternetService_Fiber
5453-YBTWV,PhoneService
5453-YBTWV,OnlineSecurity
5453-YBTWV,OnlineBackup
5453-YBTWV,DeviceProtection
5453-YBTWV,TechSupport
5453-YBTWV,StreamingTV
5453-YBTWV,InternetService_Fiber
5039-LZRQT,PhoneService
2931-VUVJN,PhoneService
2931-VUVJN,MultipleLines
2931-VUVJN,OnlineSecurity
2931-VUVJN,OnlineBackup
2931-VUVJN,DeviceProtection
2931-VUVJN,TechSupport
2931-VUVJN,InternetService_Fiber
9061-TIHDA,PhoneService
9061-TIHDA,MultipleLines
9061-TIHDA,StreamingTV
9061-TIHDA,StreamingMovies
9061-TIHDA,InternetService_Fiber
8699-ASUFO,PhoneService
8699-ASUFO,MultipleLines
8699-ASUFO,InternetService_Fiber
6418-PIQSP,PhoneService
6418-PIQSP,OnlineSecurity
6418-PIQSP,DeviceProtection
6418-PIQSP,TechSupport
6418-PIQSP,StreamingTV
6418-PIQSP,StreamingMovies
6418-PIQSP,InternetService_DSL
8220-OCUFY,PhoneService
8220-OCUFY,OnlineSecurity
8220-OCUFY,DeviceProtection
8220-OCUFY,TechSupport
8220-OCUFY,InternetService_DSL
3995-WFCSM,PhoneService
3995-WFCSM,DeviceProtection
3995-WFCSM,StreamingMovies
3995-WFCSM,InternetService_DSL
1895-QTKDO,PhoneService
1895-QTKDO,InternetService_DSL
2038-OEQZH,PhoneService
2038-OEQZH,DeviceProtection
2038-OEQZH,StreamingMovies
2038-OEQZH,InternetService_Fiber
1178-PZGAB,PhoneService
7927-AUXBZ,PhoneService
7927-AUXBZ,TechSupport
7927-AUXBZ,StreamingTV
7927-AUXBZ,InternetService_Fiber
2626-VEEWG,PhoneService
2878-RMWXY,PhoneService
2878-RMWXY,MultipleLines
2878-RMWXY,OnlineSecurity
2878-RMWXY,OnlineBackup
2878-RMWXY,DeviceProtection
2878-RMWXY,StreamingMovies
2878-RMWXY,InternetService_Fiber
1657-DYMBM,PhoneService
7311-MQJCH,PhoneService
7375-WMVMT,PhoneService
7375-WMVMT,OnlineBackup
7375-WMVMT,DeviceProtection
7375-WMVMT,TechSupport
7375-WMVMT,StreamingMovies
7375-WMVMT,InternetService_Fiber
1136-XGEQU,PhoneService
1136-XGEQU,MultipleLines
1136-XGEQU,OnlineBackup
1136-XGEQU,DeviceProtection
1136-XGEQU,TechSupport
1136-XGEQU,StreamingTV
1136-XGEQU,StreamingMovies
1136-XGEQU,InternetService_DSL
2530-FMFXO,PhoneService
2530-FMFXO,MultipleLines
2530-FMFXO,DeviceProtection
2530-FMFXO,TechSupport
2530-FMFXO,StreamingTV
2530-FMFXO,StreamingMovies
2530-FMFXO,InternetService_Fiber
6844-DZKRF,PhoneService
6844-DZKRF,TechSupport
6844-DZKRF,InternetService_DSL
4695-WJZUE,PhoneService
4695-WJZUE,MultipleLines
4695-WJZUE,DeviceProtection
4695-WJZUE,StreamingMovies
4695-WJZUE,InternetService_Fiber
7619-ODSGN,PhoneService
7619-ODSGN,MultipleLines
7619-ODSGN,OnlineSecurity
7619-ODSGN,InternetService_DSL
5970-GHJAW,PhoneService
8879-XUAHX,PhoneService
8879-XUAHX,MultipleLines
8879-XUAHX,OnlineSecurity
8879-XUAHX,OnlineBackup
8879-XUAHX,DeviceProtection
8879-XUAHX,TechSupport
8879-XUAHX,StreamingTV
8879-XUAHX,StreamingMovies
8879-XUAHX,InternetService_Fiber
3689-MOZGR,TechSupport
3689-MOZGR,InternetService_DSL
4195-PNGZS,PhoneService
4195-PNGZS,MultipleLines
5003-XZWWO,PhoneService
5003-XZWWO,MultipleLines
5003-XZWWO,OnlineBackup
5003-XZWWO,DeviceProtection
5003-XZWWO,TechSupport
5003-XZWWO,StreamingTV
5003-XZWWO,StreamingMovies
5003-XZWWO,InternetService_DSL
3988-RQIXO,PhoneService
3988-RQIXO,StreamingTV
3988-RQIXO,StreamingMovies
3988-RQIXO,InternetService_Fiber
7622-FWGEW,PhoneService
7622-FWGEW,OnlineSecurity
7622-FWGEW,OnlineBackup
7622-FWGEW,DeviceProtection
7622-FWGEW,TechSupport
7622-FWGEW,StreamingTV
7622-FWGEW,StreamingMovies
7622-FWGEW,InternetService_DSL
6922-NCEDI,PhoneService
2514-GINMM,PhoneService
2514-GINMM,StreamingTV
2514-GINMM,InternetService_Fiber
9891-NQDBD,PhoneService
9891-NQDBD,MultipleLines
6131-IUNXN,PhoneService
8548-AWOFC,PhoneService
8548-AWOFC,MultipleLines
8548-AWOFC,TechSupport
8548-AWOFC,StreamingMovies
8548-AWOFC,InternetService_DSL
9798-DRYDS,PhoneService
9798-DRYDS,MultipleLines
9798-DRYDS,DeviceProtection
9798-DRYDS,TechSupport
9798-DRYDS,InternetService_DSL
8532-UEFWH,PhoneService
8532-UEFWH,MultipleLines
6296-DDOOR,PhoneService
6296-DDOOR,OnlineBackup
6296-DDOOR,StreamingTV
6296-DDOOR,InternetService_DSL
7951-VRDVK,PhoneService
7951-VRDVK,OnlineSecurity
7951-VRDVK,OnlineBackup
7951-VRDVK,DeviceProtection
7951-VRDVK,TechSupport
7951-VRDVK,StreamingTV
7951-VRDVK,StreamingMovies
7951-VRDVK,InternetService_DSL
5931-FLJJF,PhoneService
5931-FLJJF,InternetService_Fiber
4815-YOSUK,PhoneService
4815-YOSUK,MultipleLines
4815-YOSUK,OnlineSecurity
4815-YOSUK,OnlineBackup
4815-YOSUK,DeviceProtection
4815-YOSUK,TechSupport
4815-YOSUK,StreamingMovies
4815-YOSUK,InternetService_Fiber
2659-VXMWZ,PhoneService
2659-VXMWZ,MultipleLines
2659-VXMWZ,OnlineSecurity
2659-VXMWZ,OnlineBackup
2659-VXMWZ,DeviceProtection
2659-VXMWZ,StreamingTV
2659-VXMWZ,StreamingMovies
2659-VXMWZ,InternetService_Fiber
0380-NEAVX,PhoneService
0380-NEAVX,OnlineBackup
0380-NEAVX,DeviceProtection
0380-NEAVX,StreamingTV
0380-NEAVX,StreamingMovies
0380-NEAVX,InternetService_Fiber
3207-OYBWH,PhoneService
3207-OYBWH,MultipleLines
3207-OYBWH,OnlineBackup
3207-OYBWH,DeviceProtection
3207-OYBWH,StreamingMovies
3207-OYBWH,InternetService_Fiber
4285-GYRQC,PhoneService
4285-GYRQC,DeviceProtection
4285-GYRQC,StreamingTV
4285-GYRQC,InternetService_Fiber
7216-EWTRS,PhoneService
7216-EWTRS,MultipleLines
7216-EWTRS,DeviceProtection
7216-EWTRS,StreamingTV
7216-EWTRS,StreamingMovies
7216-EWTRS,InternetService_Fiber
4365-MSDYN,PhoneService
7036-TYDEC,PhoneService
7036-TYDEC,MultipleLines
7036-TYDEC,DeviceProtection
7036-TYDEC,TechSupport
7036-TYDEC,StreamingTV
7036-TYDEC,StreamingMovies
7036-TYDEC,InternetService_Fiber
5802-ADBRC,PhoneService
5802-ADBRC,MultipleLines
5802-ADBRC,OnlineSecurity
5802-ADBRC,DeviceProtection
5802-ADBRC,StreamingTV
5802-ADBRC,StreamingMovies
5802-ADBRC,InternetService_Fiber
8076-FEZKJ,PhoneService
5197-YPYBZ,PhoneService
5197-YPYBZ,MultipleLines
8337-MSSXB,PhoneService
8337-MSSXB,OnlineBackup
8337-MSSXB,StreamingMovies
8337-MSSXB,InternetService_Fiber
4312-GVYNH,OnlineSecurity
4312-GVYNH,DeviceProtection
4312-GVYNH,TechSupport
4312-GVYNH,StreamingMovies
4312-GVYNH,InternetService_DSL
8495-LJDFO,PhoneService
8495-LJDFO,MultipleLines
8495-LJDFO,OnlineSecurity
8495-LJDFO,DeviceProtection
8495-LJDFO,TechSupport
8495-LJDFO,StreamingTV
8495-LJDFO,StreamingMovies
8495-LJDFO,InternetService_Fiber
0839-JTCUD,PhoneService
0839-JTCUD,MultipleLines
0839-JTCUD,OnlineSecurity
0839-JTCUD,OnlineBackup
0839-JTCUD,DeviceProtection
0839-JTCUD,TechSupport
0839-JTCUD,StreamingTV
0839-JTCUD,StreamingMovies
0839-JTCUD,InternetService_DSL
5494-WOZRZ,PhoneService
5494-WOZRZ,OnlineSecurity
5494-WOZRZ,DeviceProtection
5494-WOZRZ,TechSupport
5494-WOZRZ,StreamingTV
5494-WOZRZ,StreamingMovies
5494-WOZRZ,InternetService_DSL
1302-UHBDD,PhoneService
1302-UHBDD,StreamingTV
1302-UHBDD,StreamingMovies
1302-UHBDD,InternetService_Fiber
2234-EOFPT,PhoneService
2234-EOFPT,OnlineSecurity
2234-EOFPT,OnlineBackup
2234-EOFPT,TechSupport
2234-EOFPT,StreamingTV
2234-EOFPT,StreamingMovies
2234-EOFPT,InternetService_DSL
8619-IJNDK,PhoneService
8619-IJNDK,OnlineSecurity
8619-IJNDK,OnlineBackup
8619-IJNDK,DeviceProtection
8619-IJNDK,TechSupport
8619-IJNDK,InternetService_DSL
8378-LKJAF,PhoneService
8378-LKJAF,MultipleLines
8378-LKJAF,DeviceProtection
8378-LKJAF,StreamingTV
8378-LKJAF,StreamingMovies
8378-LKJAF,InternetService_Fiber
8182-BJDSI,PhoneService
8182-BJDSI,MultipleLines
8182-BJDSI,OnlineBackup
8182-BJDSI,StreamingMovies
8182-BJDSI,InternetService_Fiber
2528-HFYZX,PhoneService
2528-HFYZX,OnlineBackup
2528-HFYZX,InternetService_Fiber
1153-GNOLC,OnlineBackup
1153-GNOLC,StreamingTV
1153-GNOLC,InternetService_DSL
3298-QEICA,OnlineSecurity
3298-QEICA,TechSupport
3298-QEICA,InternetService_DSL
0788-DXBFY,PhoneService
3597-YASZG,PhoneService
3597-YASZG,MultipleLines
3597-YASZG,OnlineBackup
3597-YASZG,TechSupport
3597-YASZG,StreamingTV
3597-YASZG,StreamingMovies
3597-YASZG,InternetService_Fiber
3496-LFSZU,PhoneService
3496-LFSZU,InternetService_Fiber
5242-UOWHD,PhoneService
2482-CZGBB,PhoneService
2482-CZGBB,InternetService_Fiber
6479-SZPLM,PhoneService
8097-VBQTZ,PhoneService
8097-VBQTZ,OnlineSecurity
8097-VBQTZ,OnlineBackup
8097-VBQTZ,TechSupport
8097-VBQTZ,StreamingTV
8097-VBQTZ,InternetService_DSL
4500-HKANN,PhoneService
4500-HKANN,MultipleLines
4500-HKANN,OnlineBackup
4500-HKANN,TechSupport
4500-HKANN,InternetService_DSL
9917-KWRBE,PhoneService
9917-KWRBE,MultipleLines
9917-KWRBE,OnlineSecurity
9917-KWRBE,OnlineBackup
9917-KWRBE,DeviceProtection
9917-KWRBE,StreamingTV
9917-KWRBE,InternetService_DSL
3420-ZDBMA,PhoneService
3420-ZDBMA,InternetService_Fiber
2212-LYASK,OnlineBackup
2212-LYASK,DeviceProtection
2212-LYASK,StreamingMovies
2212-LYASK,InternetService_DSL
1393-IMKZG,PhoneService
1393-IMKZG,TechSupport
1393-IMKZG,StreamingTV
1393-IMKZG,StreamingMovies
1393-IMKZG,InternetService_Fiber
8069-RHUXK,OnlineSecurity
8069-RHUXK,TechSupport
8069-RHUXK,InternetService_DSL
3398-GCPMU,PhoneService
3398-GCPMU,MultipleLines
3398-GCPMU,OnlineSecurity
3398-GCPMU,OnlineBackup
3398-GCPMU,DeviceProtection
3398-GCPMU,TechSupport
3398-GCPMU,StreamingTV
3398-GCPMU,StreamingMovies
3398-GCPMU,InternetService_DSL
2908-WGAXL,PhoneService
2908-WGAXL,MultipleLines
3378-AJRAO,PhoneService
3378-AJRAO,MultipleLines
1013-QCWAM,PhoneService
1013-QCWAM,MultipleLines
1013-QCWAM,OnlineBackup
1013-QCWAM,StreamingTV
1013-QCWAM,StreamingMovies
1013-QCWAM,InternetService_Fiber
0866-QLSIR,PhoneService
0866-QLSIR,MultipleLines
0866-QLSIR,OnlineSecurity
0866-QLSIR,OnlineBackup
0866-QLSIR,TechSupport
0866-QLSIR,InternetService_DSL
6050-FFXES,PhoneService
6050-FFXES,MultipleLines
6050-FFXES,DeviceProtection
6050-FFXES,TechSupport
6050-FFXES,StreamingTV
6050-FFXES,StreamingMovies
6050-FFXES,InternetService_Fiber
7181-BQYBV,PhoneService
7181-BQYBV,MultipleLines
7181-BQYBV,OnlineSecurity
7181-BQYBV,DeviceProtection
7181-BQYBV,StreamingTV
7181-BQYBV,StreamingMovies
7181-BQYBV,InternetService_Fiber
0362-RAOQO,PhoneService
9554-DFKIC,PhoneService
9554-DFKIC,MultipleLines
9554-DFKIC,OnlineSecurity
9554-DFKIC,InternetService_DSL
5527-ACHSO,PhoneService
5527-ACHSO,TechSupport
5527-ACHSO,StreamingTV
5527-ACHSO,StreamingMovies
5527-ACHSO,InternetService_DSL
0829-DDVLK,PhoneService
1399-UBQIU,PhoneService
1399-UBQIU,DeviceProtection
1399-UBQIU,StreamingTV
1399-UBQIU,StreamingMovies
1399-UBQIU,InternetService_DSL
1813-JLKWR,PhoneService
0336-PIKEI,PhoneService
0336-PIKEI,OnlineSecurity
0336-PIKEI,OnlineBackup
0336-PIKEI,DeviceProtection
0336-PIKEI,TechSupport
0336-PIKEI,StreamingTV
0336-PIKEI,InternetService_DSL
7322-OCWHC,PhoneService
7322-OCWHC,MultipleLines
7322-OCWHC,OnlineSecurity
7322-OCWHC,OnlineBackup
7322-OCWHC,DeviceProtection
7322-OCWHC,TechSupport
7322-OCWHC,InternetService_Fiber
9537-VHDTA,PhoneService
9537-VHDTA,OnlineSecurity
9537-VHDTA,InternetService_DSL
4957-TIALW,PhoneService
4957-TIALW,OnlineSecurity
4957-TIALW,OnlineBackup
4957-TIALW,DeviceProtection
4957-TIALW,TechSupport
4957-TIALW,InternetService_DSL
2054-PJOCK,PhoneService
2054-PJOCK,MultipleLines
2054-PJOCK,DeviceProtection
2054-PJOCK,TechSupport
2054-PJOCK,StreamingTV
2054-PJOCK,StreamingMovies
2054-PJOCK,InternetService_DSL
9150-HEPMB,PhoneService
9150-HEPMB,OnlineSecurity
9150-HEPMB,DeviceProtection
9150-HEPMB,InternetService_DSL
9030-QGZNL,PhoneService
6204-IEUXJ,PhoneService
6204-IEUXJ,DeviceProtection
6204-IEUXJ,TechSupport
6204-IEUXJ,InternetService_Fiber
3126-WQMGH,PhoneService
3126-WQMGH,MultipleLines
3126-WQMGH,InternetService_DSL
4529-CKBCL,PhoneService
4529-CKBCL,StreamingTV
4529-CKBCL,InternetService_Fiber
2506-CLAKW,PhoneService
2506-CLAKW,OnlineSecurity
2506-CLAKW,OnlineBackup
2506-CLAKW,DeviceProtection
2506-CLAKW,TechSupport
2506-CLAKW,StreamingMovies
2506-CLAKW,InternetService_Fiber
7176-WRTNX,PhoneService
7176-WRTNX,MultipleLines
7176-WRTNX,OnlineSecurity
7176-WRTNX,OnlineBackup
7176-WRTNX,DeviceProtection
7176-WRTNX,TechSupport
7176-WRTNX,StreamingTV
7176-WRTNX,StreamingMovies
7176-WRTNX,InternetService_Fiber
1583-IHQZE,PhoneService
1583-IHQZE,MultipleLines
1583-IHQZE,OnlineBackup
1583-IHQZE,DeviceProtection
1583-IHQZE,TechSupport
1583-IHQZE,StreamingTV
1583-IHQZE,StreamingMovies
1583-IHQZE,InternetService_Fiber
5732-IKGQH,PhoneService
5732-IKGQH,OnlineSecurity
5732-IKGQH,DeviceProtection
5732-IKGQH,TechSupport
5732-IKGQH,StreamingTV
5732-IKGQH,StreamingMovies
5732-IKGQH,InternetService_Fiber
9239-GZHZE,PhoneService
9239-GZHZE,MultipleLines
9239-GZHZE,OnlineSecurity
9239-GZHZE,OnlineBackup
9239-GZHZE,DeviceProtection
9239-GZHZE,TechSupport
9239-GZHZE,StreamingTV
9239-GZHZE,StreamingMovies
9239-GZHZE,InternetService_Fiber
7205-BAIAD,PhoneService
0151-ONTOV,PhoneService
0151-ONTOV,InternetService_Fiber
4140-MUHUG,PhoneService
4140-MUHUG,DeviceProtection
4140-MUHUG,StreamingTV
4140-MUHUG,InternetService_Fiber
0093-EXYQL,PhoneService
0093-EXYQL,StreamingTV
0093-EXYQL,StreamingMovies
0093-EXYQL,InternetService_Fiber
8064-RAVOH,PhoneService
8064-RAVOH,DeviceProtection
8064-RAVOH,InternetService_DSL
0219-QAERP,PhoneService
0320-JDNQG,PhoneService
0320-JDNQG,OnlineSecurity
0320-JDNQG,TechSupport
0320-JDNQG,StreamingTV
0320-JDNQG,StreamingMovies
0320-JDNQG,InternetService_Fiber
7180-PISOG,PhoneService
7180-PISOG,MultipleLines
7180-PISOG,InternetService_Fiber
9168-INPSZ,PhoneService
9168-INPSZ,MultipleLines
9168-INPSZ,DeviceProtection
9168-INPSZ,TechSupport
9168-INPSZ,StreamingTV
9168-INPSZ,StreamingMovies
9168-INPSZ,InternetService_Fiber
3571-RFHAR,PhoneService
3571-RFHAR,MultipleLines
3571-RFHAR,OnlineBackup
3571-RFHAR,DeviceProtection
3571-RFHAR,TechSupport
3571-RFHAR,StreamingTV
3571-RFHAR,StreamingMovies
3571-RFHAR,InternetService_Fiber
0015-UOCOJ,PhoneService
0015-UOCOJ,OnlineSecurity
0015-UOCOJ,InternetService_DSL
5334-AFQJB,PhoneService
5334-AFQJB,MultipleLines
2754-SDJRD,PhoneService
2754-SDJRD,MultipleLines
2754-SDJRD,TechSupport
2754-SDJRD,StreamingTV
2754-SDJRD,StreamingMovies
2754-SDJRD,InternetService_Fiber
9578-VRMNM,PhoneService
9578-VRMNM,MultipleLines
9578-VRMNM,DeviceProtection
9578-VRMNM,StreamingMovies
9578-VRMNM,InternetService_DSL
1587-FKLZB,PhoneService
1587-FKLZB,MultipleLines
1587-FKLZB,DeviceProtection
1587-FKLZB,StreamingTV
1587-FKLZB,StreamingMovies
1587-FKLZB,InternetService_Fiber
6140-QNRQQ,PhoneService
6140-QNRQQ,InternetService_Fiber
8963-JLGJT,PhoneService
8963-JLGJT,OnlineSecurity
8963-JLGJT,DeviceProtection
8963-JLGJT,InternetService_DSL
4307-KTUMW,PhoneService
4307-KTUMW,MultipleLines
4307-KTUMW,OnlineSecurity
4307-KTUMW,DeviceProtection
4307-KTUMW,StreamingMovies
4307-KTUMW,InternetService_Fiber
1465-LNTLJ,PhoneService
1465-LNTLJ,DeviceProtection
1465-LNTLJ,TechSupport
1465-LNTLJ,StreamingMovies
1465-LNTLJ,InternetService_DSL
5440-FLBQG,PhoneService
5440-FLBQG,MultipleLines
5440-FLBQG,OnlineBackup
5440-FLBQG,DeviceProtection
5440-FLBQG,TechSupport
5440-FLBQG,StreamingTV
5440-FLBQG,StreamingMovies
5440-FLBQG,InternetService_Fiber
2135-DQWAQ,PhoneService
2135-DQWAQ,OnlineBackup
2135-DQWAQ,StreamingTV
2135-DQWAQ,InternetService_Fiber
4056-QHXHZ,PhoneService
4056-QHXHZ,MultipleLines
4056-QHXHZ,OnlineSecurity
4056-QHXHZ,DeviceProtection
4056-QHXHZ,TechSupport
4056-QHXHZ,StreamingTV
4056-QHXHZ,StreamingMovies
4056-QHXHZ,InternetService_Fiber
7470-MCQTK,DeviceProtection
7470-MCQTK,StreamingTV
7470-MCQTK,StreamingMovies
7470-MCQTK,InternetService_DSL
7488-MXJIV,PhoneService
7488-MXJIV,MultipleLines
7488-MXJIV,StreamingTV
7488-MXJIV,InternetService_Fiber
7401-JIXNM,PhoneService
7401-JIXNM,MultipleLines
7401-JIXNM,OnlineSecurity
7401-JIXNM,OnlineBackup
7401-JIXNM,DeviceProtection
7401-JIXNM,TechSupport
7401-JIXNM,StreamingTV
7401-JIXNM,StreamingMovies
7401-JIXNM,InternetService_DSL
9339-FIIJL,PhoneService
9339-FIIJL,MultipleLines
9339-FIIJL,OnlineBackup
9339-FIIJL,DeviceProtection
9339-FIIJL,TechSupport
9339-FIIJL,StreamingTV
9339-FIIJL,StreamingMovies
9339-FIIJL,InternetService_DSL
2027-FECZV,PhoneService
2027-FECZV,MultipleLines
2027-FECZV,OnlineBackup
2027-FECZV,DeviceProtection
2027-FECZV,StreamingTV
2027-FECZV,StreamingMovies
2027-FECZV,InternetService_Fiber
2672-DZUOY,InternetService_DSL
4706-DGAHW,PhoneService
4706-DGAHW,InternetService_DSL
3870-MQAMG,PhoneService
3870-MQAMG,MultipleLines
3870-MQAMG,OnlineBackup
3870-MQAMG,DeviceProtection
3870-MQAMG,TechSupport
3870-MQAMG,StreamingTV
3870-MQAMG,StreamingMovies
3870-MQAMG,InternetService_Fiber
6670-MFRPK,PhoneService
6670-MFRPK,MultipleLines
6670-MFRPK,DeviceProtection
6670-MFRPK,InternetService_Fiber
6177-PEVRA,PhoneService
6177-PEVRA,OnlineSecurity
6177-PEVRA,OnlineBackup
6177-PEVRA,InternetService_DSL
4800-CZMPC,PhoneService
4800-CZMPC,MultipleLines
4800-CZMPC,OnlineSecurity
4800-CZMPC,OnlineBackup
4800-CZMPC,StreamingTV
4800-CZMPC,StreamingMovies
4800-CZMPC,InternetService_Fiber
4813-HQMGZ,PhoneService
4813-HQMGZ,MultipleLines
4813-HQMGZ,TechSupport
4813-HQMGZ,StreamingMovies
4813-HQMGZ,InternetService_Fiber
7579-KKLOE,PhoneService
7579-KKLOE,MultipleLines
7579-KKLOE,OnlineSecurity
7579-KKLOE,OnlineBackup
7579-KKLOE,DeviceProtection
7579-KKLOE,TechSupport
7579-KKLOE,StreamingTV
7579-KKLOE,StreamingMovies
7579-KKLOE,InternetService_DSL
7377-DMMRI,PhoneService
7377-DMMRI,OnlineSecurity
7377-DMMRI,InternetService_DSL
8402-EIVQS,PhoneService
8402-EIVQS,OnlineSecurity
8402-EIVQS,OnlineBackup
8402-EIVQS,StreamingTV
8402-EIVQS,StreamingMovies
8402-EIVQS,InternetService_Fiber
4947-DSMXK,PhoneService
4947-DSMXK,MultipleLines
4947-DSMXK,OnlineBackup
4947-DSMXK,StreamingTV
4947-DSMXK,StreamingMovies
4947-DSMXK,InternetService_Fiber
7245-NIIWQ,PhoneService
7245-NIIWQ,InternetService_Fiber
0002-ORFBO,PhoneService
0002-ORFBO,OnlineBackup
0002-ORFBO,TechSupport
0002-ORFBO,StreamingTV
0002-ORFBO,InternetService_DSL
3324-OIRTO,PhoneService
3324-OIRTO,OnlineSecurity
3324-OIRTO,OnlineBackup
3324-OIRTO,DeviceProtection
3324-OIRTO,StreamingTV
3324-OIRTO,StreamingMovies
3324-OIRTO,InternetService_Fiber
5414-OFQCB,PhoneService
5414-OFQCB,MultipleLines
5414-OFQCB,TechSupport
5414-OFQCB,StreamingTV
5414-OFQCB,InternetService_Fiber
4967-WPNCF,OnlineSecurity
4967-WPNCF,OnlineBackup
4967-WPNCF,DeviceProtection
4967-WPNCF,TechSupport
4967-WPNCF,StreamingTV
4967-WPNCF,StreamingMovies
4967-WPNCF,InternetService_DSL
8552-OBVRU,PhoneService
8552-OBVRU,OnlineSecurity
8552-OBVRU,DeviceProtection
8552-OBVRU,TechSupport
8552-OBVRU,StreamingTV
8552-OBVRU,StreamingMovies
8552-OBVRU,InternetService_Fiber
8499-BRXTD,PhoneService
9154-QDGTH,PhoneService
9154-QDGTH,MultipleLines
9154-QDGTH,DeviceProtection
9154-QDGTH,TechSupport
9154-QDGTH,StreamingTV
9154-QDGTH,StreamingMovies
9154-QDGTH,InternetService_Fiber
8197-BFWVU,PhoneService
8197-BFWVU,MultipleLines
8197-BFWVU,OnlineSecurity
8197-BFWVU,OnlineBackup
8197-BFWVU,DeviceProtection
8197-BFWVU,TechSupport
8197-BFWVU,StreamingTV
8197-BFWVU,StreamingMovies
8197-BFWVU,InternetService_DSL
2577-GVSIL,PhoneService
2577-GVSIL,MultipleLines
2577-GVSIL,TechSupport
2577-GVSIL,StreamingTV
2577-GVSIL,StreamingMovies
2577-GVSIL,InternetService_DSL
9367-OIUXP,PhoneService
6770-UAYGJ,PhoneService
6770-UAYGJ,MultipleLines
6463-HHXJR,PhoneService
6463-HHXJR,MultipleLines
6463-HHXJR,OnlineSecurity
6463-HHXJR,OnlineBackup
6463-HHXJR,DeviceProtection
6463-HHXJR,StreamingTV
6463-HHXJR,InternetService_Fiber
7928-VJYAB,PhoneService
7928-VJYAB,StreamingTV
7928-VJYAB,StreamingMovies
7928-VJYAB,InternetService_Fiber
1187-WILMM,PhoneService
1187-WILMM,MultipleLines
1187-WILMM,OnlineSecurity
1187-WILMM,OnlineBackup
1187-WILMM,DeviceProtection
1187-WILMM,TechSupport
1187-WILMM,StreamingTV
1187-WILMM,StreamingMovies
1187-WILMM,InternetService_DSL
9776-OJUZI,PhoneService
9776-OJUZI,MultipleLines
9776-OJUZI,OnlineBackup
9776-OJUZI,DeviceProtection
9776-OJUZI,StreamingTV
9776-OJUZI,InternetService_Fiber
1306-RPWXZ,PhoneService
8949-JTMAY,PhoneService
8949-JTMAY,MultipleLines
8949-JTMAY,DeviceProtection
8949-JTMAY,StreamingTV
8949-JTMAY,StreamingMovies
8949-JTMAY,InternetService_Fiber
2774-LVQUS,PhoneService
2774-LVQUS,MultipleLines
2774-LVQUS,DeviceProtection
2774-LVQUS,TechSupport
2774-LVQUS,InternetService_Fiber
3097-PYWXL,PhoneService
2266-SJNAT,PhoneService
2266-SJNAT,MultipleLines
2266-SJNAT,OnlineBackup
2266-SJNAT,DeviceProtection
2266-SJNAT,TechSupport
2266-SJNAT,StreamingTV
2266-SJNAT,StreamingMovies
2266-SJNAT,InternetService_Fiber
0869-PAPRP,PhoneService
0869-PAPRP,DeviceProtection
0869-PAPRP,StreamingTV
0869-PAPRP,InternetService_Fiber
4238-JSSWH,PhoneService
4238-JSSWH,MultipleLines
4238-JSSWH,DeviceProtection
4238-JSSWH,StreamingTV
4238-JSSWH,StreamingMovies
4238-JSSWH,InternetService_Fiber
2972-YDYUW,PhoneService
2972-YDYUW,MultipleLines
2972-YDYUW,OnlineBackup
2972-YDYUW,TechSupport
2972-YDYUW,StreamingMovies
2972-YDYUW,InternetService_Fiber
1104-FEJAM,PhoneService
1104-FEJAM,MultipleLines
1104-FEJAM,OnlineBackup
1104-FEJAM,StreamingMovies
1104-FEJAM,InternetService_DSL
2809-ILCYT,PhoneService
2809-ILCYT,MultipleLines
5499-ECUTN,PhoneService
5499-ECUTN,OnlineSecurity
5499-ECUTN,DeviceProtection
5499-ECUTN,StreamingTV
5499-ECUTN,InternetService_DSL
4981-FLTMF,PhoneService
4981-FLTMF,MultipleLines
4981-FLTMF,OnlineSecurity
4981-FLTMF,OnlineBackup
4981-FLTMF,TechSupport
4981-FLTMF,InternetService_DSL
9121-PHQSR,PhoneService
9121-PHQSR,MultipleLines
9121-PHQSR,StreamingTV
9121-PHQSR,InternetService_Fiber
3113-IWHLC,PhoneService
3113-IWHLC,OnlineSecurity
3113-IWHLC,DeviceProtection
3113-IWHLC,InternetService_DSL
3211-ILJTT,PhoneService
3211-ILJTT,InternetService_Fiber
4612-THJBS,PhoneService
4612-THJBS,MultipleLines
4612-THJBS,OnlineBackup
4612-THJBS,DeviceProtection
4612-THJBS,StreamingTV
4612-THJBS,StreamingMovies
4612-THJBS,InternetService_Fiber
4277-BWBML,PhoneService
4094-NSEDU,PhoneService
4094-NSEDU,MultipleLines
4094-NSEDU,StreamingTV
4094-NSEDU,StreamingMovies
4094-NSEDU,InternetService_Fiber
0234-TEVTT,OnlineSecurity
0234-TEVTT,DeviceProtection
0234-TEVTT,StreamingMovies
0234-TEVTT,InternetService_DSL
4304-TSPVK,PhoneService
4304-TSPVK,MultipleLines
4304-TSPVK,OnlineSecurity
4304-TSPVK,OnlineBackup
4304-TSPVK,DeviceProtection
4304-TSPVK,TechSupport
4304-TSPVK,StreamingTV
4304-TSPVK,StreamingMovies
4304-TSPVK,InternetService_Fiber
1552-AAGRX,PhoneService
1552-AAGRX,MultipleLines
1552-AAGRX,OnlineSecurity
1552-AAGRX,TechSupport
1552-AAGRX,StreamingTV
1552-AAGRX,StreamingMovies
1552-AAGRX,InternetService_Fiber
2637-FKFSY,PhoneService
2637-FKFSY,InternetService_DSL
9796-MVYXX,OnlineSecurity
9796-MVYXX,DeviceProtection
9796-MVYXX,TechSupport
9796-MVYXX,InternetService_DSL
7874-ECPQJ,PhoneService
0020-INWCK,PhoneService
0020-INWCK,MultipleLines
0020-INWCK,OnlineBackup
0020-INWCK,DeviceProtection
0020-INWCK,StreamingMovies
0020-INWCK,InternetService_Fiber
7089-RKVSZ,PhoneService
7089-RKVSZ,MultipleLines
2683-JXWQQ,OnlineSecurity
2683-JXWQQ,DeviceProtection
2683-JXWQQ,InternetService_DSL
9548-ZMVTX,PhoneService
9548-ZMVTX,MultipleLines
9548-ZMVTX,OnlineBackup
9548-ZMVTX,DeviceProtection
9548-ZMVTX,TechSupport
9548-ZMVTX,InternetService_Fiber
8739-XNIKG,PhoneService
8739-XNIKG,MultipleLines
8739-XNIKG,StreamingTV
8739-XNIKG,InternetService_Fiber
9755-JHNMN,PhoneService
9755-JHNMN,OnlineSecurity
9755-JHNMN,OnlineBackup
9755-JHNMN,DeviceProtection
9755-JHNMN,TechSupport
9755-JHNMN,InternetService_DSL
3981-QSVQI,PhoneService
2789-HQBOU,PhoneService
2789-HQBOU,StreamingMovies
2789-HQBOU,InternetService_Fiber
9424-CMPOG,PhoneService
5067-WJEUN,PhoneService
5067-WJEUN,OnlineSecurity
5067-WJEUN,OnlineBackup
5067-WJEUN,InternetService_DSL
3450-WXOAT,PhoneService
3450-WXOAT,InternetService_DSL
9251-WNSOD,PhoneService
9251-WNSOD,MultipleLines
9251-WNSOD,OnlineSecurity
9251-WNSOD,OnlineBackup
9251-WNSOD,DeviceProtection
9251-WNSOD,StreamingMovies
9251-WNSOD,InternetService_DSL
6974-DAFLI,PhoneService
2616-UUTFK,PhoneService
2616-UUTFK,MultipleLines
2616-UUTFK,OnlineSecurity
2616-UUTFK,OnlineBackup
2616-UUTFK,DeviceProtection
2616-UUTFK,StreamingTV
2616-UUTFK,InternetService_DSL
7064-JHXCE,PhoneService
5103-MHMHY,PhoneService
5103-MHMHY,InternetService_DSL
7989-AWGEH,OnlineSecurity
7989-AWGEH,StreamingMovies
7989-AWGEH,InternetService_DSL
4373-VVHQL,PhoneService
4373-VVHQL,InternetService_DSL
4559-UWIHT,PhoneService
4559-UWIHT,MultipleLines
4559-UWIHT,OnlineBackup
4559-UWIHT,DeviceProtection
4559-UWIHT,InternetService_Fiber
7268-IGMFD,PhoneService
7268-IGMFD,MultipleLines
7268-IGMFD,DeviceProtection
7268-IGMFD,TechSupport
7268-IGMFD,StreamingTV
7268-IGMFD,InternetService_Fiber
1846-XWOQN,PhoneService
1846-XWOQN,InternetService_Fiber
0235-KGSLC,PhoneService
0235-KGSLC,DeviceProtection
0235-KGSLC,StreamingTV
0235-KGSLC,InternetService_Fiber
6650-BWFRT,PhoneService
6650-BWFRT,MultipleLines
6650-BWFRT,OnlineSecurity
6650-BWFRT,OnlineBackup
6650-BWFRT,DeviceProtection
6650-BWFRT,TechSupport
6650-BWFRT,StreamingTV
6650-BWFRT,StreamingMovies
6650-BWFRT,InternetService_Fiber
9570-KYEUA,PhoneService
9570-KYEUA,MultipleLines
9570-KYEUA,OnlineSecurity
9570-KYEUA,DeviceProtection
9570-KYEUA,TechSupport
9570-KYEUA,StreamingMovies
9570-KYEUA,InternetService_Fiber
6993-YGFJV,PhoneService
6993-YGFJV,MultipleLines
6993-YGFJV,OnlineSecurity
6993-YGFJV,OnlineBackup
6993-YGFJV,DeviceProtection
6993-YGFJV,TechSupport
6993-YGFJV,StreamingTV
6993-YGFJV,StreamingMovies
6993-YGFJV,InternetService_Fiber
2712-SYWAY,PhoneService
2712-SYWAY,MultipleLines
0730-BGQGF,PhoneService
0730-BGQGF,MultipleLines
0730-BGQGF,OnlineSecurity
0730-BGQGF,OnlineBackup
0730-BGQGF,DeviceProtection
0730-BGQGF,TechSupport
0730-BGQGF,StreamingTV
0730-BGQGF,StreamingMovies
0730-BGQGF,InternetService_DSL
5498-IBWPI,PhoneService
5498-IBWPI,TechSupport
5498-IBWPI,InternetService_DSL
9101-NTIXF,PhoneService
0013-SMEOE,PhoneService
0013-SMEOE,OnlineSecurity
0013-SMEOE,OnlineBackup
0013-SMEOE,DeviceProtection
0013-SMEOE,TechSupport
0013-SMEOE,StreamingTV
0013-SMEOE,StreamingMovies
0013-SMEOE,InternetService_Fiber
9314-QDMDW,PhoneService
9314-QDMDW,OnlineBackup
9314-QDMDW,StreamingTV
9314-QDMDW,InternetService_DSL
9308-ANMVE,PhoneService
9308-ANMVE,OnlineSecurity
9308-ANMVE,OnlineBackup
9308-ANMVE,InternetService_DSL
2884-GBPFB,PhoneService
2884-GBPFB,InternetService_Fiber
3757-NJYBX,PhoneService
3757-NJYBX,MultipleLines
3757-NJYBX,OnlineBackup
3757-NJYBX,DeviceProtection
3757-NJYBX,StreamingTV
3757-NJYBX,StreamingMovies
3757-NJYBX,InternetService_Fiber
3413-DHLPB,PhoneService
3413-DHLPB,MultipleLines
3413-DHLPB,OnlineBackup
3413-DHLPB,TechSupport
3413-DHLPB,StreamingTV
3413-DHLPB,StreamingMovies
3413-DHLPB,InternetService_Fiber
7649-PHJVR,PhoneService
6114-TCFID,OnlineSecurity
6114-TCFID,OnlineBackup
6114-TCFID,TechSupport
6114-TCFID,InternetService_DSL
3787-TRIAL,InternetService_DSL
2573-GYRUU,PhoneService
2573-GYRUU,MultipleLines
2573-GYRUU,DeviceProtection
2573-GYRUU,StreamingMovies
2573-GYRUU,InternetService_Fiber
5156-UMKOW,OnlineBackup
5156-UMKOW,InternetService_DSL
1247-QBVSH,PhoneService
1247-QBVSH,OnlineBackup
1247-QBVSH,InternetService_DSL
6734-GMPVK,PhoneService
6734-GMPVK,MultipleLines
6734-GMPVK,OnlineBackup
6734-GMPVK,DeviceProtection
6734-GMPVK,StreamingTV
6734-GMPVK,StreamingMovies
6734-GMPVK,InternetService_Fiber
9822-OAOVB,PhoneService
9822-OAOVB,StreamingMovies
9822-OAOVB,InternetService_DSL
6161-ERDGD,PhoneService
6161-ERDGD,MultipleLines
6161-ERDGD,OnlineSecurity
6161-ERDGD,DeviceProtection
6161-ERDGD,TechSupport
6161-ERDGD,StreamingTV
6161-ERDGD,StreamingMovies
6161-ERDGD,InternetService_DSL
1226-JZNKR,PhoneService
7318-EIVKO,PhoneService
7318-EIVKO,MultipleLines
7318-EIVKO,StreamingTV
7318-EIVKO,InternetService_DSL
3771-PZOBW,PhoneService
3771-PZOBW,MultipleLines
3771-PZOBW,DeviceProtection
3771-PZOBW,StreamingTV
3771-PZOBW,InternetService_Fiber
5136-KCKGI,PhoneService
5136-KCKGI,MultipleLines
5136-KCKGI,OnlineSecurity
5136-KCKGI,DeviceProtection
5136-KCKGI,StreamingTV
5136-KCKGI,StreamingMovies
5136-KCKGI,InternetService_Fiber
8231-BSWXX,PhoneService
8231-BSWXX,MultipleLines
8231-BSWXX,OnlineBackup
8231-BSWXX,InternetService_Fiber
6486-LHTMA,PhoneService
6486-LHTMA,MultipleLines
6486-LHTMA,DeviceProtection
6486-LHTMA,StreamingTV
6486-LHTMA,InternetService_Fiber
4083-BFNYK,PhoneService
4083-BFNYK,MultipleLines
4083-BFNYK,OnlineSecurity
4083-BFNYK,OnlineBackup
4083-BFNYK,StreamingMovies
4083-BFNYK,InternetService_Fiber
3722-WPXTK,PhoneService
3722-WPXTK,StreamingTV
3722-WPXTK,StreamingMovies
3722-WPXTK,InternetService_Fiber
7389-KBFIT,OnlineBackup
7389-KBFIT,InternetService_DSL
7176-WIONM,DeviceProtection
7176-WIONM,StreamingTV
7176-WIONM,StreamingMovies
7176-WIONM,InternetService_DSL
5141-ZUVBH,PhoneService
5141-ZUVBH,OnlineSecurity
5141-ZUVBH,DeviceProtection
5141-ZUVBH,TechSupport
5141-ZUVBH,StreamingMovies
5141-ZUVBH,InternetService_Fiber
1089-HDMKP,PhoneService
1089-HDMKP,OnlineBackup
1089-HDMKP,TechSupport
1089-HDMKP,InternetService_DSL
7623-HKYRK,PhoneService
0310-SUCIN,PhoneService
0310-SUCIN,OnlineSecurity
0310-SUCIN,OnlineBackup
0310-SUCIN,DeviceProtection
0310-SUCIN,TechSupport
0310-SUCIN,StreamingTV
0310-SUCIN,StreamingMovies
0310-SUCIN,InternetService_DSL
5197-PYEPU,PhoneService
5197-PYEPU,MultipleLines
5197-PYEPU,OnlineSecurity
5197-PYEPU,OnlineBackup
5197-PYEPU,StreamingTV
5197-PYEPU,InternetService_Fiber
2929-ERCFZ,PhoneService
2929-ERCFZ,DeviceProtection
2929-ERCFZ,StreamingTV
2929-ERCFZ,StreamingMovies
2929-ERCFZ,InternetService_Fiber
7548-SEPYI,PhoneService
7548-SEPYI,OnlineBackup
7548-SEPYI,StreamingTV
7548-SEPYI,StreamingMovies
7548-SEPYI,InternetService_Fiber
8835-VSDSE,PhoneService
8835-VSDSE,InternetService_Fiber
6619-RPLQZ,PhoneService
3275-RHRNE,OnlineBackup
3275-RHRNE,DeviceProtection
3275-RHRNE,TechSupport
3275-RHRNE,StreamingTV
3275-RHRNE,StreamingMovies
3275-RHRNE,InternetService_DSL
3503-TYDAY,PhoneService
3503-TYDAY,MultipleLines
3503-TYDAY,OnlineBackup
3503-TYDAY,InternetService_Fiber
6901-GOGZG,PhoneService
6901-GOGZG,MultipleLines
6901-GOGZG,OnlineSecurity
6901-GOGZG,DeviceProtection
6901-GOGZG,TechSupport
6901-GOGZG,StreamingTV
6901-GOGZG,StreamingMovies
6901-GOGZG,InternetService_DSL
1623-NLDOT,OnlineBackup
1623-NLDOT,TechSupport
1623-NLDOT,InternetService_DSL
7021-XSNYE,OnlineSecurity
7021-XSNYE,DeviceProtection
7021-XSNYE,TechSupport
7021-XSNYE,StreamingMovies
7021-XSNYE,InternetService_DSL
9621-OUPYD,PhoneService
9898-KZQDZ,PhoneService
9898-KZQDZ,MultipleLines
9898-KZQDZ,StreamingTV
9898-KZQDZ,StreamingMovies
9898-KZQDZ,InternetService_Fiber
8982-NHAVY,PhoneService
8982-NHAVY,MultipleLines
8982-NHAVY,DeviceProtection
8982-NHAVY,StreamingTV
8982-NHAVY,StreamingMovies
8982-NHAVY,InternetService_Fiber
4307-KWMXE,OnlineBackup
4307-KWMXE,TechSupport
4307-KWMXE,InternetService_DSL
0141-YEAYS,PhoneService
0141-YEAYS,MultipleLines
0141-YEAYS,OnlineBackup
0141-YEAYS,DeviceProtection
0141-YEAYS,InternetService_Fiber
2450-ZKEED,PhoneService
2450-ZKEED,DeviceProtection
2450-ZKEED,TechSupport
2450-ZKEED,InternetService_DSL
3694-DELSO,OnlineSecurity
3694-DELSO,StreamingTV
3694-DELSO,InternetService_DSL
3893-JRNFS,DeviceProtection
3893-JRNFS,StreamingMovies
3893-JRNFS,InternetService_DSL
9603-OAIHC,PhoneService
9603-OAIHC,InternetService_Fiber
1133-KXCGE,PhoneService
5236-PERKL,PhoneService
5236-PERKL,MultipleLines
5236-PERKL,OnlineSecurity
5236-PERKL,OnlineBackup
5236-PERKL,DeviceProtection
5236-PERKL,StreamingTV
5236-PERKL,StreamingMovies
5236-PERKL,InternetService_Fiber
0142-GVYSN,PhoneService
1049-FYSYG,OnlineBackup
1049-FYSYG,DeviceProtection
1049-FYSYG,InternetService_DSL
7854-FOKSF,StreamingMovies
7854-FOKSF,InternetService_DSL
2519-FAKOD,PhoneService
2519-FAKOD,MultipleLines
2519-FAKOD,DeviceProtection
2519-FAKOD,StreamingTV
2519-FAKOD,StreamingMovies
2519-FAKOD,InternetService_Fiber
8406-LNMHF,PhoneService
8406-LNMHF,OnlineSecurity
8406-LNMHF,OnlineBackup
8406-LNMHF,DeviceProtection
8406-LNMHF,InternetService_Fiber
1821-BUCWY,PhoneService
1821-BUCWY,OnlineSecurity
1821-BUCWY,DeviceProtection
1821-BUCWY,InternetService_DSL
8263-JQAIK,InternetService_DSL
0023-UYUPN,PhoneService
0023-UYUPN,MultipleLines
8314-DPQHL,OnlineSecurity
8314-DPQHL,DeviceProtection
8314-DPQHL,TechSupport
8314-DPQHL,StreamingMovies
8314-DPQHL,InternetService_DSL
1465-WCZVT,PhoneService
9481-SFCQY,PhoneService
9481-SFCQY,DeviceProtection
9481-SFCQY,StreamingTV
9481-SFCQY,InternetService_DSL
6360-SVNWV,PhoneService
6360-SVNWV,OnlineSecurity
6360-SVNWV,InternetService_Fiber
0567-GGCAC,PhoneService
0567-GGCAC,OnlineSecurity
0567-GGCAC,OnlineBackup
0567-GGCAC,DeviceProtection
0567-GGCAC,InternetService_DSL
7089-IVVAZ,PhoneService
7089-IVVAZ,MultipleLines
7089-IVVAZ,OnlineSecurity
7089-IVVAZ,TechSupport
7089-IVVAZ,StreamingTV
7089-IVVAZ,StreamingMovies
7089-IVVAZ,InternetService_Fiber
8884-MRNSU,PhoneService
2171-UDMFD,PhoneService
9050-IKDZA,PhoneService
9050-IKDZA,StreamingTV
9050-IKDZA,InternetService_Fiber
2205-YMZZJ,PhoneService
2205-YMZZJ,MultipleLines
2205-YMZZJ,StreamingTV
2205-YMZZJ,InternetService_Fiber
9802-CAQUT,PhoneService
9802-CAQUT,MultipleLines
9802-CAQUT,OnlineSecurity
9802-CAQUT,OnlineBackup
9802-CAQUT,DeviceProtection
9802-CAQUT,StreamingTV
9802-CAQUT,StreamingMovies
9802-CAQUT,InternetService_Fiber
1254-IZEYF,PhoneService
1254-IZEYF,MultipleLines
1254-IZEYF,OnlineBackup
1254-IZEYF,StreamingTV
1254-IZEYF,StreamingMovies
1254-IZEYF,InternetService_Fiber
0187-WZNAB,PhoneService
0187-WZNAB,OnlineSecurity
0187-WZNAB,InternetService_Fiber
9492-TOKRI,PhoneService
9492-TOKRI,MultipleLines
9492-TOKRI,OnlineBackup
9492-TOKRI,StreamingTV
9492-TOKRI,InternetService_Fiber
1475-VWVDO,PhoneService
1475-VWVDO,DeviceProtection
1475-VWVDO,InternetService_Fiber
9221-OTIVJ,PhoneService
9221-OTIVJ,MultipleLines
9221-OTIVJ,OnlineBackup
9221-OTIVJ,DeviceProtection
9221-OTIVJ,StreamingTV
9221-OTIVJ,StreamingMovies
9221-OTIVJ,InternetService_Fiber
1357-MVDOZ,PhoneService
1357-MVDOZ,DeviceProtection
1357-MVDOZ,StreamingTV
1357-MVDOZ,InternetService_DSL
7602-MVRMB,PhoneService
7602-MVRMB,MultipleLines
7602-MVRMB,OnlineSecurity
7602-MVRMB,DeviceProtection
7602-MVRMB,TechSupport
7602-MVRMB,StreamingTV
7602-MVRMB,StreamingMovies
7602-MVRMB,InternetService_Fiber
3325-FUYCG,PhoneService
3325-FUYCG,MultipleLines
3325-FUYCG,OnlineSecurity
3325-FUYCG,OnlineBackup
3325-FUYCG,StreamingTV
3325-FUYCG,StreamingMovies
3325-FUYCG,InternetService_Fiber
5908-QMGOE,PhoneService
5908-QMGOE,MultipleLines
5908-QMGOE,InternetService_Fiber
1197-BVMVG,PhoneService
1197-BVMVG,MultipleLines
1197-BVMVG,InternetService_Fiber
5406-KGRMX,PhoneService
5406-KGRMX,MultipleLines
8481-YYXWG,PhoneService
8481-YYXWG,OnlineBackup
8481-YYXWG,TechSupport
8481-YYXWG,StreamingMovies
8481-YYXWG,InternetService_Fiber
5968-HYJRZ,PhoneService
5968-HYJRZ,MultipleLines
5198-EFNBM,PhoneService
5198-EFNBM,OnlineBackup
5198-EFNBM,DeviceProtection
5198-EFNBM,StreamingTV
5198-EFNBM,InternetService_Fiber
7516-GMHUV,PhoneService
7516-GMHUV,MultipleLines
7516-GMHUV,OnlineSecurity
7516-GMHUV,DeviceProtection
7516-GMHUV,StreamingTV
7516-GMHUV,StreamingMovies
7516-GMHUV,InternetService_Fiber
7140-ADSMJ,PhoneService
2230-XTUWL,PhoneService
7706-YLMQA,PhoneService
2585-KTFRE,PhoneService
2585-KTFRE,OnlineSecurity
2585-KTFRE,OnlineBackup
2585-KTFRE,TechSupport
2585-KTFRE,StreamingMovies
2585-KTFRE,InternetService_DSL
7994-UYIVZ,PhoneService
7994-UYIVZ,MultipleLines
7994-UYIVZ,StreamingMovies
7994-UYIVZ,InternetService_Fiber
2609-IAICY,PhoneService
2609-IAICY,MultipleLines
2609-IAICY,InternetService_Fiber
1740-CSDJP,StreamingMovies
1740-CSDJP,InternetService_DSL
7717-BICXI,PhoneService
6559-RAKOZ,PhoneService
6559-RAKOZ,MultipleLines
6559-RAKOZ,TechSupport
6559-RAKOZ,StreamingTV
6559-RAKOZ,StreamingMovies
6559-RAKOZ,InternetService_Fiber
2636-OHFMN,OnlineBackup
2636-OHFMN,StreamingTV
2636-OHFMN,StreamingMovies
2636-OHFMN,InternetService_DSL
4716-MRVEN,PhoneService
2143-LJULT,PhoneService
2143-LJULT,MultipleLines
1323-OOEPC,PhoneService
1323-OOEPC,MultipleLines
1323-OOEPC,OnlineBackup
1323-OOEPC,StreamingTV
1323-OOEPC,StreamingMovies
1323-OOEPC,InternetService_Fiber
3200-MNQTF,PhoneService
3200-MNQTF,MultipleLines
3200-MNQTF,OnlineSecurity
3200-MNQTF,OnlineBackup
3200-MNQTF,DeviceProtection
3200-MNQTF,TechSupport
3200-MNQTF,InternetService_DSL
6164-HXUGH,PhoneService
5630-IXDXV,PhoneService
5630-IXDXV,MultipleLines
5630-IXDXV,OnlineBackup
5630-IXDXV,DeviceProtection
5630-IXDXV,StreamingTV
5630-IXDXV,StreamingMovies
5630-IXDXV,InternetService_Fiber
0320-DWVTU,PhoneService
0320-DWVTU,OnlineSecurity
0320-DWVTU,OnlineBackup
0320-DWVTU,DeviceProtection
0320-DWVTU,TechSupport
0320-DWVTU,StreamingMovies
0320-DWVTU,InternetService_Fiber
9135-MGVPY,PhoneService
9135-MGVPY,OnlineSecurity
9135-MGVPY,OnlineBackup
9135-MGVPY,DeviceProtection
9135-MGVPY,TechSupport
9135-MGVPY,StreamingTV
9135-MGVPY,StreamingMovies
9135-MGVPY,InternetService_DSL
1212-GLHMD,PhoneService
1212-GLHMD,OnlineSecurity
1212-GLHMD,StreamingMovies
1212-GLHMD,InternetService_Fiber
7878-JGDKK,PhoneService
7878-JGDKK,InternetService_DSL
1088-AUUZZ,PhoneService
1088-AUUZZ,MultipleLines
1088-AUUZZ,OnlineSecurity
1088-AUUZZ,OnlineBackup
1088-AUUZZ,TechSupport
1088-AUUZZ,StreamingMovies
1088-AUUZZ,InternetService_DSL
0397-GZBBC,PhoneService
0397-GZBBC,MultipleLines
0397-GZBBC,StreamingTV
0397-GZBBC,StreamingMovies
0397-GZBBC,InternetService_Fiber
6614-YWYSC,PhoneService
6614-YWYSC,MultipleLines
9588-OZDMQ,PhoneService
9588-OZDMQ,InternetService_DSL
7641-EUYET,PhoneService
7641-EUYET,MultipleLines
7641-EUYET,OnlineSecurity
7641-EUYET,OnlineBackup
7641-EUYET,DeviceProtection
7641-EUYET,StreamingTV
7641-EUYET,InternetService_Fiber
6476-EPYZR,PhoneService
9921-ZVRHG,PhoneService
9921-ZVRHG,MultipleLines
9921-ZVRHG,DeviceProtection
9921-ZVRHG,InternetService_Fiber
1174-FGIFN,PhoneService
1174-FGIFN,MultipleLines
1174-FGIFN,TechSupport
1174-FGIFN,StreamingMovies
1174-FGIFN,InternetService_Fiber
6620-HVDUJ,PhoneService
6620-HVDUJ,OnlineSecurity
6620-HVDUJ,OnlineBackup
6620-HVDUJ,TechSupport
6620-HVDUJ,InternetService_DSL
4701-MLJPN,PhoneService
4701-MLJPN,DeviceProtection
4701-MLJPN,TechSupport
4701-MLJPN,InternetService_DSL
1032-MAELW,PhoneService
1032-MAELW,MultipleLines
1032-MAELW,OnlineSecurity
1032-MAELW,OnlineBackup
1032-MAELW,DeviceProtection
1032-MAELW,TechSupport
1032-MAELW,StreamingMovies
1032-MAELW,InternetService_DSL
7641-TQFHN,PhoneService
7641-TQFHN,MultipleLines
7641-TQFHN,TechSupport
7641-TQFHN,StreamingTV
7641-TQFHN,StreamingMovies
7641-TQFHN,InternetService_Fiber
1552-TKMXS,PhoneService
9206-GVPEQ,OnlineSecurity
9206-GVPEQ,TechSupport
9206-GVPEQ,StreamingTV
9206-GVPEQ,StreamingMovies
9206-GVPEQ,InternetService_DSL
8622-ZLFKO,PhoneService
8622-ZLFKO,MultipleLines
8622-ZLFKO,OnlineBackup
8622-ZLFKO,StreamingMovies
8622-ZLFKO,InternetService_Fiber
1596-BBVTG,PhoneService
1596-BBVTG,MultipleLines
1596-BBVTG,InternetService_Fiber
6188-UXBBR,PhoneService
2333-KWEWW,PhoneService
5702-SKUOB,PhoneService
1134-YWTYF,PhoneService
1134-YWTYF,OnlineBackup
1134-YWTYF,TechSupport
1134-YWTYF,InternetService_DSL
6061-GWWAV,PhoneService
6061-GWWAV,OnlineSecurity
6061-GWWAV,OnlineBackup
6061-GWWAV,DeviceProtection
6061-GWWAV,StreamingTV
6061-GWWAV,InternetService_DSL
0679-TDGAK,PhoneService
0679-TDGAK,OnlineSecurity
0679-TDGAK,TechSupport
0679-TDGAK,StreamingTV
0679-TDGAK,StreamingMovies
0679-TDGAK,InternetService_DSL
6585-WCEWR,PhoneService
9067-YGSCA,PhoneService
9067-YGSCA,MultipleLines
9067-SQTNS,PhoneService
8433-WXGNA,PhoneService
8433-WXGNA,OnlineSecurity
8433-WXGNA,InternetService_Fiber
1776-SPBWV,PhoneService
8735-SDUFN,PhoneService
8735-SDUFN,MultipleLines
9668-PUGNU,PhoneService
9668-PUGNU,MultipleLines
9405-GPBBG,PhoneService
9405-GPBBG,MultipleLines
9405-GPBBG,OnlineBackup
9405-GPBBG,DeviceProtection
9405-GPBBG,TechSupport
9405-GPBBG,StreamingTV
9405-GPBBG,StreamingMovies
9405-GPBBG,InternetService_Fiber
1926-QUZNN,PhoneService
1926-QUZNN,MultipleLines
3707-GNWHM,PhoneService
3707-GNWHM,MultipleLines
3707-GNWHM,InternetService_Fiber
7016-NVRIC,PhoneService
7016-NVRIC,OnlineSecurity
7016-NVRIC,DeviceProtection
7016-NVRIC,StreamingMovies
7016-NVRIC,InternetService_Fiber
5829-NVSQN,PhoneService
5829-NVSQN,OnlineSecurity
5829-NVSQN,DeviceProtection
5829-NVSQN,TechSupport
5829-NVSQN,StreamingMovies
5829-NVSQN,InternetService_DSL
9565-AXSMR,PhoneService
8922-LIEGH,PhoneService
8922-LIEGH,MultipleLines
8922-LIEGH,OnlineBackup
8922-LIEGH,StreamingMovies
8922-LIEGH,InternetService_Fiber
8869-LIHMK,PhoneService
8869-LIHMK,MultipleLines
8869-LIHMK,OnlineSecurity
8869-LIHMK,OnlineBackup
8869-LIHMK,DeviceProtection
8869-LIHMK,TechSupport
8869-LIHMK,StreamingTV
8869-LIHMK,StreamingMovies
8869-LIHMK,InternetService_Fiber
8245-UMPYT,PhoneService
8245-UMPYT,MultipleLines
8245-UMPYT,StreamingTV
8245-UMPYT,StreamingMovies
8245-UMPYT,InternetService_Fiber
5186-SAMNZ,PhoneService
5186-SAMNZ,InternetService_Fiber
0447-RXSGD,PhoneService
0447-RXSGD,MultipleLines
0447-RXSGD,OnlineBackup
0447-RXSGD,StreamingTV
0447-RXSGD,StreamingMovies
0447-RXSGD,InternetService_Fiber
4927-WWOOZ,PhoneService
4927-WWOOZ,MultipleLines
4927-WWOOZ,DeviceProtection
4927-WWOOZ,StreamingTV
4927-WWOOZ,InternetService_Fiber
5788-YPOEG,PhoneService
5788-YPOEG,OnlineSecurity
5788-YPOEG,OnlineBackup
5788-YPOEG,DeviceProtection
5788-YPOEG,TechSupport
5788-YPOEG,StreamingTV
5788-YPOEG,StreamingMovies
5788-YPOEG,InternetService_DSL
5373-SFODM,PhoneService
5373-SFODM,MultipleLines
5373-SFODM,StreamingMovies
5373-SFODM,InternetService_Fiber
0661-KBKPA,PhoneService
0661-KBKPA,MultipleLines
0661-KBKPA,DeviceProtection
0661-KBKPA,TechSupport
0661-KBKPA,StreamingTV
0661-KBKPA,StreamingMovies
0661-KBKPA,InternetService_DSL
9081-WWXKP,PhoneService
0784-ZQJZX,PhoneService
3133-PZNSR,PhoneService
3133-PZNSR,MultipleLines
3133-PZNSR,OnlineSecurity
3133-PZNSR,OnlineBackup
3133-PZNSR,TechSupport
3133-PZNSR,StreamingMovies
3133-PZNSR,InternetService_Fiber
5766-ZJYBB,PhoneService
8931-GJJIQ,PhoneService
8931-GJJIQ,MultipleLines
8931-GJJIQ,StreamingMovies
8931-GJJIQ,InternetService_Fiber
4277-PVRAN,PhoneService
4277-PVRAN,StreamingTV
4277-PVRAN,InternetService_Fiber
0022-TCJCI,PhoneService
0022-TCJCI,OnlineSecurity
0022-TCJCI,DeviceProtection
0022-TCJCI,StreamingMovies
0022-TCJCI,InternetService_DSL
0722-SVSFK,PhoneService
0722-SVSFK,DeviceProtection
0722-SVSFK,TechSupport
0722-SVSFK,StreamingTV
0722-SVSFK,StreamingMovies
0722-SVSFK,InternetService_Fiber
3612-YVGSJ,PhoneService
3612-YVGSJ,MultipleLines
9825-YCXWZ,PhoneService
9825-YCXWZ,DeviceProtection
9825-YCXWZ,TechSupport
9825-YCXWZ,StreamingTV
9825-YCXWZ,StreamingMovies
9825-YCXWZ,InternetService_Fiber
5397-NSKQG,OnlineSecurity
5397-NSKQG,StreamingTV
5397-NSKQG,StreamingMovies
5397-NSKQG,InternetService_DSL
8565-HBFNN,PhoneService
8565-HBFNN,MultipleLines
8565-HBFNN,OnlineSecurity
8565-HBFNN,OnlineBackup
8565-HBFNN,DeviceProtection
8565-HBFNN,TechSupport
8565-HBFNN,StreamingMovies
8565-HBFNN,InternetService_Fiber
2000-DHJUY,PhoneService
2000-DHJUY,MultipleLines
2000-DHJUY,OnlineSecurity
2000-DHJUY,OnlineBackup
2000-DHJUY,DeviceProtection
2000-DHJUY,TechSupport
2000-DHJUY,StreamingTV
2000-DHJUY,StreamingMovies
2000-DHJUY,InternetService_DSL
0203-HHYIJ,PhoneService
0203-HHYIJ,MultipleLines
8670-ERCJH,PhoneService
8670-ERCJH,MultipleLines
8670-ERCJH,OnlineSecurity
8670-ERCJH,OnlineBackup
8670-ERCJH,DeviceProtection
8670-ERCJH,TechSupport
8670-ERCJH,StreamingTV
8670-ERCJH,StreamingMovies
8670-ERCJH,InternetService_Fiber
7758-UJWYS,TechSupport
7758-UJWYS,StreamingTV
7758-UJWYS,InternetService_DSL
2050-ONYDQ,PhoneService
2050-ONYDQ,MultipleLines
7055-JCGNI,PhoneService
7055-JCGNI,MultipleLines
7055-JCGNI,OnlineSecurity
7055-JCGNI,OnlineBackup
7055-JCGNI,DeviceProtection
7055-JCGNI,TechSupport
7055-JCGNI,StreamingTV
7055-JCGNI,StreamingMovies
7055-JCGNI,InternetService_Fiber
0739-UUAJR,OnlineSecurity
0739-UUAJR,DeviceProtection
0739-UUAJR,StreamingTV
0739-UUAJR,StreamingMovies
0739-UUAJR,InternetService_DSL
4826-DXMUP,PhoneService
4826-DXMUP,TechSupport
4826-DXMUP,StreamingTV
4826-DXMUP,StreamingMovies
4826-DXMUP,InternetService_DSL
0952-KMEEH,PhoneService
0952-KMEEH,MultipleLines
0952-KMEEH,OnlineSecurity
0952-KMEEH,StreamingTV
0952-KMEEH,StreamingMovies
0952-KMEEH,InternetService_Fiber
7285-KLOTR,PhoneService
7285-KLOTR,MultipleLines
7285-KLOTR,OnlineSecurity
7285-KLOTR,DeviceProtection
7285-KLOTR,StreamingTV
7285-KLOTR,StreamingMovies
7285-KLOTR,InternetService_DSL
0654-PQKDW,PhoneService
0654-PQKDW,OnlineSecurity
0654-PQKDW,DeviceProtection
0654-PQKDW,TechSupport
0654-PQKDW,StreamingTV
0654-PQKDW,InternetService_DSL
7175-NTIXE,PhoneService
7175-NTIXE,OnlineSecurity
7175-NTIXE,TechSupport
7175-NTIXE,StreamingTV
7175-NTIXE,StreamingMovies
7175-NTIXE,InternetService_DSL
7963-SHNDT,OnlineSecurity
7963-SHNDT,OnlineBackup
7963-SHNDT,TechSupport
7963-SHNDT,InternetService_DSL
9796-BPKIW,PhoneService
9796-BPKIW,InternetService_Fiber
0188-GWFLE,PhoneService
8129-GMVGI,PhoneService
2882-DDZPG,PhoneService
3547-LQRIK,PhoneService
3547-LQRIK,MultipleLines
9137-NOQKA,PhoneService
5843-TTHGI,PhoneService
5843-TTHGI,DeviceProtection
5843-TTHGI,InternetService_DSL
1849-RJYIG,PhoneService
1849-RJYIG,OnlineSecurity
1849-RJYIG,StreamingTV
1849-RJYIG,InternetService_DSL
8868-GAGIO,PhoneService
8868-GAGIO,MultipleLines
8868-GAGIO,OnlineSecurity
8868-GAGIO,DeviceProtection
8868-GAGIO,InternetService_Fiber
4061-UKJWL,PhoneService
4061-UKJWL,InternetService_DSL
5380-XPJNZ,PhoneService
8263-QMNTJ,PhoneService
8263-QMNTJ,MultipleLines
8263-QMNTJ,OnlineSecurity
8263-QMNTJ,OnlineBackup
8263-QMNTJ,DeviceProtection
8263-QMNTJ,TechSupport
8263-QMNTJ,StreamingTV
8263-QMNTJ,StreamingMovies
8263-QMNTJ,InternetService_Fiber
8178-EYZUO,PhoneService
8178-EYZUO,MultipleLines
8178-EYZUO,OnlineSecurity
8178-EYZUO,OnlineBackup
8178-EYZUO,StreamingMovies
8178-EYZUO,InternetService_Fiber
3230-JCNZS,PhoneService
3230-JCNZS,MultipleLines
3230-JCNZS,OnlineSecurity
3230-JCNZS,OnlineBackup
3230-JCNZS,DeviceProtection
3230-JCNZS,StreamingTV
3230-JCNZS,InternetService_Fiber
0277-ORXQS,TechSupport
0277-ORXQS,StreamingTV
0277-ORXQS,StreamingMovies
0277-ORXQS,InternetService_DSL
5130-IEKQT,PhoneService
5130-IEKQT,MultipleLines
5130-IEKQT,OnlineBackup
5130-IEKQT,DeviceProtection
5130-IEKQT,StreamingTV
5130-IEKQT,StreamingMovies
5130-IEKQT,InternetService_Fiber
3230-WYKIR,PhoneService
3230-WYKIR,MultipleLines
3230-WYKIR,DeviceProtection
3230-WYKIR,TechSupport
3230-WYKIR,StreamingTV
3230-WYKIR,StreamingMovies
3230-WYKIR,InternetService_DSL
7996-BPXHY,PhoneService
7996-BPXHY,MultipleLines
3227-WLKLI,PhoneService
3227-WLKLI,MultipleLines
3227-WLKLI,OnlineSecurity
3227-WLKLI,OnlineBackup
3227-WLKLI,DeviceProtection
3227-WLKLI,TechSupport
3227-WLKLI,StreamingTV
3227-WLKLI,StreamingMovies
3227-WLKLI,InternetService_DSL
0407-BDJKB,PhoneService
0407-BDJKB,MultipleLines
0407-BDJKB,OnlineBackup
0407-BDJKB,DeviceProtection
0407-BDJKB,StreamingTV
0407-BDJKB,InternetService_Fiber
2266-FUBDZ,PhoneService
8237-ULIXL,PhoneService
8237-ULIXL,MultipleLines
9600-UDOPK,PhoneService
9600-UDOPK,MultipleLines
9600-UDOPK,StreamingTV
9600-UDOPK,StreamingMovies
9600-UDOPK,InternetService_Fiber
8216-AZUUZ,PhoneService
8216-AZUUZ,DeviceProtection
8216-AZUUZ,TechSupport
8216-AZUUZ,StreamingTV
8216-AZUUZ,StreamingMovies
8216-AZUUZ,InternetService_Fiber
9153-BTBVV,PhoneService
9153-BTBVV,MultipleLines
4074-SJFFA,PhoneService
4074-SJFFA,StreamingMovies
4074-SJFFA,InternetService_DSL
3269-ATYWD,PhoneService
3269-ATYWD,MultipleLines
3269-ATYWD,StreamingTV
3269-ATYWD,StreamingMovies
3269-ATYWD,InternetService_Fiber
5186-PEIZU,PhoneService
1074-AMIOH,PhoneService
1074-AMIOH,OnlineBackup
1074-AMIOH,DeviceProtection
1074-AMIOH,TechSupport
1074-AMIOH,StreamingTV
1074-AMIOH,StreamingMovies
1074-AMIOH,InternetService_Fiber
4910-GMJOT,PhoneService
4910-GMJOT,MultipleLines
4910-GMJOT,StreamingTV
4910-GMJOT,StreamingMovies
4910-GMJOT,InternetService_Fiber
0354-WYROK,PhoneService
0354-WYROK,DeviceProtection
0354-WYROK,TechSupport
0354-WYROK,StreamingTV
0354-WYROK,StreamingMovies
0354-WYROK,InternetService_Fiber
4361-FEBGN,PhoneService
7748-UMTRK,PhoneService
7748-UMTRK,MultipleLines
7748-UMTRK,TechSupport
7748-UMTRK,StreamingTV
7748-UMTRK,StreamingMovies
7748-UMTRK,InternetService_Fiber
0380-ZCSBI,PhoneService
7145-FEJWU,PhoneService
7145-FEJWU,MultipleLines
7145-FEJWU,OnlineBackup
7145-FEJWU,DeviceProtection
7145-FEJWU,StreamingTV
7145-FEJWU,StreamingMovies
7145-FEJWU,InternetService_Fiber
6463-MVYRY,PhoneService
6463-MVYRY,OnlineSecurity
6463-MVYRY,DeviceProtection
6463-MVYRY,TechSupport
6463-MVYRY,StreamingTV
6463-MVYRY,InternetService_DSL
3969-JQABI,PhoneService
3969-JQABI,OnlineSecurity
3969-JQABI,OnlineBackup
3969-JQABI,StreamingTV
3969-JQABI,InternetService_DSL
9624-EGDEQ,PhoneService
1051-EQPZR,PhoneService
5849-ASHZJ,PhoneService
5780-INQIK,PhoneService
5780-INQIK,TechSupport
5780-INQIK,InternetService_DSL
7576-OYWBN,PhoneService
7576-OYWBN,MultipleLines
7576-OYWBN,InternetService_Fiber
4526-ZJJTM,PhoneService
4526-ZJJTM,OnlineBackup
4526-ZJJTM,DeviceProtection
4526-ZJJTM,StreamingMovies
4526-ZJJTM,InternetService_Fiber
8384-FZBJK,PhoneService
8384-FZBJK,MultipleLines
8384-FZBJK,OnlineBackup
8384-FZBJK,StreamingTV
8384-FZBJK,StreamingMovies
8384-FZBJK,InternetService_Fiber
3750-RNQKR,PhoneService
0962-CQPWQ,PhoneService
3096-YXENJ,PhoneService
3096-YXENJ,MultipleLines
3096-YXENJ,OnlineBackup
3096-YXENJ,DeviceProtection
3096-YXENJ,TechSupport
3096-YXENJ,StreamingTV
3096-YXENJ,StreamingMovies
3096-YXENJ,InternetService_Fiber
1265-BCFEO,PhoneService
1265-BCFEO,MultipleLines
1265-BCFEO,DeviceProtection
1265-BCFEO,TechSupport
1265-BCFEO,StreamingTV
1265-BCFEO,StreamingMovies
1265-BCFEO,InternetService_DSL
5837-LXSDN,PhoneService
5837-LXSDN,OnlineBackup
5837-LXSDN,StreamingTV
5837-LXSDN,InternetService_DSL
5945-AZYHT,PhoneService
5945-AZYHT,MultipleLines
5945-AZYHT,OnlineSecurity
5945-AZYHT,OnlineBackup
5945-AZYHT,DeviceProtection
5945-AZYHT,StreamingTV
5945-AZYHT,StreamingMovies
5945-AZYHT,InternetService_Fiber
8325-QRPZR,PhoneService
8325-QRPZR,DeviceProtection
8325-QRPZR,InternetService_Fiber
6384-VMJHP,PhoneService
6384-VMJHP,OnlineSecurity
6384-VMJHP,OnlineBackup
6384-VMJHP,DeviceProtection
6384-VMJHP,TechSupport
6384-VMJHP,StreamingMovies
6384-VMJHP,InternetService_DSL
2262-SLNVK,PhoneService
2262-SLNVK,InternetService_Fiber
7730-CLDSV,PhoneService
7730-CLDSV,MultipleLines
7730-CLDSV,OnlineBackup
7730-CLDSV,DeviceProtection
7730-CLDSV,TechSupport
7730-CLDSV,StreamingMovies
7730-CLDSV,InternetService_Fiber
1135-HIORI,PhoneService
1135-HIORI,MultipleLines
1135-HIORI,OnlineBackup
1135-HIORI,DeviceProtection
1135-HIORI,TechSupport
1135-HIORI,StreamingTV
1135-HIORI,StreamingMovies
1135-HIORI,InternetService_Fiber
0164-APGRB,PhoneService
0164-APGRB,MultipleLines
0164-APGRB,OnlineSecurity
0164-APGRB,OnlineBackup
0164-APGRB,DeviceProtection
0164-APGRB,TechSupport
0164-APGRB,StreamingTV
0164-APGRB,StreamingMovies
0164-APGRB,InternetService_Fiber
6481-ESCNL,PhoneService
6481-ESCNL,MultipleLines
6481-ESCNL,DeviceProtection
6481-ESCNL,StreamingTV
6481-ESCNL,StreamingMovies
6481-ESCNL,InternetService_Fiber
1790-NESIO,PhoneService
1550-EENBN,PhoneService
1550-EENBN,MultipleLines
1550-EENBN,OnlineSecurity
1550-EENBN,OnlineBackup
1550-EENBN,StreamingTV
1550-EENBN,StreamingMovies
1550-EENBN,InternetService_Fiber
5539-TMZLF,PhoneService
5539-TMZLF,InternetService_Fiber
4323-SADQS,OnlineSecurity
4323-SADQS,TechSupport
4323-SADQS,InternetService_DSL
4446-BZKHU,PhoneService
4446-BZKHU,MultipleLines
4446-BZKHU,OnlineBackup
4446-BZKHU,DeviceProtection
4446-BZKHU,StreamingTV
4446-BZKHU,StreamingMovies
4446-BZKHU,InternetService_Fiber
5202-IVJNU,DeviceProtection
5202-IVJNU,InternetService_DSL
5976-JCJRH,PhoneService
5976-JCJRH,InternetService_Fiber
8198-RKSZG,PhoneService
8198-RKSZG,MultipleLines
8198-RKSZG,OnlineBackup
8198-RKSZG,TechSupport
8198-RKSZG,StreamingTV
8198-RKSZG,StreamingMovies
8198-RKSZG,InternetService_DSL
0137-OCGAB,PhoneService
0137-OCGAB,MultipleLines
0137-OCGAB,OnlineBackup
0137-OCGAB,InternetService_Fiber
3351-NQLDI,PhoneService
3351-NQLDI,MultipleLines
3351-NQLDI,OnlineSecurity
3351-NQLDI,TechSupport
3351-NQLDI,StreamingMovies
3351-NQLDI,InternetService_Fiber
9297-EONCV,PhoneService
9297-EONCV,MultipleLines
9297-EONCV,OnlineSecurity
9297-EONCV,OnlineBackup
9297-EONCV,DeviceProtection
9297-EONCV,TechSupport
9297-EONCV,StreamingTV
9297-EONCV,StreamingMovies
9297-EONCV,InternetService_DSL
7593-JNWRU,PhoneService
7593-JNWRU,InternetService_DSL
4588-YBNIB,PhoneService
1069-QJOEE,PhoneService
3336-JORSO,PhoneService
3336-JORSO,MultipleLines
3336-JORSO,OnlineBackup
3336-JORSO,DeviceProtection
3336-JORSO,TechSupport
3336-JORSO,StreamingTV
3336-JORSO,StreamingMovies
3336-JORSO,InternetService_Fiber
7799-DSEWS,PhoneService
7799-DSEWS,OnlineSecurity
7799-DSEWS,DeviceProtection
7799-DSEWS,TechSupport
7799-DSEWS,StreamingTV
7799-DSEWS,InternetService_DSL
8766-PAFNE,PhoneService
8766-PAFNE,OnlineBackup
8766-PAFNE,DeviceProtection
8766-PAFNE,TechSupport
8766-PAFNE,StreamingTV
8766-PAFNE,StreamingMovies
8766-PAFNE,InternetService_DSL
5315-CKEQK,PhoneService
5315-CKEQK,MultipleLines
5315-CKEQK,InternetService_DSL
3130-ICDUP,PhoneService
3130-ICDUP,MultipleLines
3130-ICDUP,OnlineSecurity
3130-ICDUP,InternetService_Fiber
0820-FNRNX,PhoneService
0820-FNRNX,MultipleLines
0820-FNRNX,OnlineBackup
0820-FNRNX,DeviceProtection
0820-FNRNX,TechSupport
0820-FNRNX,InternetService_DSL
0880-FVFWF,PhoneService
0880-FVFWF,MultipleLines
0880-FVFWF,OnlineSecurity
0880-FVFWF,OnlineBackup
0880-FVFWF,InternetService_Fiber
4611-ANLQC,OnlineSecurity
4611-ANLQC,OnlineBackup
4611-ANLQC,DeviceProtection
4611-ANLQC,StreamingMovies
4611-ANLQC,InternetService_DSL
4213-HKBJO,PhoneService
4213-HKBJO,MultipleLines
2792-LSHWX,PhoneService
2792-LSHWX,OnlineSecurity
2792-LSHWX,OnlineBackup
2792-LSHWX,TechSupport
2792-LSHWX,InternetService_Fiber
5028-GZLDO,PhoneService
5028-GZLDO,InternetService_Fiber
0014-BMAQU,PhoneService
0014-BMAQU,MultipleLines
0014-BMAQU,OnlineSecurity
0014-BMAQU,TechSupport
0014-BMAQU,InternetService_Fiber
6861-XWTWQ,PhoneService
6861-XWTWQ,MultipleLines
6861-XWTWQ,DeviceProtection
6861-XWTWQ,StreamingTV
6861-XWTWQ,StreamingMovies
6861-XWTWQ,InternetService_Fiber
9018-PCIOK,PhoneService
9018-PCIOK,OnlineBackup
9018-PCIOK,DeviceProtection
9018-PCIOK,StreamingMovies
9018-PCIOK,InternetService_DSL
4837-QUSFT,PhoneService
4837-QUSFT,MultipleLines
4837-QUSFT,OnlineSecurity
4837-QUSFT,OnlineBackup
4837-QUSFT,TechSupport
4837-QUSFT,StreamingTV
4837-QUSFT,InternetService_Fiber
6877-TJMBR,PhoneService
6877-TJMBR,TechSupport
6877-TJMBR,StreamingTV
6877-TJMBR,InternetService_Fiber
9953-ZMKSM,PhoneService
9953-ZMKSM,MultipleLines
0907-HQNTS,PhoneService
0907-HQNTS,MultipleLines
0907-HQNTS,OnlineSecurity
0907-HQNTS,OnlineBackup
0907-HQNTS,DeviceProtection
0907-HQNTS,TechSupport
0907-HQNTS,StreamingTV
0907-HQNTS,StreamingMovies
0907-HQNTS,InternetService_Fiber
7665-NKLAV,OnlineSecurity
7665-NKLAV,DeviceProtection
7665-NKLAV,TechSupport
7665-NKLAV,InternetService_DSL
6769-DCQLI,PhoneService
6769-DCQLI,OnlineBackup
6769-DCQLI,DeviceProtection
6769-DCQLI,TechSupport
6769-DCQLI,StreamingTV
6769-DCQLI,StreamingMovies
6769-DCQLI,InternetService_Fiber
2433-KMEAS,PhoneService
2433-KMEAS,MultipleLines
2433-KMEAS,OnlineSecurity
2433-KMEAS,InternetService_DSL
4391-LNRXK,PhoneService
4391-LNRXK,OnlineBackup
4391-LNRXK,DeviceProtection
4391-LNRXK,TechSupport
4391-LNRXK,StreamingMovies
4391-LNRXK,InternetService_Fiber
8250-ZNGGW,PhoneService
8250-ZNGGW,OnlineSecurity
8250-ZNGGW,OnlineBackup
8250-ZNGGW,TechSupport
8250-ZNGGW,InternetService_DSL
2195-ZRVAX,PhoneService
2195-ZRVAX,DeviceProtection
2195-ZRVAX,StreamingMovies
2195-ZRVAX,InternetService_Fiber
3550-SAHFP,PhoneService
3550-SAHFP,MultipleLines
3550-SAHFP,StreamingMovies
3550-SAHFP,InternetService_Fiber
2011-TRQYE,OnlineBackup
2011-TRQYE,DeviceProtection
2011-TRQYE,InternetService_DSL
8562-GHPPI,PhoneService
5893-PYOLZ,PhoneService
5893-PYOLZ,OnlineBackup
5893-PYOLZ,DeviceProtection
5893-PYOLZ,TechSupport
5893-PYOLZ,StreamingTV
5893-PYOLZ,StreamingMovies
5893-PYOLZ,InternetService_DSL
4986-MXSFP,PhoneService
6131-FOYAS,PhoneService
6131-FOYAS,MultipleLines
6131-FOYAS,OnlineSecurity
6131-FOYAS,DeviceProtection
6131-FOYAS,InternetService_DSL
3027-YNWZU,PhoneService
3027-YNWZU,MultipleLines
5609-IMCGG,PhoneService
5609-IMCGG,MultipleLines
5609-IMCGG,OnlineSecurity
5609-IMCGG,DeviceProtection
5609-IMCGG,InternetService_Fiber
4873-ILOLJ,PhoneService
4873-ILOLJ,StreamingTV
4873-ILOLJ,StreamingMovies
4873-ILOLJ,InternetService_Fiber
4727-MCYZG,PhoneService
4727-MCYZG,StreamingMovies
4727-MCYZG,InternetService_DSL
9481-WHGWY,PhoneService
9481-WHGWY,OnlineSecurity
9481-WHGWY,TechSupport
9481-WHGWY,StreamingTV
9481-WHGWY,StreamingMovies
9481-WHGWY,InternetService_DSL
2725-KXXWT,PhoneService
2725-KXXWT,StreamingTV
2725-KXXWT,StreamingMovies
2725-KXXWT,InternetService_Fiber
9565-DJPIB,PhoneService
9565-DJPIB,MultipleLines
9565-DJPIB,OnlineBackup
9565-DJPIB,StreamingTV
9565-DJPIB,InternetService_Fiber
4328-VUFWD,PhoneService
4328-VUFWD,TechSupport
4328-VUFWD,StreamingMovies
4328-VUFWD,InternetService_DSL
3301-LSLWQ,PhoneService
3301-LSLWQ,MultipleLines
3301-LSLWQ,OnlineSecurity
3301-LSLWQ,StreamingMovies
3301-LSLWQ,InternetService_DSL
7473-ZBDSN,PhoneService
3166-PNEOF,PhoneService
3166-PNEOF,MultipleLines
3166-PNEOF,OnlineSecurity
3166-PNEOF,DeviceProtection
3166-PNEOF,TechSupport
3166-PNEOF,StreamingTV
3166-PNEOF,StreamingMovies
3166-PNEOF,InternetService_DSL
5639-NTUPK,PhoneService
5639-NTUPK,OnlineSecurity
5639-NTUPK,InternetService_DSL
8780-YRMTT,OnlineSecurity
8780-YRMTT,OnlineBackup
8780-YRMTT,DeviceProtection
8780-YRMTT,TechSupport
8780-YRMTT,InternetService_DSL
8348-HFYIV,DeviceProtection
8348-HFYIV,StreamingTV
8348-HFYIV,StreamingMovies
8348-HFYIV,InternetService_DSL
5140-FOMCQ,PhoneService
5140-FOMCQ,MultipleLines
5140-FOMCQ,OnlineSecurity
5140-FOMCQ,OnlineBackup
5140-FOMCQ,DeviceProtection
5140-FOMCQ,StreamingTV
5140-FOMCQ,StreamingMovies
5140-FOMCQ,InternetService_Fiber
6242-SGYTS,PhoneService
6242-SGYTS,MultipleLines
6242-SGYTS,OnlineSecurity
6242-SGYTS,OnlineBackup
6242-SGYTS,StreamingTV
6242-SGYTS,InternetService_Fiber
8166-ORCHU,PhoneService
8166-ORCHU,OnlineSecurity
8166-ORCHU,OnlineBackup
8166-ORCHU,TechSupport
8166-ORCHU,StreamingMovies
8166-ORCHU,InternetService_Fiber
8414-OOEEL,PhoneService
8414-OOEEL,OnlineBackup
8414-OOEEL,DeviceProtection
8414-OOEEL,TechSupport
8414-OOEEL,StreamingTV
8414-OOEEL,StreamingMovies
8414-OOEEL,InternetService_DSL
8454-AATJP,PhoneService
8454-AATJP,MultipleLines
8454-AATJP,OnlineSecurity
8454-AATJP,OnlineBackup
8454-AATJP,DeviceProtection
8454-AATJP,TechSupport
8454-AATJP,StreamingTV
8454-AATJP,StreamingMovies
8454-AATJP,InternetService_Fiber
6849-WLEYG,PhoneService
4659-NZRUF,PhoneService
4659-NZRUF,MultipleLines
4659-NZRUF,OnlineSecurity
4659-NZRUF,OnlineBackup
4659-NZRUF,StreamingMovies
4659-NZRUF,InternetService_Fiber
4531-AUZNK,PhoneService
4531-AUZNK,MultipleLines
4531-AUZNK,OnlineSecurity
4531-AUZNK,TechSupport
4531-AUZNK,StreamingTV
4531-AUZNK,InternetService_Fiber
4191-XOVOM,PhoneService
4191-XOVOM,MultipleLines
4191-XOVOM,OnlineBackup
4191-XOVOM,TechSupport
4191-XOVOM,StreamingTV
4191-XOVOM,StreamingMovies
4191-XOVOM,InternetService_Fiber
2150-OEGBV,PhoneService
8429-XIBUM,PhoneService
8429-XIBUM,MultipleLines
8429-XIBUM,OnlineSecurity
8429-XIBUM,StreamingTV
8429-XIBUM,StreamingMovies
8429-XIBUM,InternetService_Fiber
1855-CFULU,PhoneService
4878-BUNFV,PhoneService
1872-EBWSC,PhoneService
2608-BHKFN,PhoneService
2608-BHKFN,InternetService_Fiber
7026-YMSBE,PhoneService
7341-LXCAF,PhoneService
7341-LXCAF,MultipleLines
7341-LXCAF,InternetService_Fiber
6997-UVGOX,PhoneService
6997-UVGOX,OnlineSecurity
6997-UVGOX,OnlineBackup
6997-UVGOX,DeviceProtection
6997-UVGOX,TechSupport
6997-UVGOX,StreamingTV
6997-UVGOX,StreamingMovies
6997-UVGOX,InternetService_DSL
9674-EHPPG,OnlineSecurity
9674-EHPPG,DeviceProtection
9674-EHPPG,TechSupport
9674-EHPPG,InternetService_DSL
9462-MJUAW,PhoneService
9462-MJUAW,MultipleLines
9462-MJUAW,InternetService_DSL
8128-YVJRG,PhoneService
8128-YVJRG,MultipleLines
8128-YVJRG,OnlineSecurity
8128-YVJRG,InternetService_Fiber
5440-VHLUL,PhoneService
5440-VHLUL,MultipleLines
5440-VHLUL,OnlineBackup
5440-VHLUL,TechSupport
5440-VHLUL,StreamingTV
5440-VHLUL,StreamingMovies
5440-VHLUL,InternetService_Fiber
5781-BKHOP,PhoneService
5781-BKHOP,MultipleLines
5781-BKHOP,OnlineSecurity
5781-BKHOP,OnlineBackup
5781-BKHOP,DeviceProtection
5781-BKHOP,StreamingTV
5781-BKHOP,InternetService_Fiber
4283-FUTGF,PhoneService
4283-FUTGF,MultipleLines
4283-FUTGF,DeviceProtection
4283-FUTGF,InternetService_Fiber
5213-TWWJU,PhoneService
5213-TWWJU,DeviceProtection
5213-TWWJU,TechSupport
5213-TWWJU,StreamingMovies
5213-TWWJU,InternetService_Fiber
1569-TTNYJ,PhoneService
1569-TTNYJ,MultipleLines
1569-TTNYJ,OnlineBackup
1569-TTNYJ,InternetService_Fiber
8628-MFKAX,PhoneService
8628-MFKAX,MultipleLines
8628-MFKAX,OnlineSecurity
8628-MFKAX,OnlineBackup
8628-MFKAX,DeviceProtection
8628-MFKAX,TechSupport
8628-MFKAX,StreamingTV
8628-MFKAX,StreamingMovies
8628-MFKAX,InternetService_Fiber
2397-BRLOM,PhoneService
2397-BRLOM,StreamingTV
2397-BRLOM,InternetService_Fiber
7629-WIXZF,PhoneService
7629-WIXZF,OnlineSecurity
7629-WIXZF,StreamingMovies
7629-WIXZF,InternetService_DSL
5445-GLVOT,PhoneService
5445-GLVOT,OnlineSecurity
5445-GLVOT,InternetService_DSL
3976-HXHCE,PhoneService
2466-NEJOJ,PhoneService
0254-KCJGT,PhoneService
0254-KCJGT,MultipleLines
0254-KCJGT,OnlineSecurity
0254-KCJGT,OnlineBackup
0254-KCJGT,DeviceProtection
0254-KCJGT,TechSupport
0254-KCJGT,StreamingMovies
0254-KCJGT,InternetService_DSL
5472-CVMDX,OnlineSecurity
5472-CVMDX,DeviceProtection
5472-CVMDX,TechSupport
5472-CVMDX,InternetService_DSL
6461-SZMCV,PhoneService
6461-SZMCV,MultipleLines
6461-SZMCV,OnlineSecurity
6461-SZMCV,OnlineBackup
6461-SZMCV,DeviceProtection
6461-SZMCV,TechSupport
6461-SZMCV,StreamingTV
6461-SZMCV,StreamingMovies
6461-SZMCV,InternetService_DSL
8150-QUDFX,PhoneService
9508-ILZDG,PhoneService
9508-ILZDG,MultipleLines
9508-ILZDG,OnlineBackup
9508-ILZDG,TechSupport
9508-ILZDG,StreamingTV
9508-ILZDG,InternetService_Fiber
2346-DJQTB,InternetService_DSL
1697-LYYYX,PhoneService
1942-OQFRW,PhoneService
1942-OQFRW,InternetService_DSL
4749-VFKVB,PhoneService
4749-VFKVB,MultipleLines
4749-VFKVB,InternetService_DSL
9640-ZSLDC,PhoneService
9640-ZSLDC,DeviceProtection
9640-ZSLDC,StreamingMovies
9640-ZSLDC,InternetService_DSL
4231-LZUYM,PhoneService
4231-LZUYM,MultipleLines
7598-UAASY,PhoneService
7598-UAASY,DeviceProtection
7598-UAASY,InternetService_Fiber
7938-OUHIO,PhoneService
7938-OUHIO,DeviceProtection
7938-OUHIO,TechSupport
7938-OUHIO,StreamingTV
7938-OUHIO,StreamingMovies
7938-OUHIO,InternetService_Fiber
8510-AWCXC,PhoneService
8510-AWCXC,MultipleLines
8510-AWCXC,OnlineSecurity
8510-AWCXC,StreamingTV
8510-AWCXC,StreamingMovies
8510-AWCXC,InternetService_Fiber
6128-AQBMT,OnlineBackup
6128-AQBMT,DeviceProtection
6128-AQBMT,StreamingTV
6128-AQBMT,StreamingMovies
6128-AQBMT,InternetService_DSL
3594-BDSOA,PhoneService
0431-APWVY,PhoneService
0431-APWVY,StreamingTV
0431-APWVY,StreamingMovies
0431-APWVY,InternetService_Fiber
5133-VRSAB,OnlineSecurity
5133-VRSAB,InternetService_DSL
5996-DAOQL,PhoneService
6838-YAUVY,PhoneService
6838-YAUVY,MultipleLines
6838-YAUVY,DeviceProtection
6838-YAUVY,TechSupport
6838-YAUVY,StreamingMovies
6838-YAUVY,InternetService_Fiber
0484-JPBRU,PhoneService
0484-JPBRU,MultipleLines
7883-ROJOC,PhoneService
7883-ROJOC,InternetService_DSL
0244-LGNFY,PhoneService
0244-LGNFY,MultipleLines
0244-LGNFY,OnlineSecurity
0244-LGNFY,OnlineBackup
0244-LGNFY,DeviceProtection
0244-LGNFY,TechSupport
0244-LGNFY,StreamingTV
0244-LGNFY,StreamingMovies
0244-LGNFY,InternetService_DSL
7274-CGTOD,OnlineSecurity
7274-CGTOD,OnlineBackup
7274-CGTOD,DeviceProtection
7274-CGTOD,TechSupport
7274-CGTOD,InternetService_DSL
4295-YURET,PhoneService
4295-YURET,OnlineSecurity
4295-YURET,TechSupport
4295-YURET,StreamingTV
4295-YURET,StreamingMovies
4295-YURET,InternetService_DSL
3426-NIYYL,PhoneService
3426-NIYYL,MultipleLines
3426-NIYYL,InternetService_DSL
8225-BTJAU,PhoneService
8225-BTJAU,StreamingMovies
8225-BTJAU,InternetService_Fiber
4635-EJYPD,PhoneService
1866-ZSLJM,PhoneService
4636-TVXVG,PhoneService
4236-UJPWO,InternetService_DSL
9392-XBGTD,PhoneService
3387-VATUS,PhoneService
3387-VATUS,MultipleLines
3387-VATUS,StreamingTV
3387-VATUS,StreamingMovies
3387-VATUS,InternetService_Fiber
6402-SSEJG,OnlineSecurity
6402-SSEJG,OnlineBackup
6402-SSEJG,DeviceProtection
6402-SSEJG,StreamingTV
6402-SSEJG,StreamingMovies
6402-SSEJG,InternetService_DSL
1143-NMNQJ,PhoneService
1143-NMNQJ,MultipleLines
1143-NMNQJ,StreamingMovies
1143-NMNQJ,InternetService_Fiber
1169-SAOCL,PhoneService
1169-SAOCL,MultipleLines
1169-SAOCL,OnlineBackup
1169-SAOCL,TechSupport
1169-SAOCL,StreamingTV
1169-SAOCL,StreamingMovies
1169-SAOCL,InternetService_Fiber
1110-KYLGQ,PhoneService
1110-KYLGQ,MultipleLines
1110-KYLGQ,OnlineSecurity
1110-KYLGQ,OnlineBackup
1110-KYLGQ,DeviceProtection
1110-KYLGQ,StreamingTV
1110-KYLGQ,StreamingMovies
1110-KYLGQ,InternetService_Fiber
9929-PLVPA,PhoneService
3518-PZXZQ,PhoneService
3518-PZXZQ,StreamingTV
3518-PZXZQ,InternetService_DSL
2371-JUNGC,PhoneService
7693-QPEFS,PhoneService
7693-QPEFS,MultipleLines
7693-QPEFS,InternetService_Fiber
0924-BJCRC,PhoneService
0924-BJCRC,MultipleLines
0924-BJCRC,OnlineBackup
0924-BJCRC,StreamingMovies
0924-BJCRC,InternetService_Fiber
5074-FBGHB,PhoneService
5074-FBGHB,MultipleLines
5074-FBGHB,DeviceProtection
5074-FBGHB,TechSupport
5074-FBGHB,StreamingTV
5074-FBGHB,StreamingMovies
5074-FBGHB,InternetService_Fiber
2351-BKRZW,PhoneService
2351-BKRZW,OnlineSecurity
2351-BKRZW,DeviceProtection
2351-BKRZW,StreamingTV
2351-BKRZW,StreamingMovies
2351-BKRZW,InternetService_DSL
4455-BFSPD,PhoneService
4455-BFSPD,MultipleLines
4455-BFSPD,TechSupport
4455-BFSPD,StreamingTV
4455-BFSPD,StreamingMovies
4455-BFSPD,InternetService_Fiber
0415-MOSGF,PhoneService
0415-MOSGF,InternetService_DSL
1724-BQUHA,PhoneService
1724-BQUHA,StreamingTV
1724-BQUHA,StreamingMovies
1724-BQUHA,InternetService_Fiber
3948-KXDUF,PhoneService
3948-KXDUF,MultipleLines
3948-KXDUF,OnlineSecurity
3948-KXDUF,OnlineBackup
3948-KXDUF,DeviceProtection
3948-KXDUF,TechSupport
3948-KXDUF,InternetService_DSL
2323-ARSVR,PhoneService
2323-ARSVR,OnlineSecurity
2323-ARSVR,OnlineBackup
2323-ARSVR,DeviceProtection
2323-ARSVR,TechSupport
2323-ARSVR,StreamingTV
2323-ARSVR,StreamingMovies
2323-ARSVR,InternetService_Fiber
0815-MFZGM,PhoneService
0815-MFZGM,DeviceProtection
0815-MFZGM,TechSupport
0815-MFZGM,StreamingTV
0815-MFZGM,StreamingMovies
0815-MFZGM,InternetService_Fiber
4826-XTSOH,PhoneService
4826-XTSOH,MultipleLines
4826-XTSOH,StreamingTV
4826-XTSOH,InternetService_Fiber
5480-XTFFL,PhoneService
8295-FHIVV,PhoneService
2495-INZWQ,StreamingTV
2495-INZWQ,StreamingMovies
2495-INZWQ,InternetService_DSL
9086-YJYXS,PhoneService
9086-YJYXS,MultipleLines
9086-YJYXS,DeviceProtection
9086-YJYXS,StreamingTV
9086-YJYXS,StreamingMovies
9086-YJYXS,InternetService_DSL
1179-INLAT,PhoneService
7909-FIOIY,InternetService_DSL
4139-SUGLD,OnlineSecurity
4139-SUGLD,TechSupport
4139-SUGLD,InternetService_DSL
6857-VWJDT,PhoneService
6857-VWJDT,MultipleLines
6857-VWJDT,StreamingTV
6857-VWJDT,StreamingMovies
6857-VWJDT,InternetService_Fiber
6351-SCJKT,OnlineSecurity
6351-SCJKT,DeviceProtection
6351-SCJKT,TechSupport
6351-SCJKT,InternetService_DSL
5468-BPMMO,PhoneService
5624-BQSSA,PhoneService
0197-PNKNK,PhoneService
0197-PNKNK,MultipleLines
0197-PNKNK,OnlineSecurity
0197-PNKNK,DeviceProtection
0197-PNKNK,InternetService_Fiber
2439-QKJUL,PhoneService
1194-SPVSP,PhoneService
9534-NSXEM,PhoneService
2408-WITXK,StreamingMovies
2408-WITXK,InternetService_DSL
8929-KSWIH,PhoneService
8929-KSWIH,DeviceProtection
8929-KSWIH,TechSupport
8929-KSWIH,StreamingTV
8929-KSWIH,StreamingMovies
8929-KSWIH,InternetService_Fiber
2250-IVBWA,PhoneService
2250-IVBWA,OnlineSecurity
2250-IVBWA,OnlineBackup
2250-IVBWA,InternetService_Fiber
1810-MVMAI,PhoneService
1810-MVMAI,MultipleLines
1810-MVMAI,OnlineSecurity
1810-MVMAI,OnlineBackup
1810-MVMAI,DeviceProtection
1810-MVMAI,TechSupport
1810-MVMAI,InternetService_DSL
9506-UXUSK,PhoneService
9506-UXUSK,InternetService_Fiber
1229-RCALF,PhoneService
1229-RCALF,MultipleLines
1229-RCALF,OnlineSecurity
1229-RCALF,OnlineBackup
1229-RCALF,DeviceProtection
1229-RCALF,TechSupport
1229-RCALF,StreamingTV
1229-RCALF,StreamingMovies
1229-RCALF,InternetService_Fiber
3572-UOLYZ,PhoneService
3572-UOLYZ,MultipleLines
3572-UOLYZ,DeviceProtection
3572-UOLYZ,TechSupport
3572-UOLYZ,InternetService_Fiber
1429-UYJSV,PhoneService
5577-OTWWW,PhoneService
6100-QQHEB,PhoneService
6100-QQHEB,MultipleLines
6100-QQHEB,StreamingTV
6100-QQHEB,StreamingMovies
6100-QQHEB,InternetService_Fiber
6366-XIVKZ,PhoneService
6366-XIVKZ,OnlineSecurity
6366-XIVKZ,DeviceProtection
6366-XIVKZ,StreamingMovies
6366-XIVKZ,InternetService_DSL
3470-OBUET,PhoneService
3470-OBUET,MultipleLines
3470-OBUET,OnlineSecurity
3470-OBUET,OnlineBackup
3470-OBUET,TechSupport
3470-OBUET,StreamingTV
3470-OBUET,InternetService_DSL
2770-NSVDG,DeviceProtection
2770-NSVDG,InternetService_DSL
9375-MHRRS,PhoneService
9375-MHRRS,TechSupport
9375-MHRRS,InternetService_DSL
2634-HCZGT,PhoneService
2634-HCZGT,MultipleLines
2634-HCZGT,OnlineSecurity
2634-HCZGT,TechSupport
2634-HCZGT,InternetService_DSL
7503-QQRVF,PhoneService
7503-QQRVF,OnlineBackup
7503-QQRVF,InternetService_Fiber
4860-YZGZM,PhoneService
6599-GZWCM,PhoneService
6599-GZWCM,OnlineBackup
6599-GZWCM,InternetService_Fiber
2691-NZETQ,PhoneService
2691-NZETQ,MultipleLines
2691-NZETQ,StreamingTV
2691-NZETQ,InternetService_Fiber
4404-HIBDJ,PhoneService
4404-HIBDJ,OnlineSecurity
4404-HIBDJ,OnlineBackup
4404-HIBDJ,DeviceProtection
4404-HIBDJ,TechSupport
4404-HIBDJ,StreamingTV
4404-HIBDJ,InternetService_DSL
5533-NHFRF,OnlineBackup
5533-NHFRF,TechSupport
5533-NHFRF,StreamingMovies
5533-NHFRF,InternetService_DSL
7037-MTYVW,PhoneService
7037-MTYVW,MultipleLines
7037-MTYVW,OnlineSecurity
7037-MTYVW,DeviceProtection
7037-MTYVW,TechSupport
7037-MTYVW,StreamingTV
7037-MTYVW,StreamingMovies
7037-MTYVW,InternetService_DSL
4760-THGOT,PhoneService
4760-THGOT,MultipleLines
4760-THGOT,OnlineSecurity
4760-THGOT,OnlineBackup
4760-THGOT,StreamingMovies
4760-THGOT,InternetService_Fiber
7295-JOMMD,PhoneService
7295-JOMMD,DeviceProtection
7295-JOMMD,TechSupport
7295-JOMMD,StreamingTV
7295-JOMMD,StreamingMovies
7295-JOMMD,InternetService_Fiber
4016-BJKTZ,PhoneService
4016-BJKTZ,MultipleLines
4016-BJKTZ,OnlineBackup
4016-BJKTZ,DeviceProtection
4016-BJKTZ,TechSupport
4016-BJKTZ,StreamingTV
4016-BJKTZ,StreamingMovies
4016-BJKTZ,InternetService_Fiber
6584-VQMYT,PhoneService
6584-VQMYT,OnlineSecurity
6584-VQMYT,OnlineBackup
6584-VQMYT,InternetService_DSL
9838-BFCQT,PhoneService
9838-BFCQT,MultipleLines
2790-XUYMV,PhoneService
2790-XUYMV,MultipleLines
2790-XUYMV,OnlineSecurity
2790-XUYMV,OnlineBackup
2790-XUYMV,InternetService_Fiber
0581-MDMPW,PhoneService
0581-MDMPW,MultipleLines
0581-MDMPW,DeviceProtection
0581-MDMPW,StreamingTV
0581-MDMPW,InternetService_Fiber
5013-SBUIH,PhoneService
5013-SBUIH,MultipleLines
5013-SBUIH,OnlineSecurity
5013-SBUIH,OnlineBackup
5013-SBUIH,TechSupport
5013-SBUIH,StreamingTV
5013-SBUIH,StreamingMovies
5013-SBUIH,InternetService_Fiber
1023-BQXZE,PhoneService
1023-BQXZE,OnlineSecurity
1023-BQXZE,DeviceProtection
1023-BQXZE,StreamingTV
1023-BQXZE,StreamingMovies
1023-BQXZE,InternetService_DSL
9163-GHAYE,PhoneService
9163-GHAYE,OnlineBackup
9163-GHAYE,InternetService_DSL
3904-UKFRE,PhoneService
3904-UKFRE,MultipleLines
3904-UKFRE,OnlineSecurity
3904-UKFRE,InternetService_Fiber
5353-WILCI,PhoneService
5353-WILCI,OnlineSecurity
5353-WILCI,OnlineBackup
5353-WILCI,InternetService_DSL
0709-TVGUR,PhoneService
0709-TVGUR,MultipleLines
0709-TVGUR,InternetService_Fiber
0058-EVZWM,PhoneService
0058-EVZWM,MultipleLines
0058-EVZWM,OnlineSecurity
0058-EVZWM,StreamingTV
0058-EVZWM,InternetService_Fiber
6023-YEBUP,PhoneService
6023-YEBUP,MultipleLines
6023-YEBUP,DeviceProtection
6023-YEBUP,StreamingTV
6023-YEBUP,StreamingMovies
6023-YEBUP,InternetService_Fiber
7209-JCUDS,PhoneService
7209-JCUDS,DeviceProtection
7209-JCUDS,StreamingTV
7209-JCUDS,StreamingMovies
7209-JCUDS,InternetService_Fiber
7009-PCARS,PhoneService
0519-DRGTI,PhoneService
1017-FBQMM,PhoneService
1017-FBQMM,MultipleLines
1017-FBQMM,OnlineBackup
1017-FBQMM,TechSupport
1017-FBQMM,StreamingTV
1017-FBQMM,StreamingMovies
1017-FBQMM,InternetService_Fiber
3001-CBHLQ,PhoneService
3001-CBHLQ,MultipleLines
3001-CBHLQ,DeviceProtection
3001-CBHLQ,TechSupport
3001-CBHLQ,StreamingTV
3001-CBHLQ,StreamingMovies
3001-CBHLQ,InternetService_Fiber
1985-MBRYP,PhoneService
6158-DWPZT,InternetService_DSL
9372-TXXPS,PhoneService
9372-TXXPS,OnlineSecurity
9372-TXXPS,OnlineBackup
9372-TXXPS,TechSupport
9372-TXXPS,InternetService_DSL
3259-QMXUN,PhoneService
3259-QMXUN,MultipleLines
3259-QMXUN,OnlineSecurity
3259-QMXUN,OnlineBackup
3259-QMXUN,DeviceProtection
3259-QMXUN,StreamingTV
3259-QMXUN,StreamingMovies
3259-QMXUN,InternetService_DSL
1015-JPFYW,PhoneService
6645-MXQJT,PhoneService
6645-MXQJT,OnlineSecurity
6645-MXQJT,StreamingTV
6645-MXQJT,StreamingMovies
6645-MXQJT,InternetService_Fiber
4360-QRAVE,OnlineBackup
4360-QRAVE,DeviceProtection
4360-QRAVE,InternetService_DSL
8433-WPJTV,PhoneService
8433-WPJTV,MultipleLines
8433-WPJTV,DeviceProtection
8433-WPJTV,TechSupport
8433-WPJTV,StreamingTV
8433-WPJTV,StreamingMovies
8433-WPJTV,InternetService_Fiber
5804-JMYIO,PhoneService
3763-GCZHZ,PhoneService
3763-GCZHZ,MultipleLines
3763-GCZHZ,OnlineBackup
3763-GCZHZ,TechSupport
3763-GCZHZ,StreamingTV
3763-GCZHZ,StreamingMovies
3763-GCZHZ,InternetService_Fiber
6484-LATFU,PhoneService
6484-LATFU,MultipleLines
7599-NTMDP,OnlineSecurity
7599-NTMDP,OnlineBackup
7599-NTMDP,TechSupport
7599-NTMDP,StreamingTV
7599-NTMDP,InternetService_DSL
0772-GYEQQ,PhoneService
0772-GYEQQ,DeviceProtection
0772-GYEQQ,TechSupport
0772-GYEQQ,StreamingTV
0772-GYEQQ,InternetService_Fiber
0536-ACXIP,PhoneService
0536-ACXIP,MultipleLines
0536-ACXIP,OnlineSecurity
0536-ACXIP,OnlineBackup
0536-ACXIP,DeviceProtection
0536-ACXIP,StreamingTV
0536-ACXIP,StreamingMovies
0536-ACXIP,InternetService_Fiber
0936-NQLJU,PhoneService
4831-EOBFE,PhoneService
4831-EOBFE,OnlineSecurity
4831-EOBFE,StreamingTV
4831-EOBFE,StreamingMovies
4831-EOBFE,InternetService_Fiber
1575-KRZZE,PhoneService
1575-KRZZE,OnlineSecurity
1575-KRZZE,OnlineBackup
1575-KRZZE,InternetService_DSL
3251-YMVWZ,PhoneService
3251-YMVWZ,MultipleLines
4102-OQUPX,PhoneService
4102-OQUPX,MultipleLines
4102-OQUPX,InternetService_Fiber
9170-GYZJC,PhoneService
9170-GYZJC,MultipleLines
9170-GYZJC,OnlineSecurity
9170-GYZJC,OnlineBackup
9170-GYZJC,DeviceProtection
9170-GYZJC,TechSupport
9170-GYZJC,StreamingMovies
9170-GYZJC,InternetService_DSL
4884-LEVMQ,PhoneService
8857-CUPFQ,PhoneService
7610-TVOPG,PhoneService
7610-TVOPG,MultipleLines
3638-DIMPH,PhoneService
3638-DIMPH,InternetService_DSL
1845-ZLLIG,PhoneService
1845-ZLLIG,OnlineBackup
1845-ZLLIG,InternetService_DSL
8559-WNQZS,PhoneService
3999-QGRJH,PhoneService
3999-QGRJH,InternetService_Fiber
1699-UOTXU,PhoneService
1699-UOTXU,OnlineSecurity
1699-UOTXU,OnlineBackup
1699-UOTXU,DeviceProtection
1699-UOTXU,InternetService_DSL
2454-RPBRZ,PhoneService
2454-RPBRZ,MultipleLines
2454-RPBRZ,OnlineBackup
2454-RPBRZ,DeviceProtection
2454-RPBRZ,StreamingTV
2454-RPBRZ,InternetService_Fiber
0635-WKOLD,PhoneService
0635-WKOLD,MultipleLines
0635-WKOLD,OnlineBackup
0635-WKOLD,TechSupport
0635-WKOLD,StreamingTV
0635-WKOLD,InternetService_DSL
5993-JSUWV,PhoneService
5993-JSUWV,OnlineSecurity
5993-JSUWV,OnlineBackup
5993-JSUWV,DeviceProtection
5993-JSUWV,InternetService_DSL
4518-FZBSX,PhoneService
5387-ASZNZ,PhoneService
5387-ASZNZ,MultipleLines
5387-ASZNZ,OnlineSecurity
5387-ASZNZ,OnlineBackup
5387-ASZNZ,TechSupport
5387-ASZNZ,InternetService_DSL
6988-CJEYV,PhoneService
6988-CJEYV,MultipleLines
6988-CJEYV,OnlineBackup
6988-CJEYV,StreamingTV
6988-CJEYV,StreamingMovies
6988-CJEYV,InternetService_Fiber
2002-MZHWP,PhoneService
3097-FQTVJ,PhoneService
5465-BUBFA,PhoneService
7299-GNVPL,PhoneService
7299-GNVPL,OnlineSecurity
7299-GNVPL,OnlineBackup
7299-GNVPL,TechSupport
7299-GNVPL,InternetService_Fiber
9743-DQKQW,InternetService_DSL
1215-VFYVK,OnlineSecurity
1215-VFYVK,DeviceProtection
1215-VFYVK,TechSupport
1215-VFYVK,StreamingMovies
1215-VFYVK,InternetService_DSL
9371-BITHB,PhoneService
2265-CYWIV,PhoneService
2265-CYWIV,MultipleLines
2265-CYWIV,OnlineSecurity
2265-CYWIV,StreamingTV
2265-CYWIV,StreamingMovies
2265-CYWIV,InternetService_Fiber
9093-FPDLG,PhoneService
9093-FPDLG,OnlineBackup
9093-FPDLG,DeviceProtection
9093-FPDLG,TechSupport
9093-FPDLG,StreamingMovies
9093-FPDLG,InternetService_Fiber
0541-FITGH,PhoneService
0541-FITGH,OnlineSecurity
0541-FITGH,StreamingMovies
0541-FITGH,InternetService_DSL
6985-HAYWX,PhoneService
6985-HAYWX,MultipleLines
6985-HAYWX,OnlineBackup
6985-HAYWX,InternetService_Fiber
7508-KBIMB,PhoneService
7508-KBIMB,OnlineSecurity
7508-KBIMB,DeviceProtection
7508-KBIMB,InternetService_DSL
6838-HVLXG,PhoneService
2277-DJJDL,PhoneService
2277-DJJDL,MultipleLines
2277-DJJDL,TechSupport
2277-DJJDL,StreamingTV
2277-DJJDL,StreamingMovies
2277-DJJDL,InternetService_Fiber
1897-OKVMW,PhoneService
1897-OKVMW,MultipleLines
1897-OKVMW,OnlineSecurity
1897-OKVMW,OnlineBackup
1897-OKVMW,DeviceProtection
1897-OKVMW,TechSupport
1897-OKVMW,StreamingTV
1897-OKVMW,StreamingMovies
1897-OKVMW,InternetService_DSL
5485-ITNPC,PhoneService
5485-ITNPC,OnlineSecurity
5485-ITNPC,OnlineBackup
5485-ITNPC,DeviceProtection
5485-ITNPC,TechSupport
5485-ITNPC,StreamingTV
5485-ITNPC,StreamingMovies
5485-ITNPC,InternetService_DSL
0233-FTHAV,PhoneService
0233-FTHAV,MultipleLines
0233-FTHAV,DeviceProtection
0233-FTHAV,InternetService_Fiber
4644-PIZRT,PhoneService
4644-PIZRT,MultipleLines
4644-PIZRT,OnlineSecurity
4644-PIZRT,DeviceProtection
4644-PIZRT,StreamingTV
4644-PIZRT,InternetService_DSL
8922-NPKBJ,PhoneService
2740-TVLFN,PhoneService
2740-TVLFN,MultipleLines
2740-TVLFN,InternetService_DSL
7771-CFQRQ,PhoneService
7771-CFQRQ,OnlineBackup
7771-CFQRQ,TechSupport
7771-CFQRQ,StreamingMovies
7771-CFQRQ,InternetService_DSL
9512-PHSMG,PhoneService
6963-EZQEE,PhoneService
6963-EZQEE,MultipleLines
6963-EZQEE,OnlineSecurity
6963-EZQEE,OnlineBackup
6963-EZQEE,DeviceProtection
6963-EZQEE,TechSupport
6963-EZQEE,StreamingTV
6963-EZQEE,StreamingMovies
6963-EZQEE,InternetService_DSL
2452-KDRRH,PhoneService
2452-KDRRH,MultipleLines
2452-KDRRH,DeviceProtection
2452-KDRRH,StreamingTV
2452-KDRRH,StreamingMovies
2452-KDRRH,InternetService_Fiber
2004-OCQXK,PhoneService
2004-OCQXK,StreamingMovies
2004-OCQXK,InternetService_Fiber
5027-QPKTE,PhoneService
5027-QPKTE,InternetService_Fiber
4146-SVFUD,PhoneService
4146-SVFUD,InternetService_DSL
1564-HJUVY,PhoneService
1564-HJUVY,OnlineBackup
1564-HJUVY,TechSupport
1564-HJUVY,StreamingTV
1564-HJUVY,InternetService_DSL
3617-XLSGQ,PhoneService
3617-XLSGQ,MultipleLines
3617-XLSGQ,OnlineSecurity
3617-XLSGQ,OnlineBackup
3617-XLSGQ,DeviceProtection
3617-XLSGQ,StreamingTV
3617-XLSGQ,StreamingMovies
3617-XLSGQ,InternetService_Fiber
7517-LDMPS,PhoneService
7517-LDMPS,OnlineBackup
7517-LDMPS,StreamingMovies
7517-LDMPS,InternetService_Fiber
7244-KXYZN,PhoneService
5226-NOZFC,PhoneService
5226-NOZFC,OnlineBackup
5226-NOZFC,StreamingTV
5226-NOZFC,InternetService_Fiber
2672-HUYVI,PhoneService
2672-HUYVI,StreamingTV
2672-HUYVI,StreamingMovies
2672-HUYVI,InternetService_Fiber
1400-WIVLL,PhoneService
1400-WIVLL,MultipleLines
1400-WIVLL,DeviceProtection
1400-WIVLL,TechSupport
1400-WIVLL,StreamingTV
1400-WIVLL,StreamingMovies
1400-WIVLL,InternetService_Fiber
7508-MYBOG,PhoneService
7508-MYBOG,MultipleLines
7508-MYBOG,StreamingTV
7508-MYBOG,InternetService_Fiber
8148-NLEGT,PhoneService
8148-NLEGT,MultipleLines
0148-DCDOS,PhoneService
0148-DCDOS,MultipleLines
0148-DCDOS,StreamingTV
0148-DCDOS,StreamingMovies
0148-DCDOS,InternetService_Fiber
8347-GDTMP,PhoneService
9992-RRAMN,PhoneService
9992-RRAMN,MultipleLines
9992-RRAMN,StreamingMovies
9992-RRAMN,InternetService_Fiber
6746-WAUWT,PhoneService
0310-MVLET,PhoneService
0310-MVLET,MultipleLines
0310-MVLET,OnlineBackup
0310-MVLET,StreamingTV
0310-MVLET,StreamingMovies
0310-MVLET,InternetService_Fiber
0428-IKYCP,PhoneService
0428-IKYCP,DeviceProtection
0428-IKYCP,StreamingTV
0428-IKYCP,InternetService_Fiber
4550-VBOFE,PhoneService
4550-VBOFE,MultipleLines
4550-VBOFE,OnlineBackup
4550-VBOFE,DeviceProtection
4550-VBOFE,StreamingTV
4550-VBOFE,StreamingMovies
4550-VBOFE,InternetService_Fiber
2187-PKZAY,PhoneService
2187-PKZAY,StreamingMovies
2187-PKZAY,InternetService_Fiber
4003-OCTMP,PhoneService
4003-OCTMP,OnlineSecurity
4003-OCTMP,TechSupport
4003-OCTMP,StreamingMovies
4003-OCTMP,InternetService_DSL
6652-YFFJO,PhoneService
6652-YFFJO,StreamingTV
6652-YFFJO,StreamingMovies
6652-YFFJO,InternetService_DSL
7225-IILWY,PhoneService
7225-IILWY,MultipleLines
5248-RPYWW,PhoneService
5248-RPYWW,MultipleLines
5248-RPYWW,OnlineSecurity
5248-RPYWW,OnlineBackup
5248-RPYWW,DeviceProtection
5248-RPYWW,TechSupport
5248-RPYWW,StreamingTV
5248-RPYWW,StreamingMovies
5248-RPYWW,InternetService_DSL
7923-IYJWY,PhoneService
7923-IYJWY,MultipleLines
7923-IYJWY,OnlineSecurity
7923-IYJWY,OnlineBackup
7923-IYJWY,DeviceProtection
7923-IYJWY,TechSupport
7923-IYJWY,StreamingTV
7923-IYJWY,StreamingMovies
7923-IYJWY,InternetService_Fiber
3170-GWYKC,PhoneService
3170-GWYKC,OnlineSecurity
3170-GWYKC,DeviceProtection
3170-GWYKC,TechSupport
3170-GWYKC,StreamingTV
3170-GWYKC,StreamingMovies
3170-GWYKC,InternetService_Fiber
5696-QURRL,PhoneService
5696-QURRL,InternetService_DSL
7409-KIUTL,PhoneService
7409-KIUTL,InternetService_Fiber
9830-ECLEN,OnlineSecurity
9830-ECLEN,OnlineBackup
9830-ECLEN,DeviceProtection
9830-ECLEN,StreamingTV
9830-ECLEN,InternetService_DSL
1732-VHUBQ,PhoneService
1732-VHUBQ,InternetService_Fiber
0495-RVCBF,PhoneService
0495-RVCBF,StreamingMovies
0495-RVCBF,InternetService_Fiber
2668-TZSPS,PhoneService
7854-EDSSA,PhoneService
7854-EDSSA,MultipleLines
7854-EDSSA,OnlineSecurity
7854-EDSSA,OnlineBackup
7854-EDSSA,InternetService_DSL
8869-TORSS,PhoneService
8869-TORSS,OnlineSecurity
8869-TORSS,DeviceProtection
8869-TORSS,TechSupport
8869-TORSS,InternetService_DSL
7446-SFAOA,PhoneService
9522-ZSINC,PhoneService
8234-GSZYK,PhoneService
8234-GSZYK,MultipleLines
6505-OZNPG,OnlineSecurity
6505-OZNPG,OnlineBackup
6505-OZNPG,DeviceProtection
6505-OZNPG,TechSupport
6505-OZNPG,StreamingTV
6505-OZNPG,StreamingMovies
6505-OZNPG,InternetService_DSL
6164-HAQTX,OnlineSecurity
6164-HAQTX,OnlineBackup
6164-HAQTX,DeviceProtection
6164-HAQTX,TechSupport
6164-HAQTX,StreamingTV
6164-HAQTX,InternetService_DSL
0679-IDSTG,PhoneService
0679-IDSTG,InternetService_Fiber
7765-LWVVH,PhoneService
7765-LWVVH,MultipleLines
7765-LWVVH,OnlineSecurity
7765-LWVVH,OnlineBackup
7765-LWVVH,StreamingTV
7765-LWVVH,InternetService_Fiber
1658-TJVOA,PhoneService
1658-TJVOA,OnlineSecurity
1658-TJVOA,InternetService_Fiber
0953-LGOVU,OnlineBackup
0953-LGOVU,TechSupport
0953-LGOVU,InternetService_DSL
2115-BFTIW,PhoneService
2115-BFTIW,InternetService_Fiber
4692-NNQRU,PhoneService
4692-NNQRU,DeviceProtection
4692-NNQRU,TechSupport
4692-NNQRU,InternetService_Fiber
7742-MYPGI,PhoneService
7742-MYPGI,TechSupport
7742-MYPGI,InternetService_DSL
0611-DFXKO,PhoneService
0611-DFXKO,StreamingTV
0611-DFXKO,StreamingMovies
0611-DFXKO,InternetService_Fiber
7780-OTDSO,PhoneService
7780-OTDSO,MultipleLines
7780-OTDSO,OnlineSecurity
7780-OTDSO,StreamingTV
7780-OTDSO,StreamingMovies
7780-OTDSO,InternetService_Fiber
9619-GSATL,PhoneService
9619-GSATL,OnlineBackup
9619-GSATL,TechSupport
9619-GSATL,InternetService_DSL
5622-UEJFI,PhoneService
5622-UEJFI,MultipleLines
9747-DDZOS,PhoneService
9747-DDZOS,DeviceProtection
9747-DDZOS,InternetService_Fiber
0674-DGMAQ,PhoneService
0674-DGMAQ,MultipleLines
0674-DGMAQ,OnlineBackup
0674-DGMAQ,DeviceProtection
0674-DGMAQ,StreamingMovies
0674-DGMAQ,InternetService_Fiber
6203-HBZPA,OnlineSecurity
6203-HBZPA,OnlineBackup
6203-HBZPA,DeviceProtection
6203-HBZPA,TechSupport
6203-HBZPA,StreamingTV
6203-HBZPA,StreamingMovies
6203-HBZPA,InternetService_DSL
0484-FFVBJ,PhoneService
0484-FFVBJ,StreamingTV
0484-FFVBJ,StreamingMovies
0484-FFVBJ,InternetService_DSL
0301-FIDRB,OnlineSecurity
0301-FIDRB,OnlineBackup
0301-FIDRB,DeviceProtection
0301-FIDRB,TechSupport
0301-FIDRB,StreamingTV
0301-FIDRB,StreamingMovies
0301-FIDRB,InternetService_DSL
4139-JPIAM,OnlineSecurity
4139-JPIAM,TechSupport
4139-JPIAM,StreamingMovies
4139-JPIAM,InternetService_DSL
2181-TIDSV,PhoneService
2761-XECQW,OnlineBackup
2761-XECQW,DeviceProtection
2761-XECQW,StreamingMovies
2761-XECQW,InternetService_DSL
1936-CZAKF,OnlineBackup
1936-CZAKF,StreamingTV
1936-CZAKF,StreamingMovies
1936-CZAKF,InternetService_DSL
9453-PATOS,PhoneService
9453-PATOS,OnlineSecurity
9453-PATOS,OnlineBackup
9453-PATOS,DeviceProtection
9453-PATOS,TechSupport
9453-PATOS,StreamingTV
9453-PATOS,StreamingMovies
9453-PATOS,InternetService_DSL
0564-JJHGS,PhoneService
0564-JJHGS,MultipleLines
0564-JJHGS,StreamingTV
0564-JJHGS,StreamingMovies
0564-JJHGS,InternetService_Fiber
3348-CFRNX,PhoneService
3348-CFRNX,OnlineSecurity
3348-CFRNX,StreamingTV
3348-CFRNX,StreamingMovies
3348-CFRNX,InternetService_Fiber
4402-FTBXC,PhoneService
4402-FTBXC,OnlineSecurity
4402-FTBXC,DeviceProtection
4402-FTBXC,StreamingTV
4402-FTBXC,InternetService_Fiber
1428-GTBJJ,PhoneService
1428-GTBJJ,OnlineBackup
1428-GTBJJ,InternetService_Fiber
2931-XIQBR,PhoneService
2931-XIQBR,DeviceProtection
2931-XIQBR,TechSupport
2931-XIQBR,StreamingTV
2931-XIQBR,StreamingMovies
2931-XIQBR,InternetService_Fiber
0106-UGRDO,PhoneService
0106-UGRDO,MultipleLines
0106-UGRDO,OnlineSecurity
0106-UGRDO,OnlineBackup
0106-UGRDO,DeviceProtection
0106-UGRDO,TechSupport
0106-UGRDO,StreamingTV
0106-UGRDO,StreamingMovies
0106-UGRDO,InternetService_Fiber
5542-TBBWB,PhoneService
5542-TBBWB,InternetService_Fiber
1930-QPBVZ,PhoneService
1930-QPBVZ,OnlineSecurity
1930-QPBVZ,OnlineBackup
1930-QPBVZ,TechSupport
1930-QPBVZ,StreamingMovies
1930-QPBVZ,InternetService_Fiber
2606-PKWJB,OnlineSecurity
2606-PKWJB,OnlineBackup
2606-PKWJB,TechSupport
2606-PKWJB,InternetService_DSL
5322-ZSMZY,PhoneService
5322-ZSMZY,MultipleLines
8059-UDZFY,PhoneService
8059-UDZFY,MultipleLines
8059-UDZFY,OnlineBackup
8059-UDZFY,DeviceProtection
8059-UDZFY,StreamingTV
8059-UDZFY,StreamingMovies
8059-UDZFY,InternetService_Fiber
7740-BTPUX,PhoneService
7740-BTPUX,MultipleLines
7740-BTPUX,OnlineBackup
7740-BTPUX,DeviceProtection
7740-BTPUX,TechSupport
7740-BTPUX,StreamingTV
7740-BTPUX,StreamingMovies
7740-BTPUX,InternetService_Fiber
5220-AGAAX,PhoneService
5220-AGAAX,MultipleLines
0208-BPQEJ,PhoneService
9435-JMLSX,PhoneService
9435-JMLSX,OnlineSecurity
9435-JMLSX,OnlineBackup
9435-JMLSX,DeviceProtection
9435-JMLSX,TechSupport
9435-JMLSX,StreamingTV
9435-JMLSX,StreamingMovies
9435-JMLSX,InternetService_DSL
3352-ALMCK,PhoneService
3352-ALMCK,MultipleLines
3352-ALMCK,OnlineBackup
3352-ALMCK,DeviceProtection
3352-ALMCK,StreamingTV
3352-ALMCK,StreamingMovies
3352-ALMCK,InternetService_Fiber
5312-IRCFR,PhoneService
5312-IRCFR,MultipleLines
5312-IRCFR,OnlineBackup
5312-IRCFR,DeviceProtection
5312-IRCFR,StreamingMovies
5312-IRCFR,InternetService_Fiber
5294-IMHHT,PhoneService
5294-IMHHT,MultipleLines
5294-IMHHT,OnlineBackup
5294-IMHHT,TechSupport
5294-IMHHT,StreamingMovies
5294-IMHHT,InternetService_Fiber
8802-UNOJF,PhoneService
8802-UNOJF,OnlineBackup
8802-UNOJF,DeviceProtection
8802-UNOJF,TechSupport
8802-UNOJF,InternetService_Fiber
6313-GIDIT,OnlineBackup
6313-GIDIT,DeviceProtection
6313-GIDIT,StreamingTV
6313-GIDIT,StreamingMovies
6313-GIDIT,InternetService_DSL
6176-YJWAS,PhoneService
6176-YJWAS,MultipleLines
6176-YJWAS,OnlineSecurity
6176-YJWAS,OnlineBackup
6176-YJWAS,DeviceProtection
6176-YJWAS,StreamingTV
6176-YJWAS,InternetService_Fiber
5310-NOOVA,PhoneService
4526-EXKKN,PhoneService
4526-EXKKN,MultipleLines
5311-IHLEI,OnlineSecurity
5311-IHLEI,OnlineBackup
5311-IHLEI,TechSupport
5311-IHLEI,StreamingTV
5311-IHLEI,InternetService_DSL
3987-KQDDU,PhoneService
3987-KQDDU,OnlineSecurity
3987-KQDDU,InternetService_Fiber
3404-JNXAX,PhoneService
3404-JNXAX,MultipleLines
3404-JNXAX,TechSupport
3404-JNXAX,InternetService_Fiber
5131-PONJI,PhoneService
5131-PONJI,OnlineBackup
5131-PONJI,DeviceProtection
5131-PONJI,StreamingTV
5131-PONJI,InternetService_Fiber
2845-AFFTX,PhoneService
2845-AFFTX,MultipleLines
2845-AFFTX,DeviceProtection
2845-AFFTX,StreamingTV
2845-AFFTX,StreamingMovies
2845-AFFTX,InternetService_Fiber
3489-VSFRD,PhoneService
3489-VSFRD,OnlineSecurity
3489-VSFRD,DeviceProtection
3489-VSFRD,TechSupport
3489-VSFRD,InternetService_DSL
3345-JHUEO,PhoneService
5815-HGGHV,PhoneService
5815-HGGHV,OnlineSecurity
5815-HGGHV,TechSupport
5815-HGGHV,StreamingMovies
5815-HGGHV,InternetService_DSL
5260-UMPWX,PhoneService
2249-YPRNG,PhoneService
2249-YPRNG,MultipleLines
2249-YPRNG,OnlineBackup
2249-YPRNG,DeviceProtection
2249-YPRNG,StreamingTV
2249-YPRNG,StreamingMovies
2249-YPRNG,InternetService_Fiber
7410-YTJIK,PhoneService
7410-YTJIK,MultipleLines
7410-YTJIK,InternetService_Fiber
4626-GYCZP,PhoneService
4626-GYCZP,MultipleLines
4626-GYCZP,StreamingTV
4626-GYCZP,StreamingMovies
4626-GYCZP,InternetService_Fiber
5649-RXQTV,PhoneService
5649-RXQTV,OnlineBackup
5649-RXQTV,DeviceProtection
5649-RXQTV,StreamingTV
5649-RXQTV,StreamingMovies
5649-RXQTV,InternetService_Fiber
2674-MIAHT,PhoneService
2674-MIAHT,MultipleLines
2674-MIAHT,OnlineBackup
2674-MIAHT,InternetService_Fiber
2576-HXMPA,PhoneService
7587-AOVVU,PhoneService
7587-AOVVU,MultipleLines
7587-AOVVU,OnlineSecurity
7587-AOVVU,OnlineBackup
7587-AOVVU,TechSupport
7587-AOVVU,StreamingTV
7587-AOVVU,InternetService_Fiber
5590-BYNII,PhoneService
5590-BYNII,MultipleLines
5590-BYNII,OnlineSecurity
5590-BYNII,StreamingTV
5590-BYNII,StreamingMovies
5590-BYNII,InternetService_Fiber
6898-MDLZW,PhoneService
6898-MDLZW,OnlineBackup
6898-MDLZW,TechSupport
6898-MDLZW,InternetService_DSL
3237-AJGEH,TechSupport
3237-AJGEH,InternetService_DSL
4707-YNOQA,PhoneService
4707-YNOQA,MultipleLines
9357-UJRUN,PhoneService
9357-UJRUN,MultipleLines
9357-UJRUN,OnlineSecurity
9357-UJRUN,TechSupport
9357-UJRUN,InternetService_DSL
1591-NFNLQ,PhoneService
1591-NFNLQ,MultipleLines
1591-NFNLQ,DeviceProtection
1591-NFNLQ,InternetService_Fiber
8648-PFRMP,StreamingTV
8648-PFRMP,StreamingMovies
8648-PFRMP,InternetService_DSL
7663-CUXZB,PhoneService
7663-CUXZB,MultipleLines
7663-CUXZB,OnlineSecurity
7663-CUXZB,OnlineBackup
7663-CUXZB,DeviceProtection
7663-CUXZB,TechSupport
7663-CUXZB,StreamingTV
7663-CUXZB,StreamingMovies
7663-CUXZB,InternetService_Fiber
0258-NOKBL,PhoneService
0258-NOKBL,OnlineBackup
0258-NOKBL,DeviceProtection
0258-NOKBL,StreamingMovies
0258-NOKBL,InternetService_Fiber
1163-VIPRI,PhoneService
1163-VIPRI,MultipleLines
1163-VIPRI,OnlineSecurity
1163-VIPRI,DeviceProtection
1163-VIPRI,TechSupport
1163-VIPRI,StreamingTV
1163-VIPRI,StreamingMovies
1163-VIPRI,InternetService_Fiber
2815-CPTUL,PhoneService
2815-CPTUL,InternetService_Fiber
9348-ROUAI,PhoneService
9348-ROUAI,MultipleLines
9348-ROUAI,OnlineSecurity
9348-ROUAI,OnlineBackup
9348-ROUAI,DeviceProtection
9348-ROUAI,TechSupport
9348-ROUAI,StreamingTV
9348-ROUAI,StreamingMovies
9348-ROUAI,InternetService_DSL
9443-JUBUO,OnlineSecurity
9443-JUBUO,OnlineBackup
9443-JUBUO,DeviceProtection
9443-JUBUO,TechSupport
9443-JUBUO,StreamingTV
9443-JUBUO,StreamingMovies
9443-JUBUO,InternetService_DSL
0596-BQCEQ,PhoneService
0596-BQCEQ,OnlineBackup
0596-BQCEQ,DeviceProtection
0596-BQCEQ,StreamingTV
0596-BQCEQ,StreamingMovies
0596-BQCEQ,InternetService_Fiber
1481-ZUWZA,PhoneService
1481-ZUWZA,MultipleLines
1481-ZUWZA,OnlineSecurity
1481-ZUWZA,OnlineBackup
1481-ZUWZA,StreamingMovies
1481-ZUWZA,InternetService_Fiber
3043-TYBNO,PhoneService
3043-TYBNO,TechSupport
3043-TYBNO,StreamingMovies
3043-TYBNO,InternetService_DSL
4830-FAXFM,PhoneService
4830-FAXFM,MultipleLines
5906-BFOZT,PhoneService
2960-NKRSO,PhoneService
2960-NKRSO,OnlineBackup
2960-NKRSO,DeviceProtection
2960-NKRSO,TechSupport
2960-NKRSO,InternetService_Fiber
8996-ZROXE,PhoneService
8996-ZROXE,DeviceProtection
8996-ZROXE,TechSupport
8996-ZROXE,InternetService_DSL
5598-IKHQQ,PhoneService
5598-IKHQQ,MultipleLines
0397-ZXWQF,PhoneService
5266-PFRQK,PhoneService
4674-HGNUA,PhoneService
4674-HGNUA,MultipleLines
4674-HGNUA,OnlineSecurity
4674-HGNUA,OnlineBackup
4674-HGNUA,DeviceProtection
4674-HGNUA,TechSupport
4674-HGNUA,StreamingTV
4674-HGNUA,StreamingMovies
4674-HGNUA,InternetService_DSL
6765-MBQNU,PhoneService
6765-MBQNU,MultipleLines
9786-IJYDL,PhoneService
9786-IJYDL,MultipleLines
9786-IJYDL,OnlineSecurity
9786-IJYDL,OnlineBackup
9786-IJYDL,DeviceProtection
9786-IJYDL,TechSupport
9786-IJYDL,StreamingTV
9786-IJYDL,StreamingMovies
9786-IJYDL,InternetService_Fiber
1303-SRDOK,PhoneService
1303-SRDOK,InternetService_Fiber
3769-MHZNV,PhoneService
6295-OSINB,PhoneService
6295-OSINB,MultipleLines
6295-OSINB,OnlineSecurity
6295-OSINB,OnlineBackup
6295-OSINB,DeviceProtection
6295-OSINB,StreamingTV
6295-OSINB,StreamingMovies
6295-OSINB,InternetService_Fiber
3308-MHOOC,PhoneService
2309-OSFEU,StreamingMovies
2309-OSFEU,InternetService_DSL
2207-QPJED,PhoneService
2207-QPJED,DeviceProtection
2207-QPJED,TechSupport
2207-QPJED,StreamingTV
2207-QPJED,InternetService_Fiber
4177-JPDFU,OnlineBackup
4177-JPDFU,TechSupport
4177-JPDFU,InternetService_DSL
2239-CFOUJ,PhoneService
8046-DNVTL,OnlineSecurity
8046-DNVTL,OnlineBackup
8046-DNVTL,TechSupport
8046-DNVTL,InternetService_DSL
2209-XADXF,InternetService_DSL
6620-JDYNW,PhoneService
6620-JDYNW,MultipleLines
6620-JDYNW,OnlineSecurity
6620-JDYNW,DeviceProtection
6620-JDYNW,InternetService_DSL
1891-FZYSA,PhoneService
1891-FZYSA,MultipleLines
1891-FZYSA,OnlineBackup
1891-FZYSA,StreamingTV
1891-FZYSA,InternetService_Fiber
4770-UEZOX,PhoneService
4770-UEZOX,OnlineBackup
4770-UEZOX,InternetService_Fiber
1038-RQOST,PhoneService
7613-LLQFO,PhoneService
7613-LLQFO,MultipleLines
7613-LLQFO,StreamingTV
7613-LLQFO,InternetService_Fiber
4568-TTZRT,PhoneService
9513-DXHDA,PhoneService
9513-DXHDA,OnlineSecurity
9513-DXHDA,DeviceProtection
9513-DXHDA,TechSupport
9513-DXHDA,StreamingTV
9513-DXHDA,StreamingMovies
9513-DXHDA,InternetService_DSL
2640-PMGFL,PhoneService
2640-PMGFL,MultipleLines
2640-PMGFL,TechSupport
2640-PMGFL,InternetService_Fiber
3801-HMYNL,PhoneService
3801-HMYNL,StreamingTV
3801-HMYNL,StreamingMovies
3801-HMYNL,InternetService_Fiber
0516-QREYC,PhoneService
9685-WKZGT,PhoneService
9685-WKZGT,MultipleLines
9685-WKZGT,InternetService_Fiber
6022-UGGSO,PhoneService
6022-UGGSO,OnlineBackup
6022-UGGSO,InternetService_Fiber
8084-OIVBS,PhoneService
8896-BQTTI,PhoneService
8896-BQTTI,MultipleLines
3865-QBWSJ,PhoneService
3865-QBWSJ,MultipleLines
3865-QBWSJ,OnlineSecurity
3865-QBWSJ,InternetService_Fiber
3352-RICWQ,PhoneService
2160-GPFXD,PhoneService
2160-GPFXD,MultipleLines
2160-GPFXD,OnlineSecurity
2160-GPFXD,OnlineBackup
2160-GPFXD,TechSupport
2160-GPFXD,InternetService_DSL
2065-MMKGR,PhoneService
2065-MMKGR,MultipleLines
2065-MMKGR,StreamingTV
2065-MMKGR,StreamingMovies
2065-MMKGR,InternetService_DSL
5857-TYBCJ,PhoneService
5857-TYBCJ,MultipleLines
5857-TYBCJ,DeviceProtection
5857-TYBCJ,StreamingTV
5857-TYBCJ,InternetService_Fiber
1498-NHTLT,PhoneService
1498-NHTLT,OnlineSecurity
1498-NHTLT,OnlineBackup
1498-NHTLT,DeviceProtection
1498-NHTLT,TechSupport
1498-NHTLT,StreamingTV
1498-NHTLT,StreamingMovies
1498-NHTLT,InternetService_DSL
4484-CGXFK,PhoneService
4484-CGXFK,StreamingMovies
4484-CGXFK,InternetService_DSL
1402-PTHGN,PhoneService
1402-PTHGN,OnlineSecurity
1402-PTHGN,OnlineBackup
1402-PTHGN,TechSupport
1402-PTHGN,InternetService_DSL
4176-RELJR,PhoneService
4176-RELJR,MultipleLines
6214-EDAKZ,PhoneService
6214-EDAKZ,OnlineBackup
6214-EDAKZ,TechSupport
6214-EDAKZ,InternetService_DSL
5199-FPUSP,OnlineSecurity
5199-FPUSP,TechSupport
5199-FPUSP,InternetService_DSL
6377-KSLXC,PhoneService
1796-JANOW,PhoneService
0238-WHBIQ,PhoneService
0238-WHBIQ,MultipleLines
0238-WHBIQ,OnlineSecurity
0238-WHBIQ,OnlineBackup
0238-WHBIQ,DeviceProtection
0238-WHBIQ,TechSupport
0238-WHBIQ,StreamingTV
0238-WHBIQ,StreamingMovies
0238-WHBIQ,InternetService_DSL
8735-NBLWT,PhoneService
6651-RLGGM,PhoneService
6651-RLGGM,MultipleLines
6127-ISGTU,PhoneService
6127-ISGTU,MultipleLines
6127-ISGTU,StreamingTV
6127-ISGTU,InternetService_Fiber
1614-JBEBI,PhoneService
8740-XLHDR,OnlineSecurity
8740-XLHDR,OnlineBackup
8740-XLHDR,DeviceProtection
8740-XLHDR,TechSupport
8740-XLHDR,InternetService_DSL
1208-DNHLN,PhoneService
1208-DNHLN,MultipleLines
1208-DNHLN,InternetService_DSL
1761-AEZZR,PhoneService
1761-AEZZR,StreamingTV
1761-AEZZR,InternetService_Fiber
3923-CSIHK,PhoneService
3923-CSIHK,InternetService_Fiber
5696-EXCYS,PhoneService
5795-KTGUD,PhoneService
5795-KTGUD,MultipleLines
5795-KTGUD,OnlineSecurity
5795-KTGUD,OnlineBackup
5795-KTGUD,DeviceProtection
5795-KTGUD,StreamingTV
5795-KTGUD,StreamingMovies
5795-KTGUD,InternetService_Fiber
7120-RFMVS,PhoneService
7120-RFMVS,MultipleLines
7120-RFMVS,StreamingTV
7120-RFMVS,InternetService_Fiber
7924-GJZFI,PhoneService
7924-GJZFI,InternetService_Fiber
4702-HDRKD,OnlineSecurity
4702-HDRKD,DeviceProtection
4702-HDRKD,TechSupport
4702-HDRKD,StreamingTV
4702-HDRKD,InternetService_DSL
8512-WIWYV,PhoneService
5897-ZYEKH,PhoneService
5897-ZYEKH,MultipleLines
5897-ZYEKH,OnlineSecurity
5897-ZYEKH,OnlineBackup
5897-ZYEKH,StreamingTV
5897-ZYEKH,StreamingMovies
5897-ZYEKH,InternetService_Fiber
5456-ITGIC,OnlineSecurity
5456-ITGIC,OnlineBackup
5456-ITGIC,DeviceProtection
5456-ITGIC,TechSupport
5456-ITGIC,StreamingTV
5456-ITGIC,StreamingMovies
5456-ITGIC,InternetService_DSL
7317-GGVPB,PhoneService
7317-GGVPB,MultipleLines
7317-GGVPB,OnlineBackup
7317-GGVPB,DeviceProtection
7317-GGVPB,TechSupport
7317-GGVPB,StreamingTV
7317-GGVPB,StreamingMovies
7317-GGVPB,InternetService_Fiber
1406-PUQVY,PhoneService
1406-PUQVY,OnlineBackup
1406-PUQVY,InternetService_DSL
1322-AGOQM,OnlineBackup
1322-AGOQM,InternetService_DSL
3677-IYRBF,DeviceProtection
3677-IYRBF,InternetService_DSL
5692-FPTAH,PhoneService
5692-FPTAH,InternetService_DSL
9114-AAFQH,PhoneService
9114-AAFQH,OnlineBackup
9114-AAFQH,DeviceProtection
9114-AAFQH,StreamingMovies
9114-AAFQH,InternetService_DSL
8715-KKTFG,PhoneService
8715-KKTFG,MultipleLines
8715-KKTFG,DeviceProtection
8715-KKTFG,TechSupport
8715-KKTFG,StreamingTV
8715-KKTFG,StreamingMovies
8715-KKTFG,InternetService_Fiber
1550-LOAHA,PhoneService
1550-LOAHA,OnlineBackup
1550-LOAHA,StreamingMovies
1550-LOAHA,InternetService_Fiber
1728-BQDMA,PhoneService
1728-BQDMA,InternetService_DSL
0268-QKIWO,PhoneService
0876-WDUUZ,PhoneService
0876-WDUUZ,TechSupport
0876-WDUUZ,StreamingMovies
0876-WDUUZ,InternetService_Fiber
5117-ZSMHQ,PhoneService
5117-ZSMHQ,MultipleLines
5117-ZSMHQ,OnlineSecurity
5117-ZSMHQ,OnlineBackup
5117-ZSMHQ,DeviceProtection
5117-ZSMHQ,TechSupport
5117-ZSMHQ,StreamingTV
5117-ZSMHQ,StreamingMovies
5117-ZSMHQ,InternetService_DSL
5151-HQRDG,PhoneService
5151-HQRDG,MultipleLines
5151-HQRDG,OnlineSecurity
5151-HQRDG,InternetService_DSL
0960-HUWBM,PhoneService
0960-HUWBM,MultipleLines
0960-HUWBM,DeviceProtection
0960-HUWBM,TechSupport
0960-HUWBM,StreamingTV
0960-HUWBM,StreamingMovies
0960-HUWBM,InternetService_Fiber
6465-GSRCL,PhoneService
6465-GSRCL,MultipleLines
6465-GSRCL,OnlineBackup
6465-GSRCL,TechSupport
6465-GSRCL,StreamingTV
6465-GSRCL,StreamingMovies
6465-GSRCL,InternetService_Fiber
0617-FHSGK,PhoneService
0617-FHSGK,MultipleLines
0617-FHSGK,InternetService_Fiber
0263-FJTQO,PhoneService
0263-FJTQO,MultipleLines
0263-FJTQO,OnlineSecurity
0263-FJTQO,TechSupport
0263-FJTQO,StreamingTV
0263-FJTQO,InternetService_DSL
7319-ZNRTR,PhoneService
2858-MOFSQ,PhoneService
2858-MOFSQ,MultipleLines
2858-MOFSQ,DeviceProtection
2858-MOFSQ,InternetService_DSL
7503-EPSZW,PhoneService
7503-EPSZW,MultipleLines
7089-XXAYG,DeviceProtection
7089-XXAYG,StreamingTV
7089-XXAYG,InternetService_DSL
8118-LSUEL,PhoneService
8118-LSUEL,MultipleLines
8118-LSUEL,OnlineBackup
8118-LSUEL,DeviceProtection
8118-LSUEL,StreamingTV
8118-LSUEL,StreamingMovies
8118-LSUEL,InternetService_Fiber
8070-AAWZP,DeviceProtection
8070-AAWZP,TechSupport
8070-AAWZP,InternetService_DSL
1666-JXLKU,PhoneService
1666-JXLKU,MultipleLines
1666-JXLKU,DeviceProtection
1666-JXLKU,StreamingTV
1666-JXLKU,StreamingMovies
1666-JXLKU,InternetService_Fiber
7855-DIWPO,PhoneService
7855-DIWPO,InternetService_Fiber
5133-POWUA,PhoneService
5133-POWUA,InternetService_DSL
5652-MSDEY,PhoneService
5652-MSDEY,MultipleLines
5652-MSDEY,InternetService_Fiber
7005-CCBKV,PhoneService
7005-CCBKV,OnlineBackup
7005-CCBKV,StreamingMovies
7005-CCBKV,InternetService_Fiber
1810-BOHSY,PhoneService
1810-BOHSY,MultipleLines
1810-BOHSY,OnlineSecurity
1810-BOHSY,OnlineBackup
1810-BOHSY,StreamingMovies
1810-BOHSY,InternetService_Fiber
1784-BXEFA,PhoneService
7351-MHQVU,OnlineSecurity
7351-MHQVU,OnlineBackup
7351-MHQVU,TechSupport
7351-MHQVU,StreamingMovies
7351-MHQVU,InternetService_DSL
9224-VTYID,PhoneService
9224-VTYID,MultipleLines
9224-VTYID,OnlineSecurity
9224-VTYID,OnlineBackup
9224-VTYID,DeviceProtection
9224-VTYID,TechSupport
9224-VTYID,StreamingTV
9224-VTYID,StreamingMovies
9224-VTYID,InternetService_DSL
9500-IWPXQ,PhoneService
9500-IWPXQ,MultipleLines
9500-IWPXQ,OnlineSecurity
9500-IWPXQ,OnlineBackup
9500-IWPXQ,DeviceProtection
9500-IWPXQ,TechSupport
9500-IWPXQ,StreamingMovies
9500-IWPXQ,InternetService_DSL
5762-TJXGK,OnlineSecurity
5762-TJXGK,OnlineBackup
5762-TJXGK,DeviceProtection
5762-TJXGK,StreamingTV
5762-TJXGK,StreamingMovies
5762-TJXGK,InternetService_DSL
4504-YOULA,PhoneService
4504-YOULA,MultipleLines
4504-YOULA,OnlineSecurity
4504-YOULA,OnlineBackup
4504-YOULA,InternetService_DSL
5569-IDSEY,PhoneService
5569-IDSEY,MultipleLines
5569-IDSEY,OnlineBackup
5569-IDSEY,DeviceProtection
5569-IDSEY,StreamingTV
5569-IDSEY,StreamingMovies
5569-IDSEY,InternetService_Fiber
4250-FDVOU,PhoneService
4250-FDVOU,OnlineSecurity
4250-FDVOU,OnlineBackup
4250-FDVOU,InternetService_DSL
7284-ZZLOH,PhoneService
7284-ZZLOH,OnlineSecurity
7284-ZZLOH,DeviceProtection
7284-ZZLOH,InternetService_DSL
5277-ZLOOR,PhoneService
5277-ZLOOR,MultipleLines
5277-ZLOOR,StreamingTV
5277-ZLOOR,InternetService_Fiber
2141-RRYGO,PhoneService
2141-RRYGO,OnlineBackup
2141-RRYGO,StreamingTV
2141-RRYGO,StreamingMovies
2141-RRYGO,InternetService_DSL
1777-JYQPJ,InternetService_DSL
6376-GAHQE,PhoneService
6376-GAHQE,StreamingTV
6376-GAHQE,InternetService_Fiber
3401-URHDA,PhoneService
3401-URHDA,MultipleLines
3401-URHDA,OnlineSecurity
3401-URHDA,TechSupport
3401-URHDA,InternetService_DSL
1599-EAHXY,PhoneService
1599-EAHXY,MultipleLines
8631-XVRZL,PhoneService
5052-PNLOS,PhoneService
5052-PNLOS,MultipleLines
5052-PNLOS,OnlineBackup
5052-PNLOS,DeviceProtection
5052-PNLOS,StreamingTV
5052-PNLOS,StreamingMovies
5052-PNLOS,InternetService_Fiber
3853-LYGAM,PhoneService
3853-LYGAM,MultipleLines
3853-LYGAM,DeviceProtection
3853-LYGAM,TechSupport
3853-LYGAM,StreamingMovies
3853-LYGAM,InternetService_Fiber
6979-ZNSFF,PhoneService
6979-ZNSFF,MultipleLines
6979-ZNSFF,StreamingTV
6979-ZNSFF,InternetService_Fiber
5751-USDBL,PhoneService
5751-USDBL,OnlineSecurity
5751-USDBL,DeviceProtection
5751-USDBL,TechSupport
5751-USDBL,StreamingTV
5751-USDBL,StreamingMovies
5751-USDBL,InternetService_DSL
5680-LQOGP,PhoneService
5680-LQOGP,OnlineSecurity
5680-LQOGP,OnlineBackup
5680-LQOGP,DeviceProtection
5680-LQOGP,TechSupport
5680-LQOGP,StreamingTV
5680-LQOGP,StreamingMovies
5680-LQOGP,InternetService_DSL
2386-LAHRK,PhoneService
2386-LAHRK,StreamingTV
2386-LAHRK,InternetService_DSL
8189-DUKMV,PhoneService
6032-IGALN,InternetService_DSL
9931-DCEZH,PhoneService
9931-DCEZH,OnlineBackup
9931-DCEZH,TechSupport
9931-DCEZH,InternetService_DSL
1898-JSNDC,PhoneService
1898-JSNDC,OnlineBackup
1898-JSNDC,StreamingTV
1898-JSNDC,InternetService_DSL
0315-LVCRK,PhoneService
0315-LVCRK,DeviceProtection
0315-LVCRK,StreamingMovies
0315-LVCRK,InternetService_Fiber
3911-RSNHI,OnlineBackup
3911-RSNHI,DeviceProtection
3911-RSNHI,TechSupport
3911-RSNHI,StreamingTV
3911-RSNHI,StreamingMovies
3911-RSNHI,InternetService_DSL
2410-CIYFZ,PhoneService
4248-HCETZ,PhoneService
4248-HCETZ,OnlineBackup
4248-HCETZ,DeviceProtection
4248-HCETZ,InternetService_Fiber
5505-OVWQW,PhoneService
7271-AJDTL,PhoneService
7271-AJDTL,MultipleLines
7271-AJDTL,OnlineBackup
7271-AJDTL,DeviceProtection
7271-AJDTL,StreamingTV
7271-AJDTL,InternetService_Fiber
1867-TJHTS,PhoneService
1867-TJHTS,MultipleLines
1867-TJHTS,OnlineSecurity
1867-TJHTS,InternetService_Fiber
0516-WJVXC,PhoneService
0516-WJVXC,OnlineSecurity
0516-WJVXC,TechSupport
0516-WJVXC,InternetService_DSL
9174-FKWZE,PhoneService
6860-YRJZP,PhoneService
6860-YRJZP,MultipleLines
6860-YRJZP,InternetService_Fiber
4429-WYGFR,PhoneService
4429-WYGFR,TechSupport
4429-WYGFR,InternetService_DSL
2817-LVCPP,PhoneService
5038-ETMLM,PhoneService
5038-ETMLM,MultipleLines
5038-ETMLM,OnlineSecurity
5038-ETMLM,OnlineBackup
5038-ETMLM,DeviceProtection
5038-ETMLM,TechSupport
5038-ETMLM,StreamingTV
5038-ETMLM,StreamingMovies
5038-ETMLM,InternetService_Fiber
5056-FIMPT,PhoneService
5056-FIMPT,OnlineSecurity
5056-FIMPT,OnlineBackup
5056-FIMPT,TechSupport
5056-FIMPT,StreamingTV
5056-FIMPT,StreamingMovies
5056-FIMPT,InternetService_Fiber
4521-WFJAI,PhoneService
4521-WFJAI,MultipleLines
6569-KTMDU,PhoneService
8809-RIHDD,PhoneService
8809-RIHDD,MultipleLines
8809-RIHDD,OnlineBackup
8809-RIHDD,DeviceProtection
8809-RIHDD,StreamingTV
8809-RIHDD,StreamingMovies
8809-RIHDD,InternetService_Fiber
8809-XKHMD,PhoneService
8809-XKHMD,MultipleLines
8809-XKHMD,OnlineSecurity
8809-XKHMD,OnlineBackup
8809-XKHMD,TechSupport
8809-XKHMD,StreamingMovies
8809-XKHMD,InternetService_Fiber
0396-YCHWO,PhoneService
0396-YCHWO,MultipleLines
0396-YCHWO,StreamingTV
0396-YCHWO,StreamingMovies
0396-YCHWO,InternetService_Fiber
0867-LDTTC,PhoneService
0867-LDTTC,DeviceProtection
0867-LDTTC,TechSupport
0867-LDTTC,StreamingTV
0867-LDTTC,StreamingMovies
0867-LDTTC,InternetService_DSL
4822-NGOCH,PhoneService
4822-NGOCH,MultipleLines
4822-NGOCH,OnlineBackup
4822-NGOCH,DeviceProtection
4822-NGOCH,InternetService_Fiber
9391-DXGGG,PhoneService
9391-DXGGG,OnlineBackup
9391-DXGGG,DeviceProtection
9391-DXGGG,StreamingMovies
9391-DXGGG,InternetService_Fiber
9844-FELAJ,PhoneService
9844-FELAJ,MultipleLines
9844-FELAJ,OnlineBackup
9844-FELAJ,DeviceProtection
9844-FELAJ,TechSupport
9844-FELAJ,StreamingTV
9844-FELAJ,StreamingMovies
9844-FELAJ,InternetService_Fiber
2122-SZZZD,PhoneService
5307-DZCVC,PhoneService
5307-DZCVC,MultipleLines
5307-DZCVC,StreamingTV
5307-DZCVC,InternetService_Fiber
3148-AOIQT,PhoneService
3148-AOIQT,MultipleLines
8679-JOEVF,PhoneService
8679-JOEVF,TechSupport
8679-JOEVF,StreamingTV
8679-JOEVF,InternetService_DSL
8395-ETZKQ,PhoneService
6692-YQHXC,PhoneService
6692-YQHXC,InternetService_Fiber
3889-VWBID,PhoneService
3889-VWBID,OnlineSecurity
3889-VWBID,OnlineBackup
3889-VWBID,TechSupport
3889-VWBID,StreamingTV
3889-VWBID,StreamingMovies
3889-VWBID,InternetService_DSL
5222-JCXZT,PhoneService
9754-CLVZW,OnlineSecurity
9754-CLVZW,OnlineBackup
9754-CLVZW,TechSupport
9754-CLVZW,InternetService_DSL
1432-FPAXX,OnlineBackup
1432-FPAXX,InternetService_DSL
2739-CCZMB,PhoneService
7080-TNUWP,PhoneService
7080-TNUWP,MultipleLines
7080-TNUWP,OnlineBackup
7080-TNUWP,DeviceProtection
7080-TNUWP,StreamingTV
7080-TNUWP,InternetService_Fiber
0496-AHOOK,PhoneService
0496-AHOOK,OnlineSecurity
0496-AHOOK,TechSupport
0496-AHOOK,StreamingTV
0496-AHOOK,StreamingMovies
0496-AHOOK,InternetService_DSL
8336-TAVKX,PhoneService
8336-TAVKX,MultipleLines
8336-TAVKX,OnlineSecurity
8336-TAVKX,OnlineBackup
8336-TAVKX,DeviceProtection
8336-TAVKX,TechSupport
8336-TAVKX,StreamingMovies
8336-TAVKX,InternetService_DSL
2468-SJFLM,PhoneService
2468-SJFLM,TechSupport
2468-SJFLM,InternetService_Fiber
3181-VTHOE,OnlineBackup
3181-VTHOE,DeviceProtection
3181-VTHOE,TechSupport
3181-VTHOE,StreamingMovies
3181-VTHOE,InternetService_DSL
7168-HDQHG,PhoneService
4803-AXVYP,PhoneService
4803-AXVYP,MultipleLines
4803-AXVYP,TechSupport
4803-AXVYP,StreamingTV
4803-AXVYP,StreamingMovies
4803-AXVYP,InternetService_Fiber
3884-HCSWG,PhoneService
3884-HCSWG,InternetService_Fiber
4567-AKPIA,PhoneService
4567-AKPIA,MultipleLines
4567-AKPIA,OnlineBackup
4567-AKPIA,DeviceProtection
4567-AKPIA,TechSupport
4567-AKPIA,StreamingTV
4567-AKPIA,StreamingMovies
4567-AKPIA,InternetService_Fiber
5077-DXTCG,PhoneService
5077-DXTCG,InternetService_DSL
1142-WACZW,TechSupport
1142-WACZW,InternetService_DSL
7901-HXJVA,PhoneService
7901-HXJVA,DeviceProtection
7901-HXJVA,InternetService_Fiber
5649-ANRML,PhoneService
5649-ANRML,OnlineBackup
5649-ANRML,DeviceProtection
5649-ANRML,TechSupport
5649-ANRML,StreamingMovies
5649-ANRML,InternetService_Fiber
4892-VLANZ,PhoneService
5924-IFQTT,PhoneService
5924-IFQTT,MultipleLines
5924-IFQTT,OnlineBackup
5924-IFQTT,DeviceProtection
5924-IFQTT,TechSupport
5924-IFQTT,StreamingTV
5924-IFQTT,InternetService_DSL
7968-QUXNS,PhoneService
2919-HBCJO,PhoneService
2919-HBCJO,OnlineBackup
2919-HBCJO,InternetService_Fiber
4236-XPXAV,PhoneService
4236-XPXAV,OnlineBackup
4236-XPXAV,TechSupport
4236-XPXAV,StreamingTV
4236-XPXAV,StreamingMovies
4236-XPXAV,InternetService_Fiber
8903-WMRNW,PhoneService
8903-WMRNW,OnlineSecurity
8903-WMRNW,DeviceProtection
8903-WMRNW,StreamingTV
8903-WMRNW,StreamingMovies
8903-WMRNW,InternetService_Fiber
2452-SNHFZ,PhoneService
2452-SNHFZ,OnlineSecurity
2452-SNHFZ,InternetService_Fiber
3629-WEAAM,PhoneService
3629-WEAAM,DeviceProtection
3629-WEAAM,TechSupport
3629-WEAAM,StreamingMovies
3629-WEAAM,InternetService_DSL
6029-CSMJE,InternetService_DSL
7993-NQLJE,PhoneService
7993-NQLJE,OnlineSecurity
7993-NQLJE,InternetService_Fiber
9909-DFRJA,PhoneService
9909-DFRJA,OnlineSecurity
9909-DFRJA,DeviceProtection
9909-DFRJA,TechSupport
9909-DFRJA,StreamingMovies
9909-DFRJA,InternetService_Fiber
9099-FTUHS,PhoneService
9099-FTUHS,MultipleLines
9099-FTUHS,OnlineSecurity
9099-FTUHS,InternetService_DSL
0581-BXBUB,PhoneService
0581-BXBUB,OnlineBackup
0581-BXBUB,InternetService_Fiber
4962-CHQPW,PhoneService
9467-ROOLM,PhoneService
3030-YZADT,PhoneService
3030-YZADT,InternetService_DSL
7410-KTVFV,PhoneService
7410-KTVFV,DeviceProtection
7410-KTVFV,InternetService_DSL
5150-ITWWB,PhoneService
5150-ITWWB,MultipleLines
5150-ITWWB,StreamingTV
5150-ITWWB,StreamingMovies
5150-ITWWB,InternetService_Fiber
2253-KPMNB,OnlineSecurity
2253-KPMNB,OnlineBackup
2253-KPMNB,DeviceProtection
2253-KPMNB,TechSupport
2253-KPMNB,InternetService_DSL
1345-ZUKID,PhoneService
6429-SHBCB,PhoneService
6429-SHBCB,MultipleLines
6429-SHBCB,StreamingTV
6429-SHBCB,StreamingMovies
6429-SHBCB,InternetService_DSL
9281-OFDMF,PhoneService
9281-OFDMF,MultipleLines
9281-OFDMF,OnlineBackup
9281-OFDMF,StreamingMovies
9281-OFDMF,InternetService_Fiber
2603-HVKCG,PhoneService
2603-HVKCG,OnlineBackup
2603-HVKCG,DeviceProtection
2603-HVKCG,StreamingTV
2603-HVKCG,StreamingMovies
2603-HVKCG,InternetService_Fiber
1834-WULEG,PhoneService
9097-ZUBYC,PhoneService
9097-ZUBYC,TechSupport
9097-ZUBYC,InternetService_DSL
5148-ORICT,PhoneService
5148-ORICT,OnlineSecurity
5148-ORICT,OnlineBackup
5148-ORICT,DeviceProtection
5148-ORICT,TechSupport
5148-ORICT,StreamingMovies
5148-ORICT,InternetService_DSL
4893-GYUJU,PhoneService
4578-PHJYZ,PhoneService
4578-PHJYZ,OnlineBackup
4578-PHJYZ,DeviceProtection
4578-PHJYZ,TechSupport
4578-PHJYZ,StreamingTV
4578-PHJYZ,InternetService_DSL
7272-QDCKA,PhoneService
7272-QDCKA,MultipleLines
7272-QDCKA,OnlineBackup
7272-QDCKA,StreamingTV
7272-QDCKA,StreamingMovies
7272-QDCKA,InternetService_Fiber
8908-SLFCJ,PhoneService
8393-DLHGA,PhoneService
8393-DLHGA,OnlineBackup
8393-DLHGA,StreamingTV
8393-DLHGA,StreamingMovies
8393-DLHGA,InternetService_Fiber
9766-HGEDE,PhoneService
6968-MHOMU,StreamingTV
6968-MHOMU,StreamingMovies
6968-MHOMU,InternetService_DSL
7395-IGJOS,PhoneService
7395-IGJOS,StreamingMovies
7395-IGJOS,InternetService_Fiber
5044-XDPYX,PhoneService
5044-XDPYX,MultipleLines
1814-WFGVS,OnlineSecurity
1814-WFGVS,DeviceProtection
1814-WFGVS,TechSupport
1814-WFGVS,StreamingTV
1814-WFGVS,InternetService_DSL
2834-SPCJV,PhoneService
2834-SPCJV,OnlineSecurity
2834-SPCJV,StreamingTV
2834-SPCJV,InternetService_Fiber
3721-WKIIL,PhoneService
6734-CKRSM,PhoneService
1265-ZFOSD,PhoneService
1265-ZFOSD,MultipleLines
1265-ZFOSD,OnlineSecurity
1265-ZFOSD,OnlineBackup
1265-ZFOSD,DeviceProtection
1265-ZFOSD,TechSupport
1265-ZFOSD,StreamingMovies
1265-ZFOSD,InternetService_DSL
6568-POCUI,PhoneService
6568-POCUI,TechSupport
6568-POCUI,StreamingTV
6568-POCUI,StreamingMovies
6568-POCUI,InternetService_Fiber
7890-VYYWG,StreamingTV
7890-VYYWG,InternetService_DSL
5197-LQXXH,PhoneService
5197-LQXXH,MultipleLines
5197-LQXXH,OnlineBackup
5197-LQXXH,DeviceProtection
5197-LQXXH,TechSupport
5197-LQXXH,StreamingTV
5197-LQXXH,StreamingMovies
5197-LQXXH,InternetService_DSL
9907-SWKKF,InternetService_DSL
3457-PQBYH,PhoneService
7682-AZNDK,PhoneService
7682-AZNDK,OnlineBackup
7682-AZNDK,DeviceProtection
7682-AZNDK,StreamingTV
7682-AZNDK,InternetService_Fiber
0587-DMGBH,PhoneService
0587-DMGBH,OnlineSecurity
0587-DMGBH,InternetService_DSL
5384-ZTTWP,PhoneService
3745-HRPHI,DeviceProtection
3745-HRPHI,TechSupport
3745-HRPHI,StreamingTV
3745-HRPHI,StreamingMovies
3745-HRPHI,InternetService_DSL
7636-OWBPG,OnlineBackup
7636-OWBPG,InternetService_DSL
1231-YNDEK,PhoneService
1407-DIGZV,PhoneService
6397-JNZZG,OnlineBackup
6397-JNZZG,DeviceProtection
6397-JNZZG,StreamingTV
6397-JNZZG,StreamingMovies
6397-JNZZG,InternetService_DSL
0570-BFQHT,PhoneService
0570-BFQHT,OnlineBackup
0570-BFQHT,DeviceProtection
0570-BFQHT,InternetService_Fiber
4393-OBCRR,PhoneService
3523-QRQLL,PhoneService
3523-QRQLL,OnlineBackup
3523-QRQLL,StreamingTV
3523-QRQLL,StreamingMovies
3523-QRQLL,InternetService_DSL
8564-LDKFL,PhoneService
8564-LDKFL,MultipleLines
8564-LDKFL,OnlineBackup
8564-LDKFL,DeviceProtection
8564-LDKFL,StreamingTV
8564-LDKFL,StreamingMovies
8564-LDKFL,InternetService_Fiber
3696-DFHHB,PhoneService
3696-DFHHB,MultipleLines
0895-DQHEW,PhoneService
0895-DQHEW,MultipleLines
0895-DQHEW,OnlineBackup
0895-DQHEW,DeviceProtection
0895-DQHEW,StreamingTV
0895-DQHEW,StreamingMovies
0895-DQHEW,InternetService_Fiber
4717-GHADL,PhoneService
4717-GHADL,MultipleLines
4717-GHADL,OnlineBackup
4717-GHADL,TechSupport
4717-GHADL,StreamingTV
4717-GHADL,StreamingMovies
4717-GHADL,InternetService_DSL
5501-TVMGM,PhoneService
5501-TVMGM,StreamingMovies
5501-TVMGM,InternetService_DSL
5879-HMFFH,PhoneService
5879-HMFFH,MultipleLines
5879-HMFFH,OnlineSecurity
5879-HMFFH,OnlineBackup
5879-HMFFH,DeviceProtection
5879-HMFFH,TechSupport
5879-HMFFH,StreamingTV
5879-HMFFH,StreamingMovies
5879-HMFFH,InternetService_DSL
6772-WFQRD,PhoneService
3810-DVDQQ,PhoneService
3810-DVDQQ,MultipleLines
3810-DVDQQ,OnlineSecurity
3810-DVDQQ,OnlineBackup
3810-DVDQQ,DeviceProtection
3810-DVDQQ,TechSupport
3810-DVDQQ,StreamingTV
3810-DVDQQ,StreamingMovies
3810-DVDQQ,InternetService_Fiber
6972-SNKKW,PhoneService
3694-GLTJM,PhoneService
8550-XSXUQ,PhoneService
8550-XSXUQ,MultipleLines
8550-XSXUQ,OnlineBackup
8550-XSXUQ,DeviceProtection
8550-XSXUQ,StreamingMovies
8550-XSXUQ,InternetService_DSL
8149-RSOUN,PhoneService
8149-RSOUN,MultipleLines
8149-RSOUN,StreamingTV
8149-RSOUN,StreamingMovies
8149-RSOUN,InternetService_Fiber
9055-MOJJJ,PhoneService
9055-MOJJJ,OnlineSecurity
9055-MOJJJ,TechSupport
9055-MOJJJ,StreamingTV
9055-MOJJJ,InternetService_DSL
4359-INNWN,PhoneService
0585-EGDDA,PhoneService
0585-EGDDA,OnlineBackup
0585-EGDDA,DeviceProtection
0585-EGDDA,InternetService_Fiber
4032-RMHCI,OnlineSecurity
4032-RMHCI,DeviceProtection
4032-RMHCI,InternetService_DSL
0549-CYCQN,PhoneService
0549-CYCQN,MultipleLines
0549-CYCQN,OnlineBackup
0549-CYCQN,InternetService_Fiber
3481-JHUZH,PhoneService
3481-JHUZH,MultipleLines
3481-JHUZH,OnlineBackup
3481-JHUZH,InternetService_Fiber
7250-EQKIY,PhoneService
7250-EQKIY,DeviceProtection
7250-EQKIY,InternetService_DSL
3594-IVHJZ,PhoneService
6869-FGJJC,PhoneService
6869-FGJJC,OnlineBackup
6869-FGJJC,DeviceProtection
6869-FGJJC,InternetService_Fiber
3896-ZVNET,PhoneService
3896-ZVNET,MultipleLines
8205-VSLRB,PhoneService
8205-VSLRB,MultipleLines
8205-VSLRB,OnlineSecurity
8205-VSLRB,DeviceProtection
8205-VSLRB,TechSupport
8205-VSLRB,StreamingMovies
8205-VSLRB,InternetService_DSL
5960-MVTUK,TechSupport
5960-MVTUK,InternetService_DSL
6817-WTYHE,PhoneService
6817-WTYHE,InternetService_DSL
3082-VQXNH,OnlineBackup
3082-VQXNH,InternetService_DSL
4013-UBXWQ,PhoneService
4013-UBXWQ,MultipleLines
4013-UBXWQ,TechSupport
4013-UBXWQ,StreamingTV
4013-UBXWQ,StreamingMovies
4013-UBXWQ,InternetService_DSL
4931-TRZWN,PhoneService
4931-TRZWN,OnlineSecurity
4931-TRZWN,StreamingTV
4931-TRZWN,StreamingMovies
4931-TRZWN,InternetService_DSL
0750-EKNGL,PhoneService
7669-LCRSD,PhoneService
7669-LCRSD,StreamingTV
7669-LCRSD,InternetService_DSL
3567-PQTSO,PhoneService
3567-PQTSO,MultipleLines
3567-PQTSO,OnlineBackup
3567-PQTSO,DeviceProtection
3567-PQTSO,StreamingTV
3567-PQTSO,StreamingMovies
3567-PQTSO,InternetService_Fiber
5519-NPHVG,PhoneService
5519-NPHVG,MultipleLines
5519-NPHVG,StreamingTV
5519-NPHVG,StreamingMovies
5519-NPHVG,InternetService_Fiber
8043-PNYSD,PhoneService
9938-EKRGF,PhoneService
9938-EKRGF,OnlineSecurity
9938-EKRGF,OnlineBackup
9938-EKRGF,DeviceProtection
9938-EKRGF,TechSupport
9938-EKRGF,StreamingTV
9938-EKRGF,StreamingMovies
9938-EKRGF,InternetService_DSL
2703-AMTUL,PhoneService
2703-AMTUL,OnlineSecurity
2703-AMTUL,OnlineBackup
2703-AMTUL,InternetService_DSL
0928-JMXNP,DeviceProtection
0928-JMXNP,InternetService_DSL
8173-RXAYP,PhoneService
4825-XJGDM,OnlineSecurity
4825-XJGDM,OnlineBackup
4825-XJGDM,DeviceProtection
4825-XJGDM,TechSupport
4825-XJGDM,InternetService_DSL
5402-HTOTQ,PhoneService
5402-HTOTQ,MultipleLines
5402-HTOTQ,OnlineBackup
5402-HTOTQ,InternetService_DSL
6734-JDTTV,PhoneService
7850-THJMU,PhoneService
3890-RTCMS,PhoneService
3890-RTCMS,TechSupport
3890-RTCMS,InternetService_DSL
8849-GYOKR,PhoneService
8849-GYOKR,MultipleLines
8849-GYOKR,OnlineSecurity
8849-GYOKR,OnlineBackup
8849-GYOKR,StreamingTV
8849-GYOKR,StreamingMovies
8849-GYOKR,InternetService_Fiber
3148-BLQJT,PhoneService
3717-FDJFU,PhoneService
3665-JATSN,OnlineBackup
3665-JATSN,StreamingMovies
3665-JATSN,InternetService_DSL
7966-YOTQW,PhoneService
7966-YOTQW,MultipleLines
7966-YOTQW,OnlineSecurity
7966-YOTQW,InternetService_DSL
0461-CVKMU,PhoneService
0461-CVKMU,OnlineBackup
0461-CVKMU,DeviceProtection
0461-CVKMU,TechSupport
0461-CVKMU,InternetService_Fiber
8806-EAGWC,PhoneService
8806-EAGWC,StreamingTV
8806-EAGWC,InternetService_DSL
8853-TZDGH,PhoneService
8853-TZDGH,MultipleLines
8853-TZDGH,OnlineBackup
8853-TZDGH,DeviceProtection
8853-TZDGH,TechSupport
8853-TZDGH,StreamingTV
8853-TZDGH,StreamingMovies
8853-TZDGH,InternetService_Fiber
7779-LGOVN,PhoneService
7779-LGOVN,MultipleLines
7779-LGOVN,StreamingMovies
7779-LGOVN,InternetService_Fiber
4324-BZCKL,PhoneService
4324-BZCKL,OnlineBackup
4324-BZCKL,DeviceProtection
4324-BZCKL,InternetService_DSL
6924-TDGMT,PhoneService
9710-ZUSHQ,PhoneService
9710-ZUSHQ,MultipleLines
9710-ZUSHQ,OnlineSecurity
9710-ZUSHQ,OnlineBackup
9710-ZUSHQ,StreamingTV
9710-ZUSHQ,StreamingMovies
9710-ZUSHQ,InternetService_Fiber
1536-YHDOE,PhoneService
1536-YHDOE,MultipleLines
1536-YHDOE,OnlineSecurity
1536-YHDOE,TechSupport
1536-YHDOE,InternetService_DSL
8123-QBNAZ,PhoneService
8123-QBNAZ,MultipleLines
8123-QBNAZ,OnlineSecurity
8123-QBNAZ,DeviceProtection
8123-QBNAZ,StreamingTV
8123-QBNAZ,StreamingMovies
8123-QBNAZ,InternetService_Fiber
3629-ZNKXA,PhoneService
3629-ZNKXA,OnlineBackup
3629-ZNKXA,DeviceProtection
3629-ZNKXA,StreamingTV
3629-ZNKXA,StreamingMovies
3629-ZNKXA,InternetService_Fiber
4827-LTQRJ,PhoneService
4827-LTQRJ,MultipleLines
4827-LTQRJ,OnlineSecurity
4827-LTQRJ,OnlineBackup
4827-LTQRJ,TechSupport
4827-LTQRJ,StreamingTV
4827-LTQRJ,StreamingMovies
4827-LTQRJ,InternetService_Fiber
7711-YIJWC,PhoneService
7711-YIJWC,OnlineSecurity
7711-YIJWC,OnlineBackup
7711-YIJWC,DeviceProtection
7711-YIJWC,TechSupport
7711-YIJWC,StreamingTV
7711-YIJWC,StreamingMovies
7711-YIJWC,InternetService_DSL
5482-VXSXJ,PhoneService
5482-VXSXJ,OnlineBackup
5482-VXSXJ,StreamingTV
5482-VXSXJ,StreamingMovies
5482-VXSXJ,InternetService_Fiber
7365-BVCJH,InternetService_DSL
9620-ENEJV,PhoneService
9620-ENEJV,InternetService_Fiber
4183-WCSEP,PhoneService
4183-WCSEP,OnlineBackup
4183-WCSEP,TechSupport
4183-WCSEP,InternetService_Fiber
2378-YIZKA,PhoneService
2378-YIZKA,OnlineSecurity
2378-YIZKA,OnlineBackup
2378-YIZKA,DeviceProtection
2378-YIZKA,TechSupport
2378-YIZKA,StreamingTV
2378-YIZKA,StreamingMovies
2378-YIZKA,InternetService_DSL
5498-TXHLF,PhoneService
5498-TXHLF,MultipleLines
5498-TXHLF,DeviceProtection
5498-TXHLF,StreamingTV
5498-TXHLF,InternetService_Fiber
0689-DSXGL,PhoneService
0689-DSXGL,OnlineBackup
0689-DSXGL,DeviceProtection
0689-DSXGL,TechSupport
0689-DSXGL,InternetService_Fiber
6818-DJXAA,PhoneService
6818-DJXAA,DeviceProtection
6818-DJXAA,TechSupport
6818-DJXAA,StreamingTV
6818-DJXAA,InternetService_Fiber
9722-UJOJR,PhoneService
9722-UJOJR,InternetService_Fiber
0464-WJTKO,PhoneService
8902-ZEOVF,PhoneService
6778-EICRF,PhoneService
6778-EICRF,MultipleLines
6778-EICRF,OnlineSecurity
6778-EICRF,StreamingTV
6778-EICRF,StreamingMovies
6778-EICRF,InternetService_DSL
2662-NNTDK,PhoneService
2662-NNTDK,MultipleLines
4132-KALRO,PhoneService
4132-KALRO,MultipleLines
4132-KALRO,TechSupport
4132-KALRO,StreamingTV
4132-KALRO,StreamingMovies
4132-KALRO,InternetService_Fiber
3902-FOIGH,PhoneService
3902-FOIGH,MultipleLines
3902-FOIGH,OnlineBackup
3902-FOIGH,StreamingTV
3902-FOIGH,StreamingMovies
3902-FOIGH,InternetService_Fiber
6772-KSATR,PhoneService
6772-KSATR,MultipleLines
6772-KSATR,OnlineSecurity
6772-KSATR,InternetService_Fiber
7112-OPOTK,PhoneService
7112-OPOTK,InternetService_Fiber
2874-YXVVA,PhoneService
2874-YXVVA,OnlineBackup
2874-YXVVA,DeviceProtection
2874-YXVVA,TechSupport
2874-YXVVA,StreamingTV
2874-YXVVA,StreamingMovies
2874-YXVVA,InternetService_Fiber
1245-HARPS,PhoneService
4210-QFJMF,PhoneService
4210-QFJMF,StreamingMovies
4210-QFJMF,InternetService_Fiber
4323-ELYYB,PhoneService
4293-ETKAP,PhoneService
4293-ETKAP,MultipleLines
4293-ETKAP,OnlineBackup
4293-ETKAP,TechSupport
4293-ETKAP,StreamingTV
4293-ETKAP,StreamingMovies
4293-ETKAP,InternetService_DSL
6064-PUPMC,PhoneService
6064-PUPMC,OnlineSecurity
6064-PUPMC,TechSupport
6064-PUPMC,InternetService_DSL
6504-VBLFL,PhoneService
6504-VBLFL,OnlineSecurity
6504-VBLFL,OnlineBackup
6504-VBLFL,DeviceProtection
6504-VBLFL,InternetService_DSL
6322-PJJDJ,PhoneService
6322-PJJDJ,OnlineBackup
6322-PJJDJ,StreamingTV
6322-PJJDJ,StreamingMovies
6322-PJJDJ,InternetService_Fiber
0330-BGYZE,PhoneService
0330-BGYZE,MultipleLines
0330-BGYZE,OnlineBackup
0330-BGYZE,DeviceProtection
0330-BGYZE,StreamingTV
0330-BGYZE,StreamingMovies
0330-BGYZE,InternetService_Fiber
1085-LDWAM,PhoneService
7586-ZATGZ,PhoneService
7586-ZATGZ,MultipleLines
7586-ZATGZ,StreamingTV
7586-ZATGZ,InternetService_Fiber
7197-VOJMM,PhoneService
7197-VOJMM,OnlineSecurity
7197-VOJMM,OnlineBackup
7197-VOJMM,TechSupport
7197-VOJMM,StreamingMovies
7197-VOJMM,InternetService_DSL
3318-OSATS,PhoneService
3318-OSATS,MultipleLines
3318-OSATS,StreamingTV
3318-OSATS,StreamingMovies
3318-OSATS,InternetService_Fiber
5828-AVIPD,PhoneService
5828-AVIPD,MultipleLines
5828-AVIPD,TechSupport
5828-AVIPD,StreamingTV
5828-AVIPD,StreamingMovies
5828-AVIPD,InternetService_Fiber
1843-TLSGD,PhoneService
9626-VFRGG,PhoneService
9626-VFRGG,MultipleLines
9626-VFRGG,OnlineBackup
9626-VFRGG,StreamingTV
9626-VFRGG,InternetService_Fiber
7075-BNDVQ,OnlineSecurity
7075-BNDVQ,DeviceProtection
7075-BNDVQ,InternetService_DSL
9143-CANJF,PhoneService
9143-CANJF,OnlineSecurity
9143-CANJF,TechSupport
9143-CANJF,InternetService_DSL
7284-BUYEC,OnlineBackup
7284-BUYEC,StreamingTV
7284-BUYEC,StreamingMovies
7284-BUYEC,InternetService_DSL
2041-JIJCI,PhoneService
2041-JIJCI,MultipleLines
2041-JIJCI,OnlineBackup
2041-JIJCI,StreamingMovies
2041-JIJCI,InternetService_DSL
1086-LXKFY,PhoneService
1086-LXKFY,InternetService_Fiber
4900-MSOMT,PhoneService
4900-MSOMT,MultipleLines
4900-MSOMT,OnlineSecurity
4900-MSOMT,OnlineBackup
4900-MSOMT,DeviceProtection
4900-MSOMT,TechSupport
4900-MSOMT,StreamingTV
4900-MSOMT,InternetService_DSL
2229-VWQJH,PhoneService
2229-VWQJH,DeviceProtection
2229-VWQJH,InternetService_DSL
9194-GFVOI,PhoneService
9194-GFVOI,MultipleLines
9194-GFVOI,OnlineSecurity
9194-GFVOI,DeviceProtection
9194-GFVOI,TechSupport
9194-GFVOI,StreamingTV
9194-GFVOI,StreamingMovies
9194-GFVOI,InternetService_DSL
1336-EZFZY,PhoneService
4282-MSACW,PhoneService
4282-MSACW,MultipleLines
4282-MSACW,OnlineSecurity
4282-MSACW,OnlineBackup
4282-MSACW,DeviceProtection
4282-MSACW,TechSupport
4282-MSACW,StreamingTV
4282-MSACW,StreamingMovies
4282-MSACW,InternetService_Fiber
1403-LKLIK,PhoneService
2636-ALXXZ,PhoneService
2636-ALXXZ,InternetService_Fiber
7774-OJSXI,PhoneService
7774-OJSXI,MultipleLines
7774-OJSXI,OnlineBackup
7774-OJSXI,DeviceProtection
7774-OJSXI,StreamingTV
7774-OJSXI,StreamingMovies
7774-OJSXI,InternetService_Fiber
7786-WBJYI,PhoneService
7786-WBJYI,MultipleLines
7786-WBJYI,OnlineBackup
7786-WBJYI,InternetService_Fiber
0136-IFMYD,PhoneService
0136-IFMYD,MultipleLines
0136-IFMYD,OnlineBackup
0136-IFMYD,DeviceProtection
0136-IFMYD,TechSupport
0136-IFMYD,StreamingTV
0136-IFMYD,StreamingMovies
0136-IFMYD,InternetService_Fiber
5144-TVGLP,PhoneService
5144-TVGLP,MultipleLines
5144-TVGLP,StreamingTV
5144-TVGLP,StreamingMovies
5144-TVGLP,InternetService_Fiber
9643-AVVWI,PhoneService
9643-AVVWI,OnlineBackup
9643-AVVWI,TechSupport
9643-AVVWI,InternetService_Fiber
0253-ZTEOB,PhoneService
0253-ZTEOB,MultipleLines
0253-ZTEOB,OnlineBackup
0253-ZTEOB,TechSupport
0253-ZTEOB,StreamingTV
0253-ZTEOB,StreamingMovies
0253-ZTEOB,InternetService_DSL
2706-QZIHY,PhoneService
2706-QZIHY,MultipleLines
6061-PQHMK,PhoneService
9885-CSMWE,PhoneService
9885-CSMWE,StreamingTV
9885-CSMWE,InternetService_Fiber
6137-MFAJN,OnlineSecurity
6137-MFAJN,OnlineBackup
6137-MFAJN,StreamingTV
6137-MFAJN,InternetService_DSL
9122-UMROB,PhoneService
4232-JGKIY,PhoneService
2402-TAIRZ,PhoneService
2402-TAIRZ,OnlineBackup
2402-TAIRZ,DeviceProtection
2402-TAIRZ,InternetService_Fiber
9659-ZTWSM,PhoneService
9659-ZTWSM,MultipleLines
9659-ZTWSM,OnlineBackup
9659-ZTWSM,DeviceProtection
9659-ZTWSM,TechSupport
9659-ZTWSM,StreamingTV
9659-ZTWSM,StreamingMovies
9659-ZTWSM,InternetService_Fiber
9139-TWBAS,OnlineSecurity
9139-TWBAS,OnlineBackup
9139-TWBAS,DeviceProtection
9139-TWBAS,StreamingTV
9139-TWBAS,InternetService_DSL
6685-GBWJZ,PhoneService
6685-GBWJZ,OnlineSecurity
6685-GBWJZ,OnlineBackup
6685-GBWJZ,TechSupport
6685-GBWJZ,StreamingTV
6685-GBWJZ,InternetService_DSL
5016-ETTFF,DeviceProtection
5016-ETTFF,InternetService_DSL
3866-MDTUB,PhoneService
3866-MDTUB,OnlineSecurity
3866-MDTUB,StreamingTV
3866-MDTUB,StreamingMovies
3866-MDTUB,InternetService_DSL
2195-VVRJF,PhoneService
2195-VVRJF,OnlineSecurity
2195-VVRJF,StreamingMovies
2195-VVRJF,InternetService_DSL
3913-RDSJZ,PhoneService
3913-RDSJZ,MultipleLines
8058-JMEQO,PhoneService
8058-JMEQO,MultipleLines
8058-JMEQO,StreamingMovies
8058-JMEQO,InternetService_Fiber
4203-QGNZA,PhoneService
5043-TRZWM,PhoneService
5043-TRZWM,DeviceProtection
5043-TRZWM,InternetService_Fiber
0697-ZMSWS,PhoneService
0697-ZMSWS,MultipleLines
0697-ZMSWS,StreamingMovies
0697-ZMSWS,InternetService_Fiber
7657-DYEPJ,PhoneService
7657-DYEPJ,OnlineBackup
7657-DYEPJ,DeviceProtection
7657-DYEPJ,TechSupport
7657-DYEPJ,StreamingTV
7657-DYEPJ,InternetService_DSL
9494-BDNNC,PhoneService
9494-BDNNC,MultipleLines
9494-BDNNC,OnlineBackup
9494-BDNNC,DeviceProtection
9494-BDNNC,StreamingMovies
9494-BDNNC,InternetService_Fiber
1640-PLFMP,PhoneService
1640-PLFMP,InternetService_Fiber
5366-OBVMR,PhoneService
5366-OBVMR,TechSupport
5366-OBVMR,InternetService_DSL
8276-MQBYC,PhoneService
8276-MQBYC,MultipleLines
8276-MQBYC,DeviceProtection
8276-MQBYC,StreamingTV
8276-MQBYC,StreamingMovies
8276-MQBYC,InternetService_Fiber
7644-OMVMY,PhoneService
7593-XFKDI,PhoneService
7593-XFKDI,InternetService_DSL
4573-JKNAE,PhoneService
0337-CNPZE,PhoneService
0337-CNPZE,MultipleLines
0337-CNPZE,OnlineBackup
0337-CNPZE,DeviceProtection
0337-CNPZE,StreamingTV
0337-CNPZE,StreamingMovies
0337-CNPZE,InternetService_Fiber
9817-APLHW,PhoneService
9817-APLHW,MultipleLines
8380-MQINP,PhoneService
0840-DFEZH,PhoneService
0840-DFEZH,MultipleLines
0840-DFEZH,InternetService_Fiber
1513-XNPPH,PhoneService
1513-XNPPH,DeviceProtection
1513-XNPPH,TechSupport
1513-XNPPH,StreamingMovies
1513-XNPPH,InternetService_Fiber
8690-ZVLCL,PhoneService
8690-ZVLCL,MultipleLines
8690-ZVLCL,OnlineSecurity
8690-ZVLCL,OnlineBackup
8690-ZVLCL,DeviceProtection
8690-ZVLCL,TechSupport
8690-ZVLCL,StreamingTV
8690-ZVLCL,StreamingMovies
8690-ZVLCL,InternetService_DSL
6015-VVHHE,PhoneService
6015-VVHHE,MultipleLines
6015-VVHHE,StreamingTV
6015-VVHHE,InternetService_Fiber
1125-SNVCK,PhoneService
1125-SNVCK,InternetService_DSL
0384-LPITE,OnlineSecurity
0384-LPITE,OnlineBackup
0384-LPITE,DeviceProtection
0384-LPITE,StreamingTV
0384-LPITE,StreamingMovies
0384-LPITE,InternetService_DSL
4616-EWBNJ,PhoneService
6347-DCUIK,PhoneService
6347-DCUIK,MultipleLines
6347-DCUIK,InternetService_Fiber
1335-HQMKX,PhoneService
1335-HQMKX,MultipleLines
1335-HQMKX,OnlineBackup
1335-HQMKX,DeviceProtection
1335-HQMKX,StreamingTV
1335-HQMKX,StreamingMovies
1335-HQMKX,InternetService_Fiber
2545-EBUPK,PhoneService
2545-EBUPK,MultipleLines
2545-EBUPK,StreamingMovies
2545-EBUPK,InternetService_Fiber
6923-AQONU,PhoneService
2172-EJXVF,PhoneService
2172-EJXVF,MultipleLines
2172-EJXVF,OnlineBackup
2172-EJXVF,DeviceProtection
2172-EJXVF,StreamingTV
2172-EJXVF,StreamingMovies
2172-EJXVF,InternetService_Fiber
0897-FEGMU,PhoneService
0897-FEGMU,MultipleLines
0897-FEGMU,DeviceProtection
0897-FEGMU,StreamingTV
0897-FEGMU,StreamingMovies
0897-FEGMU,InternetService_Fiber
7663-RGWBC,PhoneService
7663-RGWBC,InternetService_DSL
1120-BMWUB,PhoneService
1120-BMWUB,OnlineBackup
1120-BMWUB,TechSupport
1120-BMWUB,InternetService_DSL
9124-LHCJQ,PhoneService
9124-LHCJQ,MultipleLines
9124-LHCJQ,StreamingMovies
9124-LHCJQ,InternetService_Fiber
4536-PLEQY,PhoneService
4536-PLEQY,OnlineBackup
4536-PLEQY,StreamingMovies
4536-PLEQY,InternetService_Fiber
7029-IJEJK,OnlineSecurity
7029-IJEJK,TechSupport
7029-IJEJK,StreamingMovies
7029-IJEJK,InternetService_DSL
8871-JLMHM,PhoneService
8871-JLMHM,MultipleLines
8871-JLMHM,OnlineBackup
8871-JLMHM,DeviceProtection
8871-JLMHM,TechSupport
8871-JLMHM,InternetService_Fiber
2235-ZGKPT,PhoneService
2235-ZGKPT,MultipleLines
2235-ZGKPT,InternetService_DSL
3891-PUQOD,PhoneService
3891-PUQOD,DeviceProtection
3891-PUQOD,StreamingMovies
3891-PUQOD,InternetService_DSL
5447-VYTKW,PhoneService
5447-VYTKW,OnlineSecurity
5447-VYTKW,TechSupport
5447-VYTKW,InternetService_DSL
3623-FQBOX,PhoneService
0689-NKYLF,PhoneService
0689-NKYLF,DeviceProtection
0689-NKYLF,StreamingTV
0689-NKYLF,InternetService_Fiber
8659-HDIYE,PhoneService
8659-HDIYE,MultipleLines
8659-HDIYE,OnlineBackup
8659-HDIYE,DeviceProtection
8659-HDIYE,TechSupport
8659-HDIYE,StreamingMovies
8659-HDIYE,InternetService_DSL
3658-KIBGF,PhoneService
3658-KIBGF,OnlineSecurity
3658-KIBGF,OnlineBackup
3658-KIBGF,InternetService_DSL
3474-BAFSJ,OnlineBackup
3474-BAFSJ,DeviceProtection
3474-BAFSJ,TechSupport
3474-BAFSJ,StreamingTV
3474-BAFSJ,StreamingMovies
3474-BAFSJ,InternetService_DSL
5519-YLDGW,PhoneService
5519-YLDGW,MultipleLines
5519-YLDGW,OnlineSecurity
5519-YLDGW,DeviceProtection
5519-YLDGW,StreamingTV
5519-YLDGW,StreamingMovies
5519-YLDGW,InternetService_Fiber
3865-ZFZIB,PhoneService
1855-AGAWH,PhoneService
1855-AGAWH,DeviceProtection
1855-AGAWH,StreamingTV
1855-AGAWH,StreamingMovies
1855-AGAWH,InternetService_Fiber
7109-CQYUZ,PhoneService
7109-CQYUZ,MultipleLines
7109-CQYUZ,OnlineSecurity
7109-CQYUZ,OnlineBackup
7109-CQYUZ,DeviceProtection
7109-CQYUZ,TechSupport
7109-CQYUZ,StreamingTV
7109-CQYUZ,StreamingMovies
7109-CQYUZ,InternetService_DSL
1370-GGAWX,PhoneService
1370-GGAWX,MultipleLines
1370-GGAWX,OnlineBackup
1370-GGAWX,DeviceProtection
1370-GGAWX,StreamingMovies
1370-GGAWX,InternetService_Fiber
4680-KUTAJ,PhoneService
4680-KUTAJ,MultipleLines
4680-KUTAJ,OnlineSecurity
4680-KUTAJ,InternetService_DSL
5307-UVGNB,OnlineSecurity
5307-UVGNB,OnlineBackup
5307-UVGNB,DeviceProtection
5307-UVGNB,StreamingMovies
5307-UVGNB,InternetService_DSL
4946-EDSEW,PhoneService
2883-ILGWO,PhoneService
2883-ILGWO,MultipleLines
2883-ILGWO,OnlineBackup
2883-ILGWO,TechSupport
2883-ILGWO,StreamingTV
2883-ILGWO,StreamingMovies
2883-ILGWO,InternetService_Fiber
2516-VQRRV,PhoneService
2516-VQRRV,MultipleLines
2516-VQRRV,InternetService_Fiber
7580-UGXNC,PhoneService
7580-UGXNC,OnlineSecurity
7580-UGXNC,OnlineBackup
7580-UGXNC,InternetService_DSL
3642-BYHDO,PhoneService
9629-NHXFW,PhoneService
2696-RZVZW,PhoneService
2696-RZVZW,MultipleLines
5766-FTRTS,PhoneService
5766-FTRTS,OnlineSecurity
5766-FTRTS,OnlineBackup
5766-FTRTS,DeviceProtection
5766-FTRTS,TechSupport
5766-FTRTS,StreamingTV
5766-FTRTS,StreamingMovies
5766-FTRTS,InternetService_DSL
0396-HUJBP,PhoneService
5178-LMXOP,PhoneService
5178-LMXOP,MultipleLines
5178-LMXOP,StreamingTV
5178-LMXOP,StreamingMovies
5178-LMXOP,InternetService_Fiber
8879-ZKJOF,PhoneService
8879-ZKJOF,OnlineSecurity
8879-ZKJOF,DeviceProtection
8879-ZKJOF,TechSupport
8879-ZKJOF,StreamingTV
8879-ZKJOF,StreamingMovies
8879-ZKJOF,InternetService_DSL
6285-FTQBF,PhoneService
6285-FTQBF,MultipleLines
8185-UPYBR,PhoneService
8185-UPYBR,MultipleLines
8185-UPYBR,InternetService_Fiber
4585-HETAI,PhoneService
4585-HETAI,DeviceProtection
4585-HETAI,InternetService_Fiber
7526-BEZQB,PhoneService
7526-BEZQB,MultipleLines
7526-BEZQB,StreamingTV
7526-BEZQB,StreamingMovies
7526-BEZQB,InternetService_Fiber
1474-JUWSM,PhoneService
1474-JUWSM,MultipleLines
1474-JUWSM,OnlineSecurity
1474-JUWSM,TechSupport
1474-JUWSM,StreamingMovies
1474-JUWSM,InternetService_DSL
3530-CRZSB,PhoneService
8498-XXGWA,PhoneService
8498-XXGWA,OnlineSecurity
8498-XXGWA,DeviceProtection
8498-XXGWA,InternetService_DSL
9617-INGJY,PhoneService
9617-INGJY,InternetService_Fiber
0621-TSSMU,PhoneService
7234-KMNRQ,PhoneService
7636-PEPNS,PhoneService
7636-PEPNS,InternetService_DSL
4683-WYDOU,PhoneService
4683-WYDOU,MultipleLines
4683-WYDOU,DeviceProtection
4683-WYDOU,TechSupport
4683-WYDOU,StreamingTV
4683-WYDOU,StreamingMovies
4683-WYDOU,InternetService_Fiber
9052-DHNKM,PhoneService
9052-DHNKM,MultipleLines
9052-DHNKM,OnlineSecurity
9052-DHNKM,OnlineBackup
9052-DHNKM,InternetService_DSL
6794-HKIAJ,PhoneService
6794-HKIAJ,MultipleLines
6794-HKIAJ,OnlineSecurity
6794-HKIAJ,OnlineBackup
6794-HKIAJ,DeviceProtection
6794-HKIAJ,InternetService_Fiber
5578-NKCXI,PhoneService
5578-NKCXI,OnlineSecurity
5578-NKCXI,OnlineBackup
5578-NKCXI,StreamingTV
5578-NKCXI,StreamingMovies
5578-NKCXI,InternetService_Fiber
1642-HMARX,PhoneService
1642-HMARX,MultipleLines
1642-HMARX,OnlineSecurity
1642-HMARX,OnlineBackup
1642-HMARX,DeviceProtection
1642-HMARX,TechSupport
1642-HMARX,StreamingTV
1642-HMARX,StreamingMovies
1642-HMARX,InternetService_DSL
3096-WPXBT,PhoneService
3096-WPXBT,MultipleLines
3096-WPXBT,OnlineSecurity
3096-WPXBT,OnlineBackup
3096-WPXBT,DeviceProtection
3096-WPXBT,StreamingMovies
3096-WPXBT,InternetService_Fiber
8434-PNQZX,PhoneService
8434-PNQZX,MultipleLines
8434-PNQZX,DeviceProtection
8434-PNQZX,TechSupport
8434-PNQZX,StreamingTV
8434-PNQZX,StreamingMovies
8434-PNQZX,InternetService_DSL
5950-AAAGJ,PhoneService
5950-AAAGJ,MultipleLines
5950-AAAGJ,StreamingTV
5950-AAAGJ,InternetService_Fiber
4299-OPXEJ,PhoneService
4951-UKAAQ,PhoneService
4951-UKAAQ,MultipleLines
4951-UKAAQ,OnlineBackup
4951-UKAAQ,StreamingMovies
4951-UKAAQ,InternetService_Fiber
9618-LFJRU,PhoneService
6693-DJWTY,PhoneService
6693-DJWTY,OnlineSecurity
6693-DJWTY,OnlineBackup
6693-DJWTY,InternetService_DSL
0744-GKNGE,PhoneService
0744-GKNGE,MultipleLines
0744-GKNGE,OnlineSecurity
0744-GKNGE,TechSupport
0744-GKNGE,InternetService_Fiber
6447-EGDIV,PhoneService
1167-OYZJF,PhoneService
2108-YKQTY,PhoneService
2108-YKQTY,OnlineBackup
2108-YKQTY,InternetService_DSL
4806-DXQCE,PhoneService
4806-DXQCE,MultipleLines
4806-DXQCE,OnlineSecurity
4806-DXQCE,OnlineBackup
4806-DXQCE,DeviceProtection
4806-DXQCE,TechSupport
4806-DXQCE,StreamingTV
4806-DXQCE,StreamingMovies
4806-DXQCE,InternetService_Fiber
4918-QLLIW,PhoneService
4918-QLLIW,StreamingTV
4918-QLLIW,InternetService_DSL
7056-IMHCC,PhoneService
7056-IMHCC,MultipleLines
7056-IMHCC,OnlineBackup
7056-IMHCC,StreamingTV
7056-IMHCC,StreamingMovies
7056-IMHCC,InternetService_Fiber
4854-SSLTN,PhoneService
4854-SSLTN,OnlineSecurity
4854-SSLTN,OnlineBackup
4854-SSLTN,TechSupport
4854-SSLTN,InternetService_DSL
5294-DMSFH,PhoneService
5294-DMSFH,StreamingTV
5294-DMSFH,StreamingMovies
5294-DMSFH,InternetService_Fiber
4837-PZTIC,OnlineSecurity
4837-PZTIC,DeviceProtection
4837-PZTIC,TechSupport
4837-PZTIC,InternetService_DSL
1625-JAIIY,PhoneService
1625-JAIIY,MultipleLines
1625-JAIIY,StreamingTV
1625-JAIIY,InternetService_Fiber
0603-OLQDC,PhoneService
0603-OLQDC,OnlineSecurity
0603-OLQDC,StreamingTV
0603-OLQDC,StreamingMovies
0603-OLQDC,InternetService_DSL
3272-VUHPV,PhoneService
3272-VUHPV,OnlineBackup
3272-VUHPV,TechSupport
3272-VUHPV,InternetService_DSL
4176-FXYBO,PhoneService
4176-FXYBO,MultipleLines
4176-FXYBO,OnlineSecurity
4176-FXYBO,OnlineBackup
4176-FXYBO,DeviceProtection
4176-FXYBO,StreamingTV
4176-FXYBO,StreamingMovies
4176-FXYBO,InternetService_Fiber
1063-DHQJF,PhoneService
1063-DHQJF,OnlineBackup
1063-DHQJF,TechSupport
1063-DHQJF,StreamingTV
1063-DHQJF,InternetService_Fiber
8663-UPDGF,PhoneService
8663-UPDGF,MultipleLines
8663-UPDGF,OnlineSecurity
8663-UPDGF,OnlineBackup
8663-UPDGF,StreamingTV
8663-UPDGF,InternetService_DSL
6719-FGEDO,PhoneService
6719-FGEDO,MultipleLines
6719-FGEDO,OnlineSecurity
6719-FGEDO,OnlineBackup
6719-FGEDO,DeviceProtection
6719-FGEDO,TechSupport
6719-FGEDO,InternetService_Fiber
1837-YQUCE,OnlineSecurity
1837-YQUCE,DeviceProtection
1837-YQUCE,TechSupport
1837-YQUCE,StreamingTV
1837-YQUCE,StreamingMovies
1837-YQUCE,InternetService_DSL
2947-DOMLJ,PhoneService
2947-DOMLJ,OnlineSecurity
2947-DOMLJ,InternetService_DSL
4112-LUEIZ,PhoneService
4112-LUEIZ,StreamingTV
4112-LUEIZ,StreamingMovies
4112-LUEIZ,InternetService_Fiber
0369-ZGOVK,PhoneService
0369-ZGOVK,InternetService_Fiber
4510-HIMLV,PhoneService
4510-HIMLV,InternetService_Fiber
9919-KNPOO,PhoneService
9919-KNPOO,MultipleLines
9919-KNPOO,StreamingTV
9919-KNPOO,StreamingMovies
9919-KNPOO,InternetService_Fiber
8749-JMNKX,PhoneService
8749-JMNKX,MultipleLines
8749-JMNKX,OnlineSecurity
8749-JMNKX,DeviceProtection
8749-JMNKX,StreamingTV
8749-JMNKX,InternetService_Fiber
7872-BAAZR,PhoneService
9391-LMANN,PhoneService
9391-LMANN,OnlineSecurity
9391-LMANN,OnlineBackup
9391-LMANN,DeviceProtection
9391-LMANN,StreamingMovies
9391-LMANN,InternetService_Fiber
2430-USGXP,PhoneService
2430-USGXP,MultipleLines
2430-USGXP,DeviceProtection
2430-USGXP,StreamingTV
2430-USGXP,StreamingMovies
2430-USGXP,InternetService_Fiber
8174-TBVCF,PhoneService
8174-TBVCF,MultipleLines
8174-TBVCF,OnlineSecurity
8174-TBVCF,OnlineBackup
8174-TBVCF,DeviceProtection
8174-TBVCF,TechSupport
8174-TBVCF,StreamingTV
8174-TBVCF,StreamingMovies
8174-TBVCF,InternetService_DSL
1698-XFZCI,PhoneService
1698-XFZCI,MultipleLines
1698-XFZCI,OnlineSecurity
1698-XFZCI,OnlineBackup
1698-XFZCI,DeviceProtection
1698-XFZCI,StreamingTV
1698-XFZCI,StreamingMovies
1698-XFZCI,InternetService_Fiber
1877-HKBQX,PhoneService
1877-HKBQX,OnlineSecurity
1877-HKBQX,TechSupport
1877-HKBQX,InternetService_DSL
4450-DLLMH,PhoneService
4450-DLLMH,InternetService_Fiber
0428-AXXLJ,PhoneService
2746-DIJLO,PhoneService
2746-DIJLO,MultipleLines
2746-DIJLO,OnlineBackup
2746-DIJLO,InternetService_DSL
5955-ERIHD,PhoneService
5955-ERIHD,MultipleLines
5955-ERIHD,StreamingTV
5955-ERIHD,StreamingMovies
5955-ERIHD,InternetService_Fiber
0917-EZOLA,PhoneService
0917-EZOLA,MultipleLines
0917-EZOLA,OnlineBackup
0917-EZOLA,DeviceProtection
0917-EZOLA,StreamingTV
0917-EZOLA,StreamingMovies
0917-EZOLA,InternetService_Fiber
3508-VLHCZ,PhoneService
3508-VLHCZ,MultipleLines
3508-VLHCZ,OnlineSecurity
3508-VLHCZ,OnlineBackup
3508-VLHCZ,DeviceProtection
3508-VLHCZ,TechSupport
3508-VLHCZ,StreamingTV
3508-VLHCZ,StreamingMovies
3508-VLHCZ,InternetService_DSL
4086-ATNFV,PhoneService
4086-ATNFV,OnlineSecurity
4086-ATNFV,OnlineBackup
4086-ATNFV,DeviceProtection
4086-ATNFV,InternetService_DSL
0468-YRPXN,PhoneService
0468-YRPXN,DeviceProtection
0468-YRPXN,TechSupport
0468-YRPXN,StreamingTV
0468-YRPXN,StreamingMovies
0468-YRPXN,InternetService_Fiber
5996-NRVXR,PhoneService
5996-NRVXR,OnlineSecurity
5996-NRVXR,OnlineBackup
5996-NRVXR,DeviceProtection
5996-NRVXR,TechSupport
5996-NRVXR,StreamingTV
5996-NRVXR,InternetService_Fiber
3739-YBWAB,OnlineSecurity
3739-YBWAB,DeviceProtection
3739-YBWAB,InternetService_DSL
7047-FWEYA,PhoneService
7047-FWEYA,MultipleLines
7047-FWEYA,OnlineBackup
7047-FWEYA,TechSupport
7047-FWEYA,StreamingTV
7047-FWEYA,StreamingMovies
7047-FWEYA,InternetService_Fiber
2000-MPKCA,PhoneService
2000-MPKCA,MultipleLines
2000-MPKCA,OnlineSecurity
2000-MPKCA,OnlineBackup
2000-MPKCA,DeviceProtection
2000-MPKCA,StreamingTV
2000-MPKCA,StreamingMovies
2000-MPKCA,InternetService_Fiber
9762-YAQAA,PhoneService
9762-YAQAA,MultipleLines
9762-YAQAA,OnlineBackup
9762-YAQAA,InternetService_Fiber
5949-EBSQK,PhoneService
5949-EBSQK,TechSupport
5949-EBSQK,StreamingMovies
5949-EBSQK,InternetService_DSL
5473-KHBPS,PhoneService
5473-KHBPS,MultipleLines
5473-KHBPS,OnlineBackup
5473-KHBPS,DeviceProtection
5473-KHBPS,StreamingTV
5473-KHBPS,InternetService_Fiber
0100-DUVFC,PhoneService
0100-DUVFC,MultipleLines
0100-DUVFC,OnlineBackup
0100-DUVFC,DeviceProtection
0100-DUVFC,StreamingTV
0100-DUVFC,StreamingMovies
0100-DUVFC,InternetService_Fiber
5397-TUPSH,PhoneService
5397-TUPSH,InternetService_Fiber
8950-MTZNV,PhoneService
8950-MTZNV,InternetService_DSL
0326-VDYXE,PhoneService
0326-VDYXE,MultipleLines
0326-VDYXE,DeviceProtection
0326-VDYXE,StreamingTV
0326-VDYXE,StreamingMovies
0326-VDYXE,InternetService_Fiber
6773-LQTVT,OnlineBackup
6773-LQTVT,DeviceProtection
6773-LQTVT,InternetService_DSL
7274-RTAPZ,PhoneService
7274-RTAPZ,StreamingTV
7274-RTAPZ,StreamingMovies
7274-RTAPZ,InternetService_Fiber
0436-TWFFZ,PhoneService
0436-TWFFZ,MultipleLines
0436-TWFFZ,OnlineSecurity
0436-TWFFZ,DeviceProtection
0436-TWFFZ,TechSupport
0436-TWFFZ,StreamingTV
0436-TWFFZ,StreamingMovies
0436-TWFFZ,InternetService_DSL
8566-YPRGL,PhoneService
0311-UNPFF,PhoneService
0311-UNPFF,StreamingTV
0311-UNPFF,StreamingMovies
0311-UNPFF,InternetService_Fiber
6609-MXJHJ,PhoneService
6609-MXJHJ,MultipleLines
2669-OIDSD,PhoneService
2669-OIDSD,DeviceProtection
2669-OIDSD,TechSupport
2669-OIDSD,StreamingTV
2669-OIDSD,StreamingMovies
2669-OIDSD,InternetService_Fiber
8400-WZICQ,PhoneService
8400-WZICQ,OnlineSecurity
8400-WZICQ,OnlineBackup
8400-WZICQ,InternetService_DSL
3834-XUIFC,PhoneService
3834-XUIFC,MultipleLines
3834-XUIFC,StreamingMovies
3834-XUIFC,InternetService_Fiber
9576-SYUHJ,PhoneService
9576-SYUHJ,MultipleLines
9576-SYUHJ,OnlineSecurity
9576-SYUHJ,StreamingTV
9576-SYUHJ,InternetService_Fiber
0410-IPFTY,PhoneService
0410-IPFTY,OnlineBackup
0410-IPFTY,StreamingMovies
0410-IPFTY,InternetService_Fiber
2831-EBWRN,PhoneService
2831-EBWRN,InternetService_DSL
9430-NKQLY,PhoneService
9430-NKQLY,MultipleLines
8414-MYSHR,PhoneService
8414-MYSHR,StreamingTV
8414-MYSHR,StreamingMovies
8414-MYSHR,InternetService_Fiber
0247-SLUJI,PhoneService
9402-ORRAH,PhoneService
9402-ORRAH,StreamingTV
9402-ORRAH,StreamingMovies
9402-ORRAH,InternetService_Fiber
6483-OATDN,PhoneService
6483-OATDN,OnlineSecurity
6483-OATDN,InternetService_DSL
1293-HHSHJ,PhoneService
4840-ORQXB,PhoneService
4840-ORQXB,MultipleLines
4840-ORQXB,OnlineBackup
4840-ORQXB,DeviceProtection
4840-ORQXB,StreamingTV
4840-ORQXB,StreamingMovies
4840-ORQXB,InternetService_Fiber
7599-FKVXZ,PhoneService
7599-FKVXZ,MultipleLines
7599-FKVXZ,DeviceProtection
7599-FKVXZ,TechSupport
7599-FKVXZ,StreamingTV
7599-FKVXZ,StreamingMovies
7599-FKVXZ,InternetService_Fiber
3982-DQLUS,PhoneService
3982-DQLUS,MultipleLines
3982-DQLUS,OnlineSecurity
3982-DQLUS,OnlineBackup
3982-DQLUS,InternetService_Fiber
8610-ZIKJJ,PhoneService
3756-VNWDH,PhoneService
3756-VNWDH,MultipleLines
3756-VNWDH,OnlineSecurity
3756-VNWDH,StreamingTV
3756-VNWDH,StreamingMovies
3756-VNWDH,InternetService_Fiber
7801-KICAO,PhoneService
7801-KICAO,MultipleLines
7801-KICAO,InternetService_Fiber
7673-LPRNY,PhoneService
7673-LPRNY,MultipleLines
7673-LPRNY,OnlineSecurity
7673-LPRNY,DeviceProtection
7673-LPRNY,StreamingTV
7673-LPRNY,StreamingMovies
7673-LPRNY,InternetService_DSL
8229-TNIQA,PhoneService
8229-TNIQA,InternetService_DSL
6060-QBMGV,PhoneService
7339-POGZN,PhoneService
7339-POGZN,MultipleLines
7339-POGZN,InternetService_DSL
2828-SLQPF,PhoneService
2828-SLQPF,InternetService_DSL
4465-VDKIQ,PhoneService
4465-VDKIQ,OnlineBackup
4465-VDKIQ,DeviceProtection
4465-VDKIQ,InternetService_Fiber
2921-XWDJH,PhoneService
2921-XWDJH,OnlineSecurity
2921-XWDJH,StreamingMovies
2921-XWDJH,InternetService_Fiber
6221-AVQYL,PhoneService
6221-AVQYL,MultipleLines
6221-AVQYL,InternetService_Fiber
2558-BUOZZ,PhoneService
2558-BUOZZ,MultipleLines
2558-BUOZZ,OnlineSecurity
2558-BUOZZ,OnlineBackup
2558-BUOZZ,StreamingTV
2558-BUOZZ,InternetService_Fiber
9257-AZMTZ,PhoneService
0003-MKNFE,PhoneService
0003-MKNFE,MultipleLines
0003-MKNFE,StreamingMovies
0003-MKNFE,InternetService_DSL
0975-UYDTX,PhoneService
0975-UYDTX,MultipleLines
0975-UYDTX,OnlineSecurity
0975-UYDTX,OnlineBackup
0975-UYDTX,DeviceProtection
0975-UYDTX,TechSupport
0975-UYDTX,StreamingTV
0975-UYDTX,StreamingMovies
0975-UYDTX,InternetService_DSL
7743-EXURX,PhoneService
7743-EXURX,DeviceProtection
7743-EXURX,InternetService_DSL
4682-BLBUC,PhoneService
4682-BLBUC,OnlineBackup
4682-BLBUC,DeviceProtection
4682-BLBUC,TechSupport
4682-BLBUC,StreamingTV
4682-BLBUC,InternetService_DSL
0975-VOOVL,OnlineBackup
0975-VOOVL,InternetService_DSL
5968-VXZLG,PhoneService
5968-VXZLG,InternetService_DSL
5569-KGJHX,PhoneService
5569-KGJHX,MultipleLines
5569-KGJHX,StreamingTV
5569-KGJHX,InternetService_Fiber
4988-IQIGL,PhoneService
4988-IQIGL,MultipleLines
4988-IQIGL,InternetService_Fiber
5201-FRKKS,PhoneService
5201-FRKKS,OnlineSecurity
5201-FRKKS,InternetService_Fiber
9799-CAYJJ,PhoneService
9799-CAYJJ,InternetService_Fiber
7730-IUTDZ,PhoneService
7730-IUTDZ,OnlineSecurity
7730-IUTDZ,InternetService_Fiber
0426-TIRNE,PhoneService
5443-SCMKX,PhoneService
5443-SCMKX,MultipleLines
5443-SCMKX,OnlineBackup
5443-SCMKX,DeviceProtection
5443-SCMKX,StreamingMovies
5443-SCMKX,InternetService_Fiber
8295-KMENE,PhoneService
8295-KMENE,MultipleLines
8295-KMENE,OnlineSecurity
8295-KMENE,DeviceProtection
8295-KMENE,TechSupport
8295-KMENE,StreamingTV
8295-KMENE,InternetService_DSL
6738-ISCBM,OnlineSecurity
6738-ISCBM,DeviceProtection
6738-ISCBM,StreamingTV
6738-ISCBM,StreamingMovies
6738-ISCBM,InternetService_DSL
9821-BESNZ,PhoneService
9821-BESNZ,MultipleLines
9821-BESNZ,OnlineBackup
9821-BESNZ,TechSupport
9821-BESNZ,StreamingTV
9821-BESNZ,StreamingMovies
9821-BESNZ,InternetService_Fiber
3678-MNGZX,PhoneService
1335-NTIUC,InternetService_DSL
2916-BQZLN,PhoneService
2916-BQZLN,MultipleLines
2916-BQZLN,OnlineSecurity
2916-BQZLN,DeviceProtection
2916-BQZLN,InternetService_Fiber
4558-CGYCZ,PhoneService
2368-GAKKQ,PhoneService
2368-GAKKQ,MultipleLines
2368-GAKKQ,OnlineSecurity
2368-GAKKQ,OnlineBackup
2368-GAKKQ,DeviceProtection
2368-GAKKQ,TechSupport
2368-GAKKQ,StreamingTV
2368-GAKKQ,StreamingMovies
2368-GAKKQ,InternetService_Fiber
8710-YGLWG,PhoneService
8710-YGLWG,InternetService_DSL
3199-XGZCY,PhoneService
3199-XGZCY,MultipleLines
3199-XGZCY,InternetService_Fiber
3785-KTYSH,PhoneService
3785-KTYSH,MultipleLines
6814-ZPWFQ,PhoneService
6814-ZPWFQ,MultipleLines
4063-EIKNQ,PhoneService
6993-YCOBK,PhoneService
6993-YCOBK,MultipleLines
6993-YCOBK,OnlineSecurity
6993-YCOBK,DeviceProtection
6993-YCOBK,TechSupport
6993-YCOBK,StreamingTV
6993-YCOBK,StreamingMovies
6993-YCOBK,InternetService_Fiber
5206-HPJKM,PhoneService
5206-HPJKM,OnlineSecurity
5206-HPJKM,OnlineBackup
5206-HPJKM,InternetService_DSL
7587-RZNME,PhoneService
7587-RZNME,InternetService_DSL
0748-RDGGM,PhoneService
0748-RDGGM,OnlineSecurity
0748-RDGGM,OnlineBackup
0748-RDGGM,DeviceProtection
0748-RDGGM,TechSupport
0748-RDGGM,StreamingTV
0748-RDGGM,StreamingMovies
0748-RDGGM,InternetService_Fiber
8393-JMVMB,PhoneService
5019-GQVCR,PhoneService
5019-GQVCR,MultipleLines
5019-GQVCR,StreamingTV
5019-GQVCR,InternetService_Fiber
6036-TTFYU,PhoneService
2550-AEVRU,PhoneService
2550-AEVRU,OnlineSecurity
2550-AEVRU,OnlineBackup
2550-AEVRU,InternetService_DSL
0969-RGKCU,PhoneService
0378-CJKPV,PhoneService
0378-CJKPV,MultipleLines
0378-CJKPV,OnlineSecurity
0378-CJKPV,OnlineBackup
0378-CJKPV,DeviceProtection
0378-CJKPV,TechSupport
0378-CJKPV,StreamingTV
0378-CJKPV,StreamingMovies
0378-CJKPV,InternetService_Fiber
4706-AXVKM,PhoneService
4706-AXVKM,MultipleLines
4706-AXVKM,StreamingMovies
4706-AXVKM,InternetService_Fiber
5889-JTMUL,PhoneService
5889-JTMUL,MultipleLines
5889-JTMUL,OnlineBackup
5889-JTMUL,DeviceProtection
5889-JTMUL,StreamingTV
5889-JTMUL,InternetService_Fiber
9026-RNUJS,PhoneService
9026-RNUJS,DeviceProtection
9026-RNUJS,InternetService_DSL
3746-EUBYR,PhoneService
3746-EUBYR,MultipleLines
3746-EUBYR,InternetService_Fiber
2332-EFBJY,PhoneService
2880-FPNAE,PhoneService
2880-FPNAE,DeviceProtection
2880-FPNAE,InternetService_Fiber
1703-MGIAB,PhoneService
1703-MGIAB,MultipleLines
1703-MGIAB,DeviceProtection
1703-MGIAB,TechSupport
1703-MGIAB,StreamingTV
1703-MGIAB,InternetService_DSL
4311-QTTAI,PhoneService
9474-PHLYD,PhoneService
9474-PHLYD,DeviceProtection
9474-PHLYD,StreamingMovies
9474-PHLYD,InternetService_DSL
4318-RAJVY,PhoneService
2165-VOEGB,PhoneService
2165-VOEGB,OnlineSecurity
2165-VOEGB,OnlineBackup
2165-VOEGB,TechSupport
2165-VOEGB,StreamingTV
2165-VOEGB,StreamingMovies
2165-VOEGB,InternetService_Fiber
3612-YUNGG,PhoneService
3612-YUNGG,MultipleLines
3612-YUNGG,OnlineBackup
3612-YUNGG,DeviceProtection
3612-YUNGG,TechSupport
3612-YUNGG,StreamingTV
3612-YUNGG,StreamingMovies
3612-YUNGG,InternetService_Fiber
2254-DLXRI,PhoneService
2254-DLXRI,MultipleLines
2254-DLXRI,OnlineBackup
2254-DLXRI,InternetService_Fiber
5062-CJJKH,PhoneService
5062-CJJKH,OnlineBackup
5062-CJJKH,DeviceProtection
5062-CJJKH,InternetService_DSL
9028-LIHRP,PhoneService
9028-LIHRP,OnlineSecurity
9028-LIHRP,OnlineBackup
9028-LIHRP,DeviceProtection
9028-LIHRP,TechSupport
9028-LIHRP,StreamingTV
9028-LIHRP,InternetService_Fiber
2219-MVUSO,PhoneService
2219-MVUSO,InternetService_DSL
1053-MXTTK,PhoneService
1053-MXTTK,OnlineSecurity
1053-MXTTK,OnlineBackup
1053-MXTTK,DeviceProtection
1053-MXTTK,TechSupport
1053-MXTTK,StreamingTV
1053-MXTTK,StreamingMovies
1053-MXTTK,InternetService_Fiber
1530-ZTDOZ,OnlineSecurity
1530-ZTDOZ,StreamingTV
1530-ZTDOZ,InternetService_DSL
1301-LOPVR,OnlineSecurity
1301-LOPVR,OnlineBackup
1301-LOPVR,DeviceProtection
1301-LOPVR,TechSupport
1301-LOPVR,StreamingMovies
1301-LOPVR,InternetService_DSL
0853-TWRVK,PhoneService
0853-TWRVK,MultipleLines
0853-TWRVK,OnlineSecurity
0853-TWRVK,OnlineBackup
0853-TWRVK,DeviceProtection
0853-TWRVK,TechSupport
0853-TWRVK,StreamingMovies
0853-TWRVK,InternetService_Fiber
8914-RBTSB,PhoneService
8914-RBTSB,MultipleLines
8914-RBTSB,OnlineBackup
8914-RBTSB,DeviceProtection
8914-RBTSB,StreamingTV
8914-RBTSB,InternetService_Fiber
6212-ATMLK,PhoneService
6212-ATMLK,MultipleLines
6212-ATMLK,StreamingTV
6212-ATMLK,StreamingMovies
6212-ATMLK,InternetService_Fiber
8200-LGKSR,PhoneService
8200-LGKSR,MultipleLines
8200-LGKSR,OnlineSecurity
8200-LGKSR,DeviceProtection
8200-LGKSR,TechSupport
8200-LGKSR,StreamingTV
8200-LGKSR,StreamingMovies
8200-LGKSR,InternetService_DSL
1568-BEKZM,PhoneService
1568-BEKZM,MultipleLines
1568-BEKZM,OnlineSecurity
1568-BEKZM,OnlineBackup
1568-BEKZM,DeviceProtection
1568-BEKZM,TechSupport
1568-BEKZM,StreamingTV
1568-BEKZM,StreamingMovies
1568-BEKZM,InternetService_DSL
0670-ANMUU,PhoneService
0670-ANMUU,MultipleLines
0670-ANMUU,OnlineSecurity
0670-ANMUU,TechSupport
0670-ANMUU,StreamingMovies
0670-ANMUU,InternetService_Fiber
6897-RWMUB,PhoneService
6897-RWMUB,OnlineSecurity
6897-RWMUB,OnlineBackup
6897-RWMUB,DeviceProtection
6897-RWMUB,TechSupport
6897-RWMUB,InternetService_DSL
0963-ZBDRN,PhoneService
0963-ZBDRN,TechSupport
0963-ZBDRN,StreamingTV
0963-ZBDRN,StreamingMovies
0963-ZBDRN,InternetService_Fiber
7594-RQHXR,PhoneService
7594-RQHXR,StreamingMovies
7594-RQHXR,InternetService_Fiber
6999-CHVCF,PhoneService
6999-CHVCF,MultipleLines
6999-CHVCF,OnlineSecurity
6999-CHVCF,OnlineBackup
6999-CHVCF,DeviceProtection
6999-CHVCF,StreamingMovies
6999-CHVCF,InternetService_Fiber
6134-KWTBV,PhoneService
6134-KWTBV,MultipleLines
1077-HUUJM,PhoneService
1077-HUUJM,InternetService_Fiber
6331-EWIEB,PhoneService
6331-EWIEB,MultipleLines
6331-EWIEB,StreamingTV
6331-EWIEB,InternetService_Fiber
0895-LNKRC,PhoneService
2045-BMBTJ,OnlineSecurity
2045-BMBTJ,OnlineBackup
2045-BMBTJ,DeviceProtection
2045-BMBTJ,StreamingTV
2045-BMBTJ,StreamingMovies
2045-BMBTJ,InternetService_DSL
8417-GSODA,PhoneService
8417-GSODA,MultipleLines
8417-GSODA,StreamingTV
8417-GSODA,StreamingMovies
8417-GSODA,InternetService_Fiber
5171-EPLKN,PhoneService
4452-QIIEB,PhoneService
4452-QIIEB,InternetService_DSL
5998-VVEJY,PhoneService
5998-VVEJY,MultipleLines
5998-VVEJY,TechSupport
5998-VVEJY,InternetService_Fiber
1624-NALOJ,PhoneService
1624-NALOJ,MultipleLines
1624-NALOJ,OnlineBackup
1624-NALOJ,StreamingMovies
1624-NALOJ,InternetService_Fiber
6741-EGCBI,PhoneService
6741-EGCBI,MultipleLines
6741-EGCBI,OnlineSecurity
6741-EGCBI,StreamingMovies
6741-EGCBI,InternetService_Fiber
7820-ZYGNY,PhoneService
7820-ZYGNY,MultipleLines
7820-ZYGNY,OnlineBackup
7820-ZYGNY,StreamingMovies
7820-ZYGNY,InternetService_Fiber
4317-VTEOA,PhoneService
4317-VTEOA,OnlineBackup
4317-VTEOA,InternetService_DSL
9677-AVKED,PhoneService
9677-AVKED,MultipleLines
9677-AVKED,OnlineBackup
9677-AVKED,DeviceProtection
9677-AVKED,TechSupport
9677-AVKED,StreamingTV
9677-AVKED,StreamingMovies
9677-AVKED,InternetService_DSL
1670-SVOWZ,PhoneService
1670-SVOWZ,OnlineBackup
1670-SVOWZ,TechSupport
1670-SVOWZ,StreamingMovies
1670-SVOWZ,InternetService_Fiber
2227-JRSJX,PhoneService
2227-JRSJX,OnlineBackup
2227-JRSJX,TechSupport
2227-JRSJX,StreamingTV
2227-JRSJX,StreamingMovies
2227-JRSJX,InternetService_Fiber
9847-HNVGP,PhoneService
6696-YDAYZ,PhoneService
8980-WQFWL,PhoneService
8980-WQFWL,DeviceProtection
8980-WQFWL,StreamingMovies
8980-WQFWL,InternetService_DSL
1730-ZMAME,PhoneService
1730-ZMAME,StreamingMovies
1730-ZMAME,InternetService_Fiber
6506-EYCNH,PhoneService
4634-JLRJT,PhoneService
9501-UKKNL,TechSupport
9501-UKKNL,StreamingTV
9501-UKKNL,StreamingMovies
9501-UKKNL,InternetService_DSL
2560-QTSBS,PhoneService
2560-QTSBS,MultipleLines
7541-YLXCL,PhoneService
7541-YLXCL,OnlineBackup
7541-YLXCL,TechSupport
7541-YLXCL,StreamingMovies
7541-YLXCL,InternetService_DSL
4795-WRNVT,PhoneService
4795-WRNVT,OnlineSecurity
4795-WRNVT,OnlineBackup
4795-WRNVT,StreamingTV
4795-WRNVT,InternetService_DSL
6080-TCMYC,PhoneService
6080-TCMYC,MultipleLines
6080-TCMYC,DeviceProtection
6080-TCMYC,InternetService_Fiber
0260-ZDLGK,PhoneService
0260-ZDLGK,DeviceProtection
0260-ZDLGK,TechSupport
0260-ZDLGK,StreamingTV
0260-ZDLGK,StreamingMovies
0260-ZDLGK,InternetService_DSL
7860-UXCRM,PhoneService
7860-UXCRM,OnlineSecurity
7860-UXCRM,OnlineBackup
7860-UXCRM,DeviceProtection
7860-UXCRM,TechSupport
7860-UXCRM,StreamingTV
7860-UXCRM,InternetService_DSL
6357-JJPQT,PhoneService
6357-JJPQT,StreamingTV
6357-JJPQT,InternetService_Fiber
2292-XQWSV,OnlineBackup
2292-XQWSV,DeviceProtection
2292-XQWSV,TechSupport
2292-XQWSV,StreamingTV
2292-XQWSV,StreamingMovies
2292-XQWSV,InternetService_DSL
9552-TGUZV,PhoneService
9552-TGUZV,OnlineSecurity
9552-TGUZV,InternetService_Fiber
5913-INRQV,PhoneService
5913-INRQV,OnlineSecurity
5913-INRQV,TechSupport
5913-INRQV,StreamingTV
5913-INRQV,InternetService_Fiber
8722-NGNBH,OnlineSecurity
8722-NGNBH,DeviceProtection
8722-NGNBH,TechSupport
8722-NGNBH,InternetService_DSL
6210-KBBPI,PhoneService
6210-KBBPI,MultipleLines
6210-KBBPI,OnlineBackup
6210-KBBPI,StreamingTV
6210-KBBPI,StreamingMovies
6210-KBBPI,InternetService_Fiber
9643-YBLUR,PhoneService
9643-YBLUR,MultipleLines
9643-YBLUR,OnlineBackup
9643-YBLUR,DeviceProtection
9643-YBLUR,StreamingMovies
9643-YBLUR,InternetService_DSL
8734-FNWVH,PhoneService
8734-FNWVH,MultipleLines
8734-FNWVH,StreamingMovies
8734-FNWVH,InternetService_DSL
9447-YPTBX,PhoneService
0133-BMFZO,PhoneService
0133-BMFZO,OnlineSecurity
0133-BMFZO,OnlineBackup
0133-BMFZO,TechSupport
0133-BMFZO,InternetService_Fiber
6128-CZOMY,PhoneService
6128-CZOMY,InternetService_DSL
9540-JYROE,PhoneService
9540-JYROE,InternetService_Fiber
9026-LHEVG,OnlineBackup
9026-LHEVG,StreamingMovies
9026-LHEVG,InternetService_DSL
2260-USTRB,PhoneService
2260-USTRB,InternetService_Fiber
3656-TKRVZ,PhoneService
3656-TKRVZ,OnlineSecurity
3656-TKRVZ,OnlineBackup
3656-TKRVZ,InternetService_DSL
7011-CVEUC,PhoneService
7011-CVEUC,TechSupport
7011-CVEUC,StreamingTV
7011-CVEUC,StreamingMovies
7011-CVEUC,InternetService_Fiber
6185-TASNN,PhoneService
6185-TASNN,InternetService_DSL
7925-PNRGI,PhoneService
7925-PNRGI,MultipleLines
7925-PNRGI,OnlineSecurity
7925-PNRGI,OnlineBackup
7925-PNRGI,DeviceProtection
7925-PNRGI,TechSupport
7925-PNRGI,StreamingTV
7925-PNRGI,InternetService_DSL
8623-TMRBY,PhoneService
8623-TMRBY,MultipleLines
8623-TMRBY,OnlineBackup
8623-TMRBY,DeviceProtection
8623-TMRBY,InternetService_Fiber
1552-CZCLL,PhoneService
3038-PQIUY,PhoneService
3038-PQIUY,MultipleLines
3038-PQIUY,OnlineSecurity
3038-PQIUY,OnlineBackup
3038-PQIUY,DeviceProtection
3038-PQIUY,InternetService_DSL
1501-SGHBW,PhoneService
1501-SGHBW,InternetService_DSL
9313-CDOGY,PhoneService
8148-BPLZQ,PhoneService
8148-BPLZQ,OnlineBackup
8148-BPLZQ,InternetService_DSL
2623-DRYAM,PhoneService
2623-DRYAM,MultipleLines
2623-DRYAM,DeviceProtection
2623-DRYAM,StreamingTV
2623-DRYAM,StreamingMovies
2623-DRYAM,InternetService_Fiber
9987-LUTYD,PhoneService
9987-LUTYD,OnlineSecurity
9987-LUTYD,TechSupport
9987-LUTYD,InternetService_DSL
3208-YPIOE,PhoneService
3208-YPIOE,MultipleLines
3208-YPIOE,InternetService_Fiber
4488-KQFDT,PhoneService
4488-KQFDT,MultipleLines
4488-KQFDT,OnlineBackup
4488-KQFDT,DeviceProtection
4488-KQFDT,StreamingTV
4488-KQFDT,StreamingMovies
4488-KQFDT,InternetService_Fiber
2612-RANWT,PhoneService
2612-RANWT,MultipleLines
2612-RANWT,DeviceProtection
2612-RANWT,StreamingTV
2612-RANWT,StreamingMovies
2612-RANWT,InternetService_Fiber
5693-PIPCS,PhoneService
5693-PIPCS,OnlineBackup
5693-PIPCS,TechSupport
5693-PIPCS,StreamingTV
5693-PIPCS,StreamingMovies
5693-PIPCS,InternetService_Fiber
0491-KAPQG,PhoneService
0491-KAPQG,MultipleLines
0491-KAPQG,InternetService_Fiber
1925-LFCZZ,DeviceProtection
1925-LFCZZ,StreamingTV
1925-LFCZZ,StreamingMovies
1925-LFCZZ,InternetService_DSL
8039-EQPIM,OnlineSecurity
8039-EQPIM,DeviceProtection
8039-EQPIM,TechSupport
8039-EQPIM,StreamingTV
8039-EQPIM,StreamingMovies
8039-EQPIM,InternetService_DSL
6900-PXRMS,PhoneService
6900-PXRMS,MultipleLines
6900-PXRMS,OnlineBackup
6900-PXRMS,DeviceProtection
6900-PXRMS,StreamingTV
6900-PXRMS,StreamingMovies
6900-PXRMS,InternetService_Fiber
8707-RMEZH,PhoneService
8707-RMEZH,OnlineSecurity
8707-RMEZH,OnlineBackup
8707-RMEZH,StreamingMovies
8707-RMEZH,InternetService_Fiber
3346-BRMIS,DeviceProtection
3346-BRMIS,StreamingTV
3346-BRMIS,StreamingMovies
3346-BRMIS,InternetService_DSL
3209-ZPKFI,PhoneService
3209-ZPKFI,MultipleLines
3209-ZPKFI,OnlineBackup
3209-ZPKFI,InternetService_DSL
6479-VDGRK,PhoneService
6479-VDGRK,OnlineSecurity
6479-VDGRK,OnlineBackup
6479-VDGRK,DeviceProtection
6479-VDGRK,TechSupport
6479-VDGRK,StreamingTV
6479-VDGRK,StreamingMovies
6479-VDGRK,InternetService_DSL
9373-WSLOY,OnlineBackup
9373-WSLOY,DeviceProtection
9373-WSLOY,TechSupport
9373-WSLOY,StreamingTV
9373-WSLOY,InternetService_DSL
2933-FILNV,InternetService_DSL
3569-JFODW,PhoneService
3569-JFODW,MultipleLines
3569-JFODW,OnlineSecurity
3569-JFODW,OnlineBackup
3569-JFODW,DeviceProtection
3569-JFODW,TechSupport
3569-JFODW,StreamingTV
3569-JFODW,StreamingMovies
3569-JFODW,InternetService_DSL
9819-FBNSV,PhoneService
9819-FBNSV,InternetService_Fiber
9544-PYPSJ,PhoneService
9544-PYPSJ,MultipleLines
9544-PYPSJ,OnlineBackup
9544-PYPSJ,DeviceProtection
9544-PYPSJ,StreamingMovies
9544-PYPSJ,InternetService_Fiber
1591-XWLGB,PhoneService
0396-UKGAI,PhoneService
0396-UKGAI,OnlineBackup
0396-UKGAI,TechSupport
0396-UKGAI,InternetService_DSL
3243-ZHOHY,PhoneService
5186-EJEGL,PhoneService
5186-EJEGL,OnlineSecurity
5186-EJEGL,DeviceProtection
5186-EJEGL,TechSupport
5186-EJEGL,StreamingTV
5186-EJEGL,InternetService_DSL
7527-QNRUS,PhoneService
7527-QNRUS,MultipleLines
9986-BONCE,PhoneService
2722-JMONI,PhoneService
2722-JMONI,OnlineSecurity
2722-JMONI,InternetService_DSL
2203-GHNWN,PhoneService
2203-GHNWN,MultipleLines
2203-GHNWN,DeviceProtection
2203-GHNWN,InternetService_Fiber
3878-AVSOQ,PhoneService
3878-AVSOQ,InternetService_Fiber
3258-SYSWS,PhoneService
3258-SYSWS,MultipleLines
3258-SYSWS,OnlineSecurity
3258-SYSWS,OnlineBackup
3258-SYSWS,DeviceProtection
3258-SYSWS,TechSupport
3258-SYSWS,StreamingTV
3258-SYSWS,StreamingMovies
3258-SYSWS,InternetService_Fiber
5296-PSYVW,PhoneService
5296-PSYVW,MultipleLines
6319-QSUSR,PhoneService
4083-EUGRJ,PhoneService
7579-OOPEC,PhoneService
7579-OOPEC,OnlineBackup
7579-OOPEC,InternetService_DSL
0512-FLFDW,PhoneService
0512-FLFDW,MultipleLines
0512-FLFDW,DeviceProtection
0512-FLFDW,StreamingTV
0512-FLFDW,StreamingMovies
0512-FLFDW,InternetService_Fiber
1771-OADNZ,PhoneService
1771-OADNZ,MultipleLines
1771-OADNZ,OnlineBackup
1771-OADNZ,DeviceProtection
1771-OADNZ,StreamingMovies
1771-OADNZ,InternetService_Fiber
0487-CRLZF,PhoneService
0487-CRLZF,DeviceProtection
0487-CRLZF,TechSupport
0487-CRLZF,StreamingTV
0487-CRLZF,StreamingMovies
0487-CRLZF,InternetService_DSL
2107-FBPTK,PhoneService
2107-FBPTK,MultipleLines
2107-FBPTK,OnlineBackup
2107-FBPTK,DeviceProtection
2107-FBPTK,StreamingTV
2107-FBPTK,StreamingMovies
2107-FBPTK,InternetService_Fiber
9451-WLYRI,PhoneService
8219-VYBVI,PhoneService
8219-VYBVI,MultipleLines
1991-VOPLL,PhoneService
9738-QLWTP,PhoneService
9738-QLWTP,DeviceProtection
9738-QLWTP,TechSupport
9738-QLWTP,InternetService_Fiber
1016-DJTSV,PhoneService
1016-DJTSV,InternetService_Fiber
9419-IPPBE,PhoneService
9419-IPPBE,MultipleLines
9419-IPPBE,DeviceProtection
9419-IPPBE,StreamingMovies
9419-IPPBE,InternetService_Fiber
0174-QRVVY,PhoneService
0174-QRVVY,MultipleLines
5699-BNCAS,PhoneService
5699-BNCAS,MultipleLines
2900-PHPLN,PhoneService
0612-RTZZA,InternetService_DSL
8106-GWQOK,OnlineSecurity
8106-GWQOK,OnlineBackup
8106-GWQOK,TechSupport
8106-GWQOK,StreamingTV
8106-GWQOK,StreamingMovies
8106-GWQOK,InternetService_DSL
8751-EDEKA,PhoneService
8751-EDEKA,OnlineBackup
8751-EDEKA,DeviceProtection
8751-EDEKA,StreamingMovies
8751-EDEKA,InternetService_Fiber
6878-GGDWG,PhoneService
4039-PIMHX,PhoneService
4039-PIMHX,OnlineBackup
4039-PIMHX,InternetService_DSL
8450-LUGUK,PhoneService
8450-LUGUK,MultipleLines
3604-WLABM,PhoneService
3604-WLABM,DeviceProtection
3604-WLABM,TechSupport
3604-WLABM,InternetService_DSL
0795-GMVQO,PhoneService
0795-GMVQO,MultipleLines
0795-GMVQO,OnlineSecurity
0795-GMVQO,OnlineBackup
0795-GMVQO,DeviceProtection
0795-GMVQO,StreamingTV
0795-GMVQO,StreamingMovies
0795-GMVQO,InternetService_Fiber
2259-OUUSZ,DeviceProtection
2259-OUUSZ,TechSupport
2259-OUUSZ,InternetService_DSL
1142-IHLOO,PhoneService
1142-IHLOO,StreamingTV
1142-IHLOO,StreamingMovies
1142-IHLOO,InternetService_Fiber
6410-LEFEN,PhoneService
6410-LEFEN,InternetService_DSL
4633-MKHYU,PhoneService
4633-MKHYU,StreamingTV
4633-MKHYU,StreamingMovies
4633-MKHYU,InternetService_Fiber
6257-RJOHI,PhoneService
6257-RJOHI,TechSupport
6257-RJOHI,InternetService_DSL
1545-JFUML,PhoneService
1545-JFUML,MultipleLines
1545-JFUML,OnlineSecurity
1545-JFUML,OnlineBackup
1545-JFUML,DeviceProtection
1545-JFUML,StreamingTV
1545-JFUML,InternetService_Fiber
3194-ORPIK,PhoneService
3194-ORPIK,MultipleLines
3194-ORPIK,StreamingTV
3194-ORPIK,InternetService_Fiber
7826-VVKWT,PhoneService
7826-VVKWT,DeviceProtection
7826-VVKWT,StreamingTV
7826-VVKWT,StreamingMovies
7826-VVKWT,InternetService_Fiber
1353-GHZOS,PhoneService
1353-GHZOS,OnlineSecurity
1353-GHZOS,StreamingTV
1353-GHZOS,InternetService_DSL
2587-EKXTS,PhoneService
2587-EKXTS,MultipleLines
2587-EKXTS,OnlineSecurity
2587-EKXTS,OnlineBackup
2587-EKXTS,DeviceProtection
2587-EKXTS,StreamingTV
2587-EKXTS,StreamingMovies
2587-EKXTS,InternetService_Fiber
5442-BXVND,PhoneService
5442-BXVND,MultipleLines
8816-VXNZD,PhoneService
8816-VXNZD,MultipleLines
8816-VXNZD,InternetService_Fiber
9378-FXTIZ,PhoneService
9378-FXTIZ,MultipleLines
9378-FXTIZ,StreamingTV
9378-FXTIZ,StreamingMovies
9378-FXTIZ,InternetService_DSL
1723-HKXJQ,PhoneService
1723-HKXJQ,MultipleLines
1723-HKXJQ,OnlineBackup
1723-HKXJQ,StreamingTV
1723-HKXJQ,StreamingMovies
1723-HKXJQ,InternetService_Fiber
7825-GKXMW,PhoneService
7825-GKXMW,InternetService_DSL
9753-OYLBX,PhoneService
2364-UFROM,PhoneService
2364-UFROM,OnlineSecurity
2364-UFROM,OnlineBackup
2364-UFROM,TechSupport
2364-UFROM,StreamingTV
2364-UFROM,InternetService_DSL
6656-JWRQX,TechSupport
6656-JWRQX,InternetService_DSL
6473-ULUHT,PhoneService
6473-ULUHT,MultipleLines
6473-ULUHT,OnlineSecurity
6473-ULUHT,OnlineBackup
6473-ULUHT,TechSupport
6473-ULUHT,StreamingTV
6473-ULUHT,StreamingMovies
6473-ULUHT,InternetService_DSL
1240-KNSEZ,PhoneService
0836-SEYLU,TechSupport
0836-SEYLU,StreamingTV
0836-SEYLU,InternetService_DSL
4433-JCGCG,PhoneService
4433-JCGCG,MultipleLines
4433-JCGCG,DeviceProtection
4433-JCGCG,StreamingTV
4433-JCGCG,StreamingMovies
4433-JCGCG,InternetService_Fiber
3716-BDVDB,PhoneService
3716-BDVDB,InternetService_Fiber
7688-AWMDX,PhoneService
7688-AWMDX,OnlineSecurity
7688-AWMDX,TechSupport
7688-AWMDX,InternetService_DSL
2842-BCQGE,PhoneService
2842-BCQGE,MultipleLines
2842-BCQGE,InternetService_Fiber
7244-QWYHG,OnlineSecurity
7244-QWYHG,TechSupport
7244-QWYHG,StreamingTV
7244-QWYHG,InternetService_DSL
5899-MQZZL,PhoneService
5899-MQZZL,MultipleLines
5899-MQZZL,InternetService_Fiber
6849-OYAMU,PhoneService
6849-OYAMU,OnlineBackup
6849-OYAMU,TechSupport
6849-OYAMU,StreamingTV
6849-OYAMU,StreamingMovies
6849-OYAMU,InternetService_Fiber
5312-UXESG,PhoneService
5312-UXESG,MultipleLines
5312-UXESG,DeviceProtection
5312-UXESG,StreamingTV
5312-UXESG,StreamingMovies
5312-UXESG,InternetService_Fiber
9488-HGMJH,PhoneService
9488-HGMJH,InternetService_Fiber
6038-GCYEC,OnlineBackup
6038-GCYEC,DeviceProtection
6038-GCYEC,StreamingTV
6038-GCYEC,StreamingMovies
6038-GCYEC,InternetService_DSL
2150-WLKUW,PhoneService
2150-WLKUW,MultipleLines
2150-WLKUW,OnlineBackup
2150-WLKUW,StreamingTV
2150-WLKUW,InternetService_DSL
7159-FVYPK,PhoneService
7159-FVYPK,MultipleLines
7159-FVYPK,OnlineBackup
7159-FVYPK,DeviceProtection
7159-FVYPK,StreamingTV
7159-FVYPK,InternetService_DSL
7032-LMBHI,PhoneService
7032-LMBHI,MultipleLines
7032-LMBHI,OnlineSecurity
7032-LMBHI,StreamingTV
7032-LMBHI,InternetService_DSL
1150-WFARN,PhoneService
1150-WFARN,MultipleLines
1150-WFARN,OnlineSecurity
1150-WFARN,DeviceProtection
1150-WFARN,TechSupport
1150-WFARN,StreamingTV
1150-WFARN,StreamingMovies
1150-WFARN,InternetService_Fiber
6088-BXMRG,PhoneService
6088-BXMRG,MultipleLines
6088-BXMRG,OnlineBackup
6088-BXMRG,StreamingTV
6088-BXMRG,StreamingMovies
6088-BXMRG,InternetService_Fiber
3144-AUDBS,PhoneService
3144-AUDBS,TechSupport
3144-AUDBS,InternetService_DSL
4821-SJHJV,PhoneService
4821-SJHJV,MultipleLines
4821-SJHJV,OnlineSecurity
4821-SJHJV,StreamingTV
4821-SJHJV,InternetService_Fiber
7346-MEDWM,PhoneService
7346-MEDWM,MultipleLines
7346-MEDWM,OnlineBackup
7346-MEDWM,DeviceProtection
7346-MEDWM,InternetService_Fiber
1137-DGOWI,PhoneService
1137-DGOWI,OnlineBackup
1137-DGOWI,DeviceProtection
1137-DGOWI,TechSupport
1137-DGOWI,StreamingMovies
1137-DGOWI,InternetService_DSL
5616-PRTNT,PhoneService
3812-LRZIR,PhoneService
3812-LRZIR,MultipleLines
4818-QIUFN,PhoneService
4818-QIUFN,MultipleLines
4818-QIUFN,OnlineSecurity
4818-QIUFN,InternetService_Fiber
9483-GCPWE,PhoneService
4227-OJHAL,PhoneService
4227-OJHAL,MultipleLines
4227-OJHAL,OnlineSecurity
4227-OJHAL,OnlineBackup
4227-OJHAL,DeviceProtection
4227-OJHAL,StreamingTV
4227-OJHAL,InternetService_DSL
9220-CXRSC,PhoneService
9220-CXRSC,MultipleLines
9220-CXRSC,OnlineSecurity
9220-CXRSC,TechSupport
9220-CXRSC,InternetService_DSL
4993-JCRGJ,PhoneService
4993-JCRGJ,MultipleLines
4993-JCRGJ,DeviceProtection
4993-JCRGJ,TechSupport
4993-JCRGJ,InternetService_Fiber
9537-JALFH,PhoneService
6698-OXETB,PhoneService
2103-ZRXFN,PhoneService
2103-ZRXFN,MultipleLines
2103-ZRXFN,InternetService_DSL
3724-BSCVH,PhoneService
4877-TSOFF,PhoneService
4877-TSOFF,MultipleLines
4877-TSOFF,OnlineSecurity
4877-TSOFF,OnlineBackup
4877-TSOFF,TechSupport
4877-TSOFF,StreamingMovies
4877-TSOFF,InternetService_DSL
9209-NWPGU,PhoneService
9209-NWPGU,OnlineSecurity
9209-NWPGU,TechSupport
9209-NWPGU,StreamingTV
9209-NWPGU,InternetService_DSL
6961-VCPMC,PhoneService
6961-VCPMC,StreamingMovies
6961-VCPMC,InternetService_Fiber
7306-YDSOI,PhoneService
7306-YDSOI,OnlineSecurity
7306-YDSOI,OnlineBackup
7306-YDSOI,DeviceProtection
7306-YDSOI,InternetService_DSL
5288-AHOUP,PhoneService
5288-AHOUP,StreamingMovies
5288-AHOUP,InternetService_Fiber
6688-UZPWD,PhoneService
6688-UZPWD,MultipleLines
6688-UZPWD,OnlineBackup
6688-UZPWD,StreamingTV
6688-UZPWD,StreamingMovies
6688-UZPWD,InternetService_Fiber
0655-YDGFJ,PhoneService
0655-YDGFJ,DeviceProtection
0655-YDGFJ,InternetService_DSL
8468-EHYJA,PhoneService
8468-EHYJA,MultipleLines
8468-EHYJA,OnlineSecurity
8468-EHYJA,StreamingTV
8468-EHYJA,StreamingMovies
8468-EHYJA,InternetService_Fiber
6823-SIDFQ,PhoneService
1097-FSPVW,PhoneService
1097-FSPVW,OnlineSecurity
1097-FSPVW,DeviceProtection
1097-FSPVW,InternetService_DSL
2839-RFSQE,PhoneService
8328-SKJNO,OnlineSecurity
8328-SKJNO,OnlineBackup
8328-SKJNO,TechSupport
8328-SKJNO,InternetService_DSL
7010-ZMVBF,PhoneService
5201-CBWYG,PhoneService
5201-CBWYG,MultipleLines
0968-GSIKN,PhoneService
0968-GSIKN,InternetService_Fiber
1965-DDBWU,PhoneService
1965-DDBWU,MultipleLines
1965-DDBWU,TechSupport
1965-DDBWU,StreamingMovies
1965-DDBWU,InternetService_Fiber
9057-SIHCH,PhoneService
9057-SIHCH,MultipleLines
9057-SIHCH,StreamingTV
9057-SIHCH,StreamingMovies
9057-SIHCH,InternetService_Fiber
6352-GIGGQ,PhoneService
6352-GIGGQ,MultipleLines
6352-GIGGQ,OnlineSecurity
6352-GIGGQ,OnlineBackup
6352-GIGGQ,DeviceProtection
6352-GIGGQ,TechSupport
6352-GIGGQ,StreamingTV
6352-GIGGQ,StreamingMovies
6352-GIGGQ,InternetService_DSL
3635-QQRQD,PhoneService
6771-XWBDM,PhoneService
6771-XWBDM,MultipleLines
6771-XWBDM,OnlineBackup
6771-XWBDM,DeviceProtection
6771-XWBDM,StreamingTV
6771-XWBDM,StreamingMovies
6771-XWBDM,InternetService_Fiber
2897-DOVND,PhoneService
2897-DOVND,InternetService_Fiber
3082-YVEKW,PhoneService
3082-YVEKW,MultipleLines
3082-YVEKW,OnlineSecurity
3082-YVEKW,DeviceProtection
3082-YVEKW,TechSupport
3082-YVEKW,StreamingTV
3082-YVEKW,InternetService_DSL
0191-EQUUH,OnlineSecurity
0191-EQUUH,TechSupport
0191-EQUUH,InternetService_DSL
7134-HBPBS,PhoneService
7134-HBPBS,MultipleLines
7134-HBPBS,OnlineBackup
7134-HBPBS,DeviceProtection
7134-HBPBS,TechSupport
7134-HBPBS,StreamingTV
7134-HBPBS,StreamingMovies
7134-HBPBS,InternetService_Fiber
3489-HHPFY,PhoneService
3489-HHPFY,MultipleLines
3489-HHPFY,StreamingTV
3489-HHPFY,InternetService_Fiber
2926-JEJJC,PhoneService
8601-QACRS,PhoneService
8601-QACRS,MultipleLines
8601-QACRS,InternetService_DSL
4950-BDEUX,DeviceProtection
4950-BDEUX,StreamingTV
4950-BDEUX,StreamingMovies
4950-BDEUX,InternetService_DSL
5789-LDFXO,PhoneService
5789-LDFXO,MultipleLines
0508-OOLTO,PhoneService
0508-OOLTO,InternetService_Fiber
2984-TBYKU,PhoneService
2984-TBYKU,MultipleLines
2984-TBYKU,OnlineSecurity
2984-TBYKU,OnlineBackup
2984-TBYKU,DeviceProtection
2984-TBYKU,TechSupport
2984-TBYKU,StreamingMovies
2984-TBYKU,InternetService_Fiber
9822-WMWVG,PhoneService
9822-WMWVG,MultipleLines
9822-WMWVG,OnlineSecurity
9822-WMWVG,OnlineBackup
9822-WMWVG,DeviceProtection
9822-WMWVG,TechSupport
9822-WMWVG,StreamingTV
9822-WMWVG,InternetService_Fiber
2391-SOORI,PhoneService
2391-SOORI,OnlineSecurity
2391-SOORI,InternetService_DSL
9040-KZVWO,PhoneService
9040-KZVWO,OnlineBackup
9040-KZVWO,InternetService_Fiber
2645-QTLMB,PhoneService
2645-QTLMB,OnlineBackup
2645-QTLMB,StreamingTV
2645-QTLMB,StreamingMovies
2645-QTLMB,InternetService_Fiber
4806-HIPDW,PhoneService
4806-HIPDW,InternetService_Fiber
1548-ARAGG,PhoneService
1548-ARAGG,MultipleLines
1548-ARAGG,OnlineBackup
1548-ARAGG,TechSupport
1548-ARAGG,InternetService_DSL
6339-RZCBJ,PhoneService
6339-RZCBJ,OnlineBackup
6339-RZCBJ,DeviceProtection
6339-RZCBJ,TechSupport
6339-RZCBJ,StreamingTV
6339-RZCBJ,StreamingMovies
6339-RZCBJ,InternetService_DSL
4424-TKOPW,PhoneService
4424-TKOPW,MultipleLines
4424-TKOPW,StreamingTV
4424-TKOPW,StreamingMovies
4424-TKOPW,InternetService_Fiber
4415-WNGVR,PhoneService
4415-WNGVR,OnlineSecurity
4415-WNGVR,DeviceProtection
4415-WNGVR,TechSupport
4415-WNGVR,StreamingTV
4415-WNGVR,StreamingMovies
4415-WNGVR,InternetService_DSL
2522-AHJXR,PhoneService
2522-AHJXR,MultipleLines
2522-AHJXR,OnlineSecurity
2522-AHJXR,DeviceProtection
2522-AHJXR,TechSupport
2522-AHJXR,StreamingTV
2522-AHJXR,StreamingMovies
2522-AHJXR,InternetService_Fiber
0412-UCCNP,PhoneService
0412-UCCNP,OnlineSecurity
0412-UCCNP,DeviceProtection
0412-UCCNP,TechSupport
0412-UCCNP,InternetService_DSL
1816-FLZDK,TechSupport
1816-FLZDK,InternetService_DSL
7096-UCLNH,PhoneService
8443-ZRDBZ,PhoneService
8443-ZRDBZ,MultipleLines
8443-ZRDBZ,InternetService_Fiber
9136-ALYBR,InternetService_DSL
4615-PIVVU,PhoneService
4615-PIVVU,DeviceProtection
4615-PIVVU,TechSupport
4615-PIVVU,StreamingMovies
4615-PIVVU,InternetService_DSL
8885-QSQBX,PhoneService
8885-QSQBX,OnlineSecurity
8885-QSQBX,InternetService_DSL
7479-NITWS,PhoneService
7479-NITWS,MultipleLines
7479-NITWS,DeviceProtection
7479-NITWS,StreamingTV
7479-NITWS,InternetService_Fiber
8617-ENBDS,PhoneService
8617-ENBDS,DeviceProtection
8617-ENBDS,InternetService_Fiber
9385-NXKDA,PhoneService
9385-NXKDA,MultipleLines
9385-NXKDA,OnlineSecurity
9385-NXKDA,OnlineBackup
9385-NXKDA,DeviceProtection
9385-NXKDA,StreamingTV
9385-NXKDA,StreamingMovies
9385-NXKDA,InternetService_DSL
0430-IHCDJ,PhoneService
0430-IHCDJ,MultipleLines
0430-IHCDJ,InternetService_DSL
2959-MJHIC,PhoneService
2959-MJHIC,StreamingTV
2959-MJHIC,InternetService_Fiber
6674-KVJHG,PhoneService
6674-KVJHG,MultipleLines
1814-DKOLC,PhoneService
1814-DKOLC,MultipleLines
4201-JMNGR,PhoneService
4201-JMNGR,OnlineSecurity
4201-JMNGR,DeviceProtection
4201-JMNGR,InternetService_DSL
9351-HXDMR,PhoneService
9351-HXDMR,MultipleLines
9351-HXDMR,OnlineSecurity
9351-HXDMR,DeviceProtection
9351-HXDMR,TechSupport
9351-HXDMR,StreamingTV
9351-HXDMR,StreamingMovies
9351-HXDMR,InternetService_Fiber
3537-HPKQT,PhoneService
3537-HPKQT,MultipleLines
3537-HPKQT,OnlineBackup
3537-HPKQT,InternetService_Fiber
2129-ALKBS,PhoneService
2129-ALKBS,MultipleLines
5821-MMEIL,PhoneService
5960-WPXQM,PhoneService
5960-WPXQM,StreamingTV
5960-WPXQM,InternetService_Fiber
0684-AOSIH,PhoneService
0684-AOSIH,OnlineSecurity
0684-AOSIH,StreamingTV
0684-AOSIH,StreamingMovies
0684-AOSIH,InternetService_Fiber
8260-NGFNY,InternetService_DSL
1309-XGFSN,PhoneService
1309-XGFSN,MultipleLines
1309-XGFSN,OnlineBackup
1309-XGFSN,DeviceProtection
1309-XGFSN,StreamingTV
1309-XGFSN,StreamingMovies
1309-XGFSN,InternetService_DSL
1866-RZZQS,PhoneService
1866-RZZQS,MultipleLines
1866-RZZQS,DeviceProtection
1866-RZZQS,StreamingTV
1866-RZZQS,StreamingMovies
1866-RZZQS,InternetService_Fiber
6968-URWQU,PhoneService
6968-URWQU,StreamingTV
6968-URWQU,InternetService_DSL
4742-TXUEX,PhoneService
9631-XEYKE,PhoneService
9631-XEYKE,MultipleLines
9631-XEYKE,InternetService_DSL
8631-NBHFZ,PhoneService
8631-NBHFZ,MultipleLines
8631-NBHFZ,OnlineSecurity
8631-NBHFZ,OnlineBackup
8631-NBHFZ,DeviceProtection
8631-NBHFZ,TechSupport
8631-NBHFZ,StreamingTV
8631-NBHFZ,InternetService_DSL
1335-MXCSE,PhoneService
1335-MXCSE,DeviceProtection
1335-MXCSE,TechSupport
1335-MXCSE,InternetService_DSL
8873-TMKGR,PhoneService
8800-JOOCF,PhoneService
8800-JOOCF,MultipleLines
8800-JOOCF,StreamingTV
8800-JOOCF,InternetService_Fiber
1469-LBJQJ,PhoneService
1469-LBJQJ,MultipleLines
1469-LBJQJ,OnlineBackup
1469-LBJQJ,DeviceProtection
1469-LBJQJ,StreamingTV
1469-LBJQJ,StreamingMovies
1469-LBJQJ,InternetService_Fiber
4958-XCBDQ,PhoneService
4958-XCBDQ,MultipleLines
4958-XCBDQ,DeviceProtection
4958-XCBDQ,StreamingTV
4958-XCBDQ,StreamingMovies
4958-XCBDQ,InternetService_Fiber
8337-UPOAQ,PhoneService
8337-UPOAQ,MultipleLines
8337-UPOAQ,DeviceProtection
8337-UPOAQ,StreamingMovies
8337-UPOAQ,InternetService_Fiber
0064-YIJGF,PhoneService
0064-YIJGF,MultipleLines
0064-YIJGF,InternetService_Fiber
2386-OWURY,PhoneService
2386-OWURY,TechSupport
2386-OWURY,StreamingTV
2386-OWURY,StreamingMovies
2386-OWURY,InternetService_Fiber
1725-IQNIY,PhoneService
1725-IQNIY,OnlineSecurity
1725-IQNIY,OnlineBackup
1725-IQNIY,DeviceProtection
1725-IQNIY,TechSupport
1725-IQNIY,StreamingTV
1725-IQNIY,StreamingMovies
1725-IQNIY,InternetService_Fiber
0310-VQXAM,PhoneService
6598-RFFVI,PhoneService
3453-RTHJQ,PhoneService
3453-RTHJQ,InternetService_Fiber
6712-OAWRH,PhoneService
6712-OAWRH,StreamingTV
6712-OAWRH,StreamingMovies
6712-OAWRH,InternetService_Fiber
6278-FEPBZ,PhoneService
4280-DLSHD,PhoneService
4280-DLSHD,OnlineBackup
4280-DLSHD,DeviceProtection
4280-DLSHD,InternetService_DSL
1508-DFXCU,PhoneService
1508-DFXCU,StreamingTV
1508-DFXCU,InternetService_Fiber
8614-VGMMV,PhoneService
8614-VGMMV,MultipleLines
8614-VGMMV,InternetService_DSL
7868-BGSZA,PhoneService
7868-BGSZA,MultipleLines
7868-BGSZA,OnlineSecurity
7868-BGSZA,DeviceProtection
7868-BGSZA,StreamingTV
7868-BGSZA,StreamingMovies
7868-BGSZA,InternetService_DSL
2800-QQUSO,PhoneService
2800-QQUSO,MultipleLines
2800-QQUSO,TechSupport
2800-QQUSO,StreamingTV
2800-QQUSO,StreamingMovies
2800-QQUSO,InternetService_Fiber
2930-UOTMB,PhoneService
2930-UOTMB,MultipleLines
2930-UOTMB,OnlineSecurity
2930-UOTMB,DeviceProtection
2930-UOTMB,TechSupport
2930-UOTMB,InternetService_DSL
7973-DZRKH,PhoneService
7973-DZRKH,MultipleLines
7973-DZRKH,OnlineSecurity
7973-DZRKH,DeviceProtection
7973-DZRKH,TechSupport
7973-DZRKH,InternetService_Fiber
5914-DVBWJ,PhoneService
5914-DVBWJ,MultipleLines
5914-DVBWJ,OnlineBackup
5914-DVBWJ,TechSupport
5914-DVBWJ,InternetService_Fiber
7698-YFGEZ,PhoneService
2533-QVMSK,PhoneService
2533-QVMSK,MultipleLines
2533-QVMSK,OnlineBackup
2533-QVMSK,TechSupport
2533-QVMSK,StreamingTV
2533-QVMSK,InternetService_Fiber
9773-PEQBZ,PhoneService
9773-PEQBZ,MultipleLines
9773-PEQBZ,OnlineBackup
9773-PEQBZ,InternetService_Fiber
8644-XLFBW,PhoneService
8644-XLFBW,InternetService_Fiber
0650-BWOZN,PhoneService
0650-BWOZN,OnlineBackup
0650-BWOZN,InternetService_Fiber
8625-AZYZY,PhoneService
8625-AZYZY,MultipleLines
8625-AZYZY,OnlineBackup
8625-AZYZY,DeviceProtection
8625-AZYZY,StreamingTV
8625-AZYZY,StreamingMovies
8625-AZYZY,InternetService_Fiber
7785-RDVIG,PhoneService
9602-WCXPI,PhoneService
2903-YYTBW,PhoneService
2903-YYTBW,InternetService_DSL
3620-MWJNE,PhoneService
3620-MWJNE,OnlineSecurity
3620-MWJNE,TechSupport
3620-MWJNE,InternetService_DSL
8573-JGCZW,PhoneService
6837-HAEVO,PhoneService
6837-HAEVO,MultipleLines
6837-HAEVO,OnlineBackup
6837-HAEVO,DeviceProtection
6837-HAEVO,StreamingTV
6837-HAEVO,StreamingMovies
6837-HAEVO,InternetService_Fiber
6701-YVNQG,PhoneService
6701-YVNQG,MultipleLines
6701-YVNQG,OnlineSecurity
6701-YVNQG,OnlineBackup
6701-YVNQG,DeviceProtection
6701-YVNQG,TechSupport
6701-YVNQG,StreamingTV
6701-YVNQG,StreamingMovies
6701-YVNQG,InternetService_DSL
9306-CPCBC,PhoneService
9306-CPCBC,MultipleLines
9306-CPCBC,InternetService_Fiber
4304-XUMGI,PhoneService
4304-XUMGI,MultipleLines
4304-XUMGI,OnlineSecurity
4304-XUMGI,OnlineBackup
4304-XUMGI,DeviceProtection
4304-XUMGI,StreamingMovies
4304-XUMGI,InternetService_DSL
9504-YAZWB,PhoneService
8819-ZBYNA,PhoneService
8819-ZBYNA,MultipleLines
8819-ZBYNA,OnlineSecurity
8819-ZBYNA,OnlineBackup
8819-ZBYNA,TechSupport
8819-ZBYNA,StreamingTV
8819-ZBYNA,StreamingMovies
8819-ZBYNA,InternetService_Fiber
6174-NRBTZ,OnlineSecurity
6174-NRBTZ,InternetService_DSL
9481-IEBZY,PhoneService
9481-IEBZY,MultipleLines
9481-IEBZY,OnlineSecurity
9481-IEBZY,OnlineBackup
9481-IEBZY,DeviceProtection
9481-IEBZY,TechSupport
9481-IEBZY,StreamingTV
9481-IEBZY,StreamingMovies
9481-IEBZY,InternetService_Fiber
1833-VGRUM,PhoneService
1833-VGRUM,MultipleLines
1833-VGRUM,InternetService_Fiber
6137-NICCO,PhoneService
6137-NICCO,MultipleLines
6137-NICCO,OnlineBackup
6137-NICCO,DeviceProtection
6137-NICCO,StreamingTV
6137-NICCO,InternetService_Fiber
9065-ZCPQX,PhoneService
9065-ZCPQX,MultipleLines
9065-ZCPQX,OnlineSecurity
9065-ZCPQX,OnlineBackup
9065-ZCPQX,DeviceProtection
9065-ZCPQX,TechSupport
9065-ZCPQX,StreamingMovies
9065-ZCPQX,InternetService_DSL
6402-EJMWF,PhoneService
6402-EJMWF,StreamingMovies
6402-EJMWF,InternetService_DSL
3620-EHIMZ,PhoneService
3213-VVOLG,PhoneService
3213-VVOLG,MultipleLines
6870-ECSHE,PhoneService
8747-UDCOI,PhoneService
8374-XGEJJ,PhoneService
8374-XGEJJ,MultipleLines
8374-XGEJJ,OnlineBackup
8374-XGEJJ,StreamingTV
8374-XGEJJ,StreamingMovies
8374-XGEJJ,InternetService_Fiber
2656-TABEH,PhoneService
2656-TABEH,MultipleLines
2656-TABEH,OnlineBackup
2656-TABEH,StreamingTV
2656-TABEH,StreamingMovies
2656-TABEH,InternetService_Fiber
6946-LMSQS,PhoneService
6946-LMSQS,MultipleLines
6946-LMSQS,OnlineSecurity
6946-LMSQS,StreamingMovies
6946-LMSQS,InternetService_Fiber
4626-OZDTJ,PhoneService
4626-OZDTJ,MultipleLines
4626-OZDTJ,OnlineBackup
4626-OZDTJ,TechSupport
4626-OZDTJ,StreamingTV
4626-OZDTJ,StreamingMovies
4626-OZDTJ,InternetService_DSL
9169-BSVIN,PhoneService
9169-BSVIN,MultipleLines
9169-BSVIN,DeviceProtection
9169-BSVIN,StreamingTV
9169-BSVIN,StreamingMovies
9169-BSVIN,InternetService_DSL
2325-ZUSFD,PhoneService
2325-ZUSFD,OnlineSecurity
2325-ZUSFD,StreamingTV
2325-ZUSFD,StreamingMovies
2325-ZUSFD,InternetService_DSL
8194-PEEBY,PhoneService
6872-HXFNF,PhoneService
6872-HXFNF,MultipleLines
6872-HXFNF,DeviceProtection
6872-HXFNF,TechSupport
6872-HXFNF,InternetService_DSL
3932-CMDTD,PhoneService
3932-CMDTD,OnlineBackup
3932-CMDTD,DeviceProtection
3932-CMDTD,TechSupport
3932-CMDTD,StreamingTV
3932-CMDTD,StreamingMovies
3932-CMDTD,InternetService_Fiber
7714-YXSMB,PhoneService
7714-YXSMB,MultipleLines
7714-YXSMB,DeviceProtection
7714-YXSMB,StreamingTV
7714-YXSMB,StreamingMovies
7714-YXSMB,InternetService_Fiber
8387-UGUSU,PhoneService
1080-BWSYE,PhoneService
1080-BWSYE,MultipleLines
4039-HEUNW,PhoneService
4039-HEUNW,MultipleLines
4039-HEUNW,OnlineBackup
4039-HEUNW,StreamingTV
4039-HEUNW,StreamingMovies
4039-HEUNW,InternetService_Fiber
1194-HVAIF,PhoneService
1194-HVAIF,MultipleLines
1194-HVAIF,StreamingTV
1194-HVAIF,StreamingMovies
1194-HVAIF,InternetService_Fiber
0812-WUPTB,PhoneService
0812-WUPTB,InternetService_Fiber
3594-UVONA,PhoneService
3594-UVONA,MultipleLines
3594-UVONA,OnlineSecurity
3594-UVONA,DeviceProtection
3594-UVONA,TechSupport
3594-UVONA,StreamingTV
3594-UVONA,StreamingMovies
3594-UVONA,InternetService_DSL
0004-TLHLJ,PhoneService
0004-TLHLJ,DeviceProtection
0004-TLHLJ,InternetService_Fiber
1767-TGTKO,PhoneService
1767-TGTKO,InternetService_DSL
8439-LTUGF,PhoneService
8805-JNRAZ,PhoneService
8805-JNRAZ,OnlineBackup
8805-JNRAZ,InternetService_DSL
5089-IFSDP,PhoneService
5089-IFSDP,MultipleLines
5089-IFSDP,OnlineSecurity
5089-IFSDP,OnlineBackup
5089-IFSDP,DeviceProtection
5089-IFSDP,StreamingTV
5089-IFSDP,StreamingMovies
5089-IFSDP,InternetService_Fiber
6418-HNFED,PhoneService
6418-HNFED,OnlineSecurity
6418-HNFED,OnlineBackup
6418-HNFED,DeviceProtection
6418-HNFED,TechSupport
6418-HNFED,StreamingTV
6418-HNFED,StreamingMovies
6418-HNFED,InternetService_DSL
0206-OYVOC,PhoneService
7291-CDTMJ,PhoneService
7128-GGCNO,PhoneService
7128-GGCNO,MultipleLines
7128-GGCNO,InternetService_Fiber
0237-YFUTL,PhoneService
0237-YFUTL,MultipleLines
0237-YFUTL,OnlineSecurity
0237-YFUTL,OnlineBackup
0237-YFUTL,TechSupport
0237-YFUTL,StreamingTV
0237-YFUTL,StreamingMovies
0237-YFUTL,InternetService_Fiber
7691-KGKGP,PhoneService
7691-KGKGP,OnlineBackup
7691-KGKGP,TechSupport
7691-KGKGP,StreamingTV
7691-KGKGP,InternetService_DSL
6710-HSJRD,PhoneService
6710-HSJRD,MultipleLines
6710-HSJRD,OnlineBackup
6710-HSJRD,DeviceProtection
6710-HSJRD,TechSupport
6710-HSJRD,StreamingTV
6710-HSJRD,StreamingMovies
6710-HSJRD,InternetService_Fiber
3675-EQOZA,PhoneService
0840-DCNZE,PhoneService
0840-DCNZE,OnlineSecurity
0840-DCNZE,OnlineBackup
0840-DCNZE,DeviceProtection
0840-DCNZE,TechSupport
0840-DCNZE,StreamingTV
0840-DCNZE,StreamingMovies
0840-DCNZE,InternetService_DSL
1732-FEKLD,PhoneService
1732-FEKLD,MultipleLines
1732-FEKLD,OnlineBackup
1732-FEKLD,DeviceProtection
1732-FEKLD,StreamingTV
1732-FEKLD,InternetService_Fiber
9862-KJTYK,InternetService_DSL
0479-HMSWA,PhoneService
0479-HMSWA,OnlineBackup
0479-HMSWA,DeviceProtection
0479-HMSWA,TechSupport
0479-HMSWA,StreamingTV
0479-HMSWA,StreamingMovies
0479-HMSWA,InternetService_Fiber
5854-KSRBJ,PhoneService
5854-KSRBJ,MultipleLines
0365-BZUWY,PhoneService
0365-BZUWY,MultipleLines
0365-BZUWY,OnlineBackup
0365-BZUWY,DeviceProtection
0365-BZUWY,StreamingTV
0365-BZUWY,StreamingMovies
0365-BZUWY,InternetService_Fiber
4817-VYYWS,PhoneService
4817-VYYWS,MultipleLines
4817-VYYWS,OnlineBackup
4817-VYYWS,StreamingTV
4817-VYYWS,StreamingMovies
4817-VYYWS,InternetService_Fiber
5701-SVCWR,PhoneService
5701-SVCWR,MultipleLines
3129-AAQOU,PhoneService
3129-AAQOU,MultipleLines
4922-CVPDX,PhoneService
4922-CVPDX,OnlineBackup
4922-CVPDX,DeviceProtection
4922-CVPDX,StreamingTV
4922-CVPDX,StreamingMovies
4922-CVPDX,InternetService_DSL
1396-QWFBJ,PhoneService
1396-QWFBJ,OnlineBackup
1396-QWFBJ,InternetService_Fiber
1357-BIJKI,PhoneService
1357-BIJKI,MultipleLines
1357-BIJKI,OnlineBackup
1357-BIJKI,StreamingTV
1357-BIJKI,StreamingMovies
1357-BIJKI,InternetService_Fiber
1099-BTKWT,OnlineSecurity
1099-BTKWT,DeviceProtection
1099-BTKWT,StreamingTV
1099-BTKWT,StreamingMovies
1099-BTKWT,InternetService_DSL
5299-SJCZT,PhoneService
5299-SJCZT,MultipleLines
5299-SJCZT,DeviceProtection
5299-SJCZT,StreamingTV
5299-SJCZT,StreamingMovies
5299-SJCZT,InternetService_Fiber
2018-PZKMU,PhoneService
2018-PZKMU,DeviceProtection
2018-PZKMU,TechSupport
2018-PZKMU,StreamingTV
2018-PZKMU,StreamingMovies
2018-PZKMU,InternetService_Fiber
7340-KEFQE,OnlineSecurity
7340-KEFQE,TechSupport
7340-KEFQE,InternetService_DSL
4570-QHXHL,PhoneService
4570-QHXHL,InternetService_DSL
2403-BCASL,PhoneService
2403-BCASL,MultipleLines
2403-BCASL,OnlineBackup
2403-BCASL,DeviceProtection
2403-BCASL,TechSupport
2403-BCASL,StreamingTV
2403-BCASL,StreamingMovies
2403-BCASL,InternetService_Fiber
7392-YYPYJ,PhoneService
7392-YYPYJ,MultipleLines
7392-YYPYJ,OnlineBackup
7392-YYPYJ,StreamingTV
7392-YYPYJ,StreamingMovies
7392-YYPYJ,InternetService_Fiber
2898-LSJGD,OnlineSecurity
2898-LSJGD,DeviceProtection
2898-LSJGD,StreamingTV
2898-LSJGD,StreamingMovies
2898-LSJGD,InternetService_DSL
2223-GDSHL,PhoneService
2223-GDSHL,MultipleLines
2223-GDSHL,OnlineSecurity
2223-GDSHL,OnlineBackup
2223-GDSHL,DeviceProtection
2223-GDSHL,TechSupport
2223-GDSHL,StreamingTV
2223-GDSHL,StreamingMovies
2223-GDSHL,InternetService_Fiber
7359-PTSXY,PhoneService
7359-PTSXY,InternetService_DSL
9470-RTWDV,PhoneService
9470-RTWDV,MultipleLines
9470-RTWDV,DeviceProtection
9470-RTWDV,TechSupport
9470-RTWDV,StreamingTV
9470-RTWDV,StreamingMovies
9470-RTWDV,InternetService_DSL
2176-OSJUV,PhoneService
2176-OSJUV,MultipleLines
2176-OSJUV,OnlineSecurity
2176-OSJUV,OnlineBackup
2176-OSJUV,TechSupport
2176-OSJUV,InternetService_DSL
9348-YVOMK,PhoneService
9348-YVOMK,InternetService_DSL
8104-OSKWT,PhoneService
8104-OSKWT,MultipleLines
8104-OSKWT,OnlineSecurity
8104-OSKWT,InternetService_Fiber
4521-YEEHE,PhoneService
4521-YEEHE,MultipleLines
4521-YEEHE,TechSupport
4521-YEEHE,StreamingTV
4521-YEEHE,InternetService_Fiber
4090-KPJIP,PhoneService
4090-KPJIP,MultipleLines
4090-KPJIP,InternetService_Fiber
3786-WOVKF,PhoneService
3786-WOVKF,MultipleLines
3786-WOVKF,OnlineSecurity
3786-WOVKF,OnlineBackup
3786-WOVKF,StreamingTV
3786-WOVKF,StreamingMovies
3786-WOVKF,InternetService_Fiber
4503-BDXBD,PhoneService
4503-BDXBD,OnlineBackup
4503-BDXBD,InternetService_Fiber
6086-ESGRL,PhoneService
6086-ESGRL,StreamingMovies
6086-ESGRL,InternetService_Fiber
2592-HODOV,PhoneService
3886-CERTZ,PhoneService
3886-CERTZ,MultipleLines
3886-CERTZ,OnlineBackup
3886-CERTZ,DeviceProtection
3886-CERTZ,TechSupport
3886-CERTZ,StreamingTV
3886-CERTZ,StreamingMovies
3886-CERTZ,InternetService_Fiber
7995-ZHHNZ,PhoneService
7995-ZHHNZ,MultipleLines
7995-ZHHNZ,OnlineSecurity
7995-ZHHNZ,InternetService_DSL
3824-RHKVR,PhoneService
5816-SCGFC,PhoneService
5816-SCGFC,OnlineBackup
5816-SCGFC,InternetService_DSL
5989-AXPUC,PhoneService
5989-AXPUC,MultipleLines
5989-AXPUC,OnlineSecurity
5989-AXPUC,OnlineBackup
5989-AXPUC,DeviceProtection
5989-AXPUC,TechSupport
5989-AXPUC,StreamingTV
5989-AXPUC,StreamingMovies
5989-AXPUC,InternetService_Fiber
4979-HPRFL,PhoneService
4979-HPRFL,MultipleLines
8590-OHDIW,PhoneService
8015-IHCGW,PhoneService
8015-IHCGW,MultipleLines
8015-IHCGW,OnlineSecurity
8015-IHCGW,OnlineBackup
8015-IHCGW,DeviceProtection
8015-IHCGW,TechSupport
8015-IHCGW,StreamingTV
8015-IHCGW,StreamingMovies
8015-IHCGW,InternetService_Fiber
2332-TODQS,PhoneService
2332-TODQS,MultipleLines
9278-VZKCD,PhoneService
9278-VZKCD,MultipleLines
9278-VZKCD,OnlineSecurity
9278-VZKCD,OnlineBackup
9278-VZKCD,DeviceProtection
9278-VZKCD,StreamingTV
9278-VZKCD,StreamingMovies
9278-VZKCD,InternetService_Fiber
8008-OTEZX,PhoneService
2773-OVBPK,PhoneService
2773-OVBPK,MultipleLines
2773-OVBPK,OnlineBackup
2773-OVBPK,DeviceProtection
2773-OVBPK,TechSupport
2773-OVBPK,StreamingTV
2773-OVBPK,StreamingMovies
2773-OVBPK,InternetService_Fiber
5999-LCXAO,OnlineSecurity
5999-LCXAO,InternetService_DSL
5206-XZZQI,PhoneService
5206-XZZQI,OnlineBackup
5206-XZZQI,TechSupport
5206-XZZQI,InternetService_Fiber
4803-LBYPN,PhoneService
5759-RCVCB,StreamingTV
5759-RCVCB,InternetService_DSL
6372-RFVNS,PhoneService
6372-RFVNS,StreamingTV
6372-RFVNS,InternetService_Fiber
2139-FQHLM,PhoneService
2139-FQHLM,DeviceProtection
2139-FQHLM,TechSupport
2139-FQHLM,StreamingTV
2139-FQHLM,InternetService_Fiber
8261-GWDBQ,PhoneService
8261-GWDBQ,MultipleLines
8261-GWDBQ,OnlineSecurity
8261-GWDBQ,OnlineBackup
8261-GWDBQ,DeviceProtection
8261-GWDBQ,TechSupport
8261-GWDBQ,StreamingTV
8261-GWDBQ,StreamingMovies
8261-GWDBQ,InternetService_Fiber
1093-YSWCA,PhoneService
8938-UMKPI,PhoneService
8938-UMKPI,MultipleLines
8938-UMKPI,OnlineBackup
8938-UMKPI,DeviceProtection
8938-UMKPI,StreamingTV
8938-UMKPI,StreamingMovies
8938-UMKPI,InternetService_Fiber
0991-BRRFB,PhoneService
0991-BRRFB,OnlineSecurity
0991-BRRFB,InternetService_DSL
3882-IYOIJ,PhoneService
3882-IYOIJ,MultipleLines
3882-IYOIJ,OnlineSecurity
3882-IYOIJ,OnlineBackup
3882-IYOIJ,DeviceProtection
3882-IYOIJ,TechSupport
3882-IYOIJ,StreamingTV
3882-IYOIJ,StreamingMovies
3882-IYOIJ,InternetService_Fiber
8749-TZYEC,PhoneService
8749-TZYEC,MultipleLines
1755-FZQEC,PhoneService
3115-JPJDD,PhoneService
3115-JPJDD,OnlineSecurity
3115-JPJDD,DeviceProtection
3115-JPJDD,InternetService_Fiber
5600-KTXFM,PhoneService
5600-KTXFM,InternetService_Fiber
3871-IKPYH,PhoneService
3871-IKPYH,InternetService_Fiber
6319-IEJWJ,PhoneService
6319-IEJWJ,StreamingTV
6319-IEJWJ,StreamingMovies
6319-IEJWJ,InternetService_Fiber
9025-AOMKI,PhoneService
9025-AOMKI,MultipleLines
9025-AOMKI,StreamingTV
9025-AOMKI,StreamingMovies
9025-AOMKI,InternetService_Fiber
6339-TBELP,PhoneService
6339-TBELP,MultipleLines
6339-TBELP,DeviceProtection
6339-TBELP,TechSupport
6339-TBELP,InternetService_Fiber
7964-YESJC,PhoneService
7964-YESJC,MultipleLines
7964-YESJC,OnlineSecurity
7964-YESJC,OnlineBackup
7964-YESJC,DeviceProtection
7964-YESJC,InternetService_DSL
6173-GOLSU,PhoneService
6173-GOLSU,MultipleLines
6173-GOLSU,StreamingTV
6173-GOLSU,StreamingMovies
6173-GOLSU,InternetService_Fiber
5275-SQEIZ,PhoneService
5275-SQEIZ,StreamingMovies
5275-SQEIZ,InternetService_Fiber
7716-YTYHG,PhoneService
7716-YTYHG,MultipleLines
7716-YTYHG,StreamingMovies
7716-YTYHG,InternetService_Fiber
9938-ZREHM,PhoneService
9938-ZREHM,MultipleLines
9938-ZREHM,OnlineBackup
9938-ZREHM,TechSupport
9938-ZREHM,StreamingMovies
9938-ZREHM,InternetService_DSL
7950-XWOVN,OnlineBackup
7950-XWOVN,DeviceProtection
7950-XWOVN,InternetService_DSL
4390-KYULV,PhoneService
4647-MUZON,PhoneService
4647-MUZON,DeviceProtection
4647-MUZON,StreamingTV
4647-MUZON,StreamingMovies
4647-MUZON,InternetService_Fiber
9702-AIUJO,PhoneService
9702-AIUJO,InternetService_DSL
8849-PRIQJ,PhoneService
8849-PRIQJ,MultipleLines
8849-PRIQJ,OnlineSecurity
8849-PRIQJ,DeviceProtection
8849-PRIQJ,TechSupport
8849-PRIQJ,StreamingTV
8849-PRIQJ,StreamingMovies
8849-PRIQJ,InternetService_Fiber
8851-RAGOV,PhoneService
8851-RAGOV,OnlineSecurity
8851-RAGOV,OnlineBackup
8851-RAGOV,TechSupport
8851-RAGOV,StreamingMovies
8851-RAGOV,InternetService_DSL
1304-NECVQ,PhoneService
1304-NECVQ,MultipleLines
1304-NECVQ,DeviceProtection
1304-NECVQ,InternetService_Fiber
5396-IZEPB,PhoneService
1729-VLAZJ,OnlineSecurity
1729-VLAZJ,OnlineBackup
1729-VLAZJ,TechSupport
1729-VLAZJ,InternetService_DSL
8285-ABVLB,PhoneService
0701-TJSEF,PhoneService
0701-TJSEF,OnlineSecurity
0701-TJSEF,DeviceProtection
0701-TJSEF,TechSupport
0701-TJSEF,StreamingMovies
0701-TJSEF,InternetService_DSL
5712-VBOXD,PhoneService
6629-LADHQ,PhoneService
6629-LADHQ,OnlineSecurity
6629-LADHQ,InternetService_DSL
8945-GRKHX,PhoneService
8945-GRKHX,StreamingMovies
8945-GRKHX,InternetService_Fiber
1559-DTODC,InternetService_DSL
4797-MIWUM,PhoneService
6959-UWKHF,PhoneService
6959-UWKHF,InternetService_DSL
8720-RQSBJ,PhoneService
8720-RQSBJ,InternetService_DSL
4537-CIBHB,PhoneService
3815-SLMEF,OnlineSecurity
3815-SLMEF,TechSupport
3815-SLMEF,InternetService_DSL
5154-VEKBL,OnlineSecurity
5154-VEKBL,DeviceProtection
5154-VEKBL,TechSupport
5154-VEKBL,StreamingTV
5154-VEKBL,StreamingMovies
5154-VEKBL,InternetService_DSL
4324-AHJKS,PhoneService
4324-AHJKS,OnlineSecurity
4324-AHJKS,DeviceProtection
4324-AHJKS,InternetService_DSL
4355-CVPVS,PhoneService
4355-CVPVS,StreamingTV
4355-CVPVS,StreamingMovies
4355-CVPVS,InternetService_Fiber
4495-LHSSK,PhoneService
4495-LHSSK,MultipleLines
4495-LHSSK,OnlineSecurity
4495-LHSSK,InternetService_DSL
5655-JSMZM,PhoneService
5655-JSMZM,MultipleLines
5655-JSMZM,StreamingTV
5655-JSMZM,StreamingMovies
5655-JSMZM,InternetService_Fiber
5915-ANOEI,PhoneService
5915-ANOEI,MultipleLines
5915-ANOEI,OnlineSecurity
5915-ANOEI,OnlineBackup
5915-ANOEI,DeviceProtection
5915-ANOEI,TechSupport
5915-ANOEI,StreamingTV
5915-ANOEI,InternetService_DSL
9861-PDSZP,PhoneService
9861-PDSZP,MultipleLines
9861-PDSZP,OnlineBackup
9861-PDSZP,DeviceProtection
9861-PDSZP,TechSupport
9861-PDSZP,StreamingTV
9861-PDSZP,StreamingMovies
9861-PDSZP,InternetService_Fiber
4505-EXZHB,PhoneService
4505-EXZHB,DeviceProtection
4505-EXZHB,InternetService_Fiber
7225-CBZPL,PhoneService
7225-CBZPL,MultipleLines
7225-CBZPL,StreamingTV
7225-CBZPL,StreamingMovies
7225-CBZPL,InternetService_Fiber
6704-UTUKK,StreamingTV
6704-UTUKK,StreamingMovies
6704-UTUKK,InternetService_DSL
4587-VVTOX,PhoneService
4587-VVTOX,MultipleLines
4587-VVTOX,OnlineBackup
4587-VVTOX,DeviceProtection
4587-VVTOX,StreamingTV
4587-VVTOX,StreamingMovies
4587-VVTOX,InternetService_Fiber
2019-HDCZY,PhoneService
2019-HDCZY,MultipleLines
2019-HDCZY,DeviceProtection
2019-HDCZY,StreamingTV
2019-HDCZY,StreamingMovies
2019-HDCZY,InternetService_Fiber
4652-NNHNY,PhoneService
4652-NNHNY,MultipleLines
4652-NNHNY,InternetService_Fiber
8788-DOXSU,PhoneService
8788-DOXSU,DeviceProtection
8788-DOXSU,StreamingMovies
8788-DOXSU,InternetService_DSL
7404-JLKQG,PhoneService
7404-JLKQG,DeviceProtection
7404-JLKQG,StreamingTV
7404-JLKQG,InternetService_DSL
7421-ZLUPA,OnlineBackup
7421-ZLUPA,InternetService_DSL
8972-HJWNV,PhoneService
8972-HJWNV,MultipleLines
8972-HJWNV,StreamingMovies
8972-HJWNV,InternetService_Fiber
3274-NSDWE,PhoneService
2632-IVXVF,PhoneService
2632-IVXVF,MultipleLines
2632-IVXVF,OnlineSecurity
2632-IVXVF,DeviceProtection
2632-IVXVF,TechSupport
2632-IVXVF,StreamingTV
2632-IVXVF,StreamingMovies
2632-IVXVF,InternetService_Fiber
3692-JHONH,PhoneService
3692-JHONH,MultipleLines
3692-JHONH,OnlineBackup
3692-JHONH,DeviceProtection
3692-JHONH,StreamingTV
3692-JHONH,StreamingMovies
3692-JHONH,InternetService_Fiber
8915-NNTRC,PhoneService
8915-NNTRC,MultipleLines
8915-NNTRC,OnlineSecurity
8915-NNTRC,OnlineBackup
8915-NNTRC,TechSupport
8915-NNTRC,StreamingTV
8915-NNTRC,StreamingMovies
8915-NNTRC,InternetService_Fiber
5914-GXMDA,PhoneService
7463-IFMQU,PhoneService
2920-RNCEZ,PhoneService
2920-RNCEZ,InternetService_Fiber
2541-YGPKE,PhoneService
2541-YGPKE,OnlineSecurity
2541-YGPKE,TechSupport
2541-YGPKE,StreamingMovies
2541-YGPKE,InternetService_DSL
8515-OCTJS,PhoneService
8515-OCTJS,MultipleLines
5382-TEMLV,PhoneService
5382-TEMLV,OnlineSecurity
5382-TEMLV,InternetService_DSL
3441-CGZJH,OnlineSecurity
3441-CGZJH,DeviceProtection
3441-CGZJH,TechSupport
3441-CGZJH,StreamingTV
3441-CGZJH,StreamingMovies
3441-CGZJH,InternetService_DSL
9592-ERDKV,PhoneService
9592-ERDKV,MultipleLines
9592-ERDKV,OnlineSecurity
9592-ERDKV,DeviceProtection
9592-ERDKV,StreamingTV
9592-ERDKV,StreamingMovies
9592-ERDKV,InternetService_DSL
2860-RANUS,PhoneService
2860-RANUS,MultipleLines
2860-RANUS,StreamingMovies
2860-RANUS,InternetService_Fiber
5261-QSHQM,InternetService_DSL
4778-IZARL,PhoneService
4778-IZARL,OnlineSecurity
4778-IZARL,OnlineBackup
4778-IZARL,DeviceProtection
4778-IZARL,TechSupport
4778-IZARL,StreamingTV
4778-IZARL,StreamingMovies
4778-IZARL,InternetService_Fiber
0432-CAJZV,PhoneService
0432-CAJZV,StreamingTV
0432-CAJZV,StreamingMovies
0432-CAJZV,InternetService_Fiber
7008-LZVOZ,PhoneService
7008-LZVOZ,MultipleLines
8868-WOZGU,PhoneService
8868-WOZGU,MultipleLines
8868-WOZGU,OnlineBackup
8868-WOZGU,DeviceProtection
8868-WOZGU,StreamingTV
8868-WOZGU,StreamingMovies
8868-WOZGU,InternetService_Fiber
1200-TUZHR,PhoneService
1200-TUZHR,MultipleLines
1200-TUZHR,StreamingMovies
1200-TUZHR,InternetService_Fiber
9365-CSLBQ,PhoneService
9365-CSLBQ,MultipleLines
1334-FJSVR,InternetService_DSL
5884-FBCTL,PhoneService
5884-FBCTL,MultipleLines
7130-CTCUS,PhoneService
7130-CTCUS,OnlineSecurity
7130-CTCUS,OnlineBackup
7130-CTCUS,InternetService_DSL
6242-FEGFD,PhoneService
6242-FEGFD,MultipleLines
6242-FEGFD,OnlineSecurity
6242-FEGFD,OnlineBackup
6242-FEGFD,DeviceProtection
6242-FEGFD,TechSupport
6242-FEGFD,InternetService_Fiber
7625-XCQRH,PhoneService
7625-XCQRH,MultipleLines
7625-XCQRH,InternetService_Fiber
6194-HBGQN,PhoneService
6194-HBGQN,MultipleLines
6194-HBGQN,OnlineSecurity
6194-HBGQN,OnlineBackup
6194-HBGQN,DeviceProtection
6194-HBGQN,TechSupport
6194-HBGQN,StreamingTV
6194-HBGQN,InternetService_DSL
7634-WSWDB,OnlineSecurity
7634-WSWDB,StreamingMovies
7634-WSWDB,InternetService_DSL
6986-IXNDM,PhoneService
6986-IXNDM,StreamingTV
6986-IXNDM,StreamingMovies
6986-IXNDM,InternetService_Fiber
1731-TVIUK,PhoneService
1731-TVIUK,MultipleLines
1731-TVIUK,OnlineBackup
1731-TVIUK,TechSupport
1731-TVIUK,StreamingMovies
1731-TVIUK,InternetService_Fiber
2987-BJXIK,PhoneService
2987-BJXIK,MultipleLines
2987-BJXIK,OnlineSecurity
2987-BJXIK,OnlineBackup
2987-BJXIK,DeviceProtection
2987-BJXIK,StreamingTV
2987-BJXIK,StreamingMovies
2987-BJXIK,InternetService_DSL
9769-TSBZE,PhoneService
9769-TSBZE,MultipleLines
9769-TSBZE,OnlineSecurity
9769-TSBZE,OnlineBackup
9769-TSBZE,TechSupport
9769-TSBZE,InternetService_DSL
0406-BPDVR,PhoneService
0406-BPDVR,MultipleLines
0406-BPDVR,OnlineBackup
0406-BPDVR,StreamingTV
0406-BPDVR,StreamingMovies
0406-BPDVR,InternetService_Fiber
0618-XWMSS,PhoneService
0618-XWMSS,OnlineSecurity
0618-XWMSS,InternetService_Fiber
1395-WSWXR,PhoneService
6023-GSSXW,PhoneService
6023-GSSXW,OnlineBackup
6023-GSSXW,StreamingMovies
6023-GSSXW,InternetService_DSL
6752-APNJL,PhoneService
6752-APNJL,OnlineSecurity
6752-APNJL,OnlineBackup
6752-APNJL,InternetService_DSL
5276-KQWHG,PhoneService
5276-KQWHG,InternetService_Fiber
0420-HLGXF,PhoneService
0420-HLGXF,MultipleLines
0420-HLGXF,DeviceProtection
0420-HLGXF,StreamingTV
0420-HLGXF,StreamingMovies
0420-HLGXF,InternetService_Fiber
7446-KQISO,PhoneService
7446-KQISO,MultipleLines
7446-KQISO,OnlineBackup
7446-KQISO,DeviceProtection
7446-KQISO,TechSupport
7446-KQISO,StreamingTV
7446-KQISO,StreamingMovies
7446-KQISO,InternetService_Fiber
9823-EALYC,PhoneService
9823-EALYC,MultipleLines
9823-EALYC,OnlineSecurity
9823-EALYC,OnlineBackup
9823-EALYC,DeviceProtection
9823-EALYC,TechSupport
9823-EALYC,StreamingTV
9823-EALYC,InternetService_DSL
0582-AVCLN,PhoneService
5803-NQJZO,PhoneService
5803-NQJZO,MultipleLines
5803-NQJZO,OnlineSecurity
5803-NQJZO,OnlineBackup
5803-NQJZO,DeviceProtection
5803-NQJZO,TechSupport
5803-NQJZO,InternetService_DSL
2565-JSLRY,PhoneService
2565-JSLRY,MultipleLines
2607-DHDAK,PhoneService
1073-XXCZD,PhoneService
1073-XXCZD,MultipleLines
0743-HRVFF,DeviceProtection
0743-HRVFF,TechSupport
0743-HRVFF,StreamingTV
0743-HRVFF,StreamingMovies
0743-HRVFF,InternetService_DSL
4006-HKYHO,PhoneService
4006-HKYHO,OnlineSecurity
4006-HKYHO,OnlineBackup
4006-HKYHO,DeviceProtection
4006-HKYHO,TechSupport
4006-HKYHO,StreamingTV
4006-HKYHO,StreamingMovies
4006-HKYHO,InternetService_DSL
3727-JEZTU,PhoneService
8143-ETQTI,PhoneService
6689-KXGBO,PhoneService
6689-KXGBO,OnlineBackup
6689-KXGBO,InternetService_DSL
9667-TKTVZ,PhoneService
9667-TKTVZ,MultipleLines
9667-TKTVZ,TechSupport
9667-TKTVZ,InternetService_DSL
3657-COGMW,PhoneService
3657-COGMW,MultipleLines
3657-COGMW,OnlineSecurity
3657-COGMW,OnlineBackup
3657-COGMW,DeviceProtection
3657-COGMW,StreamingTV
3657-COGMW,StreamingMovies
3657-COGMW,InternetService_Fiber
8570-KLJYJ,PhoneService
8570-KLJYJ,MultipleLines
8570-KLJYJ,OnlineSecurity
8570-KLJYJ,InternetService_DSL
7754-IXRMC,PhoneService
7754-IXRMC,InternetService_DSL
9473-CBZOP,PhoneService
9473-CBZOP,MultipleLines
9473-CBZOP,OnlineSecurity
9473-CBZOP,DeviceProtection
9473-CBZOP,InternetService_DSL
2969-WGHQO,PhoneService
2969-WGHQO,OnlineSecurity
2969-WGHQO,OnlineBackup
2969-WGHQO,DeviceProtection
2969-WGHQO,StreamingTV
2969-WGHQO,InternetService_DSL
6615-NGGZJ,PhoneService
6615-NGGZJ,MultipleLines
6615-NGGZJ,OnlineBackup
6615-NGGZJ,StreamingTV
6615-NGGZJ,StreamingMovies
6615-NGGZJ,InternetService_Fiber
4334-HOWRP,OnlineSecurity
4334-HOWRP,OnlineBackup
4334-HOWRP,DeviceProtection
4334-HOWRP,TechSupport
4334-HOWRP,StreamingTV
4334-HOWRP,StreamingMovies
4334-HOWRP,InternetService_DSL
4255-DDUOU,PhoneService
5863-OOKCL,PhoneService
1686-STUHN,PhoneService
1329-VHWNP,InternetService_DSL
2984-MIIZL,PhoneService
2984-MIIZL,DeviceProtection
2984-MIIZL,InternetService_Fiber
0266-GMEAO,PhoneService
0266-GMEAO,MultipleLines
0266-GMEAO,OnlineSecurity
0266-GMEAO,OnlineBackup
0266-GMEAO,DeviceProtection
0266-GMEAO,TechSupport
0266-GMEAO,StreamingTV
0266-GMEAO,StreamingMovies
0266-GMEAO,InternetService_Fiber
5590-YRFJT,InternetService_DSL
5574-NXZIU,PhoneService
5574-NXZIU,OnlineSecurity
5574-NXZIU,OnlineBackup
5574-NXZIU,DeviceProtection
5574-NXZIU,TechSupport
5574-NXZIU,StreamingTV
5574-NXZIU,StreamingMovies
5574-NXZIU,InternetService_Fiber
0019-GFNTW,OnlineSecurity
0019-GFNTW,OnlineBackup
0019-GFNTW,DeviceProtection
0019-GFNTW,TechSupport
0019-GFNTW,InternetService_DSL
4256-ZWTZI,PhoneService
4256-ZWTZI,TechSupport
4256-ZWTZI,InternetService_DSL
8309-PPCED,PhoneService
8309-PPCED,MultipleLines
8309-PPCED,OnlineBackup
8309-PPCED,DeviceProtection
8309-PPCED,TechSupport
8309-PPCED,StreamingTV
8309-PPCED,StreamingMovies
8309-PPCED,InternetService_Fiber
4098-NAUKP,PhoneService
4098-NAUKP,MultipleLines
4098-NAUKP,OnlineBackup
4098-NAUKP,DeviceProtection
4098-NAUKP,InternetService_Fiber
5196-WPYOW,PhoneService
5196-WPYOW,OnlineSecurity
5196-WPYOW,OnlineBackup
5196-WPYOW,TechSupport
5196-WPYOW,InternetService_DSL
4608-LCIMN,PhoneService
4608-LCIMN,InternetService_DSL
1485-YDHMM,PhoneService
1485-YDHMM,MultipleLines
1485-YDHMM,OnlineBackup
1485-YDHMM,TechSupport
1485-YDHMM,StreamingMovies
1485-YDHMM,InternetService_Fiber
4054-CUMIA,PhoneService
0603-TPMIB,PhoneService
0603-TPMIB,MultipleLines
2525-GVKQU,PhoneService
8161-QYMTT,PhoneService
8161-QYMTT,MultipleLines
8161-QYMTT,StreamingTV
8161-QYMTT,StreamingMovies
8161-QYMTT,InternetService_Fiber
9581-GVBXT,OnlineSecurity
9581-GVBXT,DeviceProtection
9581-GVBXT,InternetService_DSL
5862-BRIXZ,OnlineSecurity
5862-BRIXZ,DeviceProtection
5862-BRIXZ,TechSupport
5862-BRIXZ,StreamingTV
5862-BRIXZ,StreamingMovies
5862-BRIXZ,InternetService_DSL
5404-GGUKR,PhoneService
5404-GGUKR,OnlineBackup
5404-GGUKR,InternetService_DSL
3308-JSGML,OnlineSecurity
3308-JSGML,DeviceProtection
3308-JSGML,TechSupport
3308-JSGML,StreamingTV
3308-JSGML,StreamingMovies
3308-JSGML,InternetService_DSL
2126-GSEGL,PhoneService
2126-GSEGL,MultipleLines
2126-GSEGL,OnlineBackup
2126-GSEGL,DeviceProtection
2126-GSEGL,TechSupport
2126-GSEGL,StreamingTV
2126-GSEGL,StreamingMovies
2126-GSEGL,InternetService_DSL
3677-TNKIO,PhoneService
3677-TNKIO,InternetService_Fiber
0440-QEXBZ,PhoneService
0440-QEXBZ,MultipleLines
0440-QEXBZ,InternetService_DSL
2434-EEVDB,PhoneService
2434-EEVDB,MultipleLines
2434-EEVDB,OnlineSecurity
2434-EEVDB,DeviceProtection
2434-EEVDB,StreamingTV
2434-EEVDB,InternetService_Fiber
6762-QVYJO,OnlineSecurity
6762-QVYJO,DeviceProtection
6762-QVYJO,TechSupport
6762-QVYJO,StreamingTV
6762-QVYJO,StreamingMovies
6762-QVYJO,InternetService_DSL
6199-IWKGC,PhoneService
6199-IWKGC,MultipleLines
6199-IWKGC,TechSupport
6199-IWKGC,StreamingTV
6199-IWKGC,StreamingMovies
6199-IWKGC,InternetService_Fiber
2675-DHUTR,PhoneService
2675-DHUTR,MultipleLines
2675-DHUTR,OnlineBackup
2675-DHUTR,StreamingTV
2675-DHUTR,StreamingMovies
2675-DHUTR,InternetService_Fiber
8152-VETUR,PhoneService
8152-VETUR,MultipleLines
8152-VETUR,OnlineBackup
8152-VETUR,StreamingTV
8152-VETUR,StreamingMovies
8152-VETUR,InternetService_Fiber
9667-EQRXU,DeviceProtection
9667-EQRXU,StreamingTV
9667-EQRXU,InternetService_DSL
7446-YPODE,PhoneService
7446-YPODE,MultipleLines
7446-YPODE,OnlineSecurity
7446-YPODE,OnlineBackup
7446-YPODE,InternetService_DSL
9522-BNTHX,OnlineBackup
9522-BNTHX,DeviceProtection
9522-BNTHX,StreamingTV
9522-BNTHX,StreamingMovies
9522-BNTHX,InternetService_DSL
4676-WLUHT,OnlineSecurity
4676-WLUHT,OnlineBackup
4676-WLUHT,StreamingMovies
4676-WLUHT,InternetService_DSL
3329-WDIOK,OnlineBackup
3329-WDIOK,StreamingTV
3329-WDIOK,StreamingMovies
3329-WDIOK,InternetService_DSL
7980-MHFLQ,PhoneService
7980-MHFLQ,MultipleLines
2873-ZLIWT,PhoneService
2873-ZLIWT,MultipleLines
2873-ZLIWT,DeviceProtection
2873-ZLIWT,TechSupport
2873-ZLIWT,InternetService_Fiber
3415-TAILE,PhoneService
3415-TAILE,StreamingTV
3415-TAILE,StreamingMovies
3415-TAILE,InternetService_DSL
0757-WCUUZ,PhoneService
0757-WCUUZ,MultipleLines
0757-WCUUZ,DeviceProtection
0757-WCUUZ,StreamingMovies
0757-WCUUZ,InternetService_DSL
1629-DQQVB,PhoneService
1629-DQQVB,OnlineSecurity
1629-DQQVB,InternetService_DSL
1915-IOFGU,PhoneService
1915-IOFGU,InternetService_Fiber
3045-XETSH,PhoneService
3045-XETSH,MultipleLines
3045-XETSH,OnlineBackup
3045-XETSH,DeviceProtection
3045-XETSH,StreamingMovies
3045-XETSH,InternetService_Fiber
0374-AACSZ,PhoneService
0374-AACSZ,OnlineSecurity
0374-AACSZ,InternetService_DSL
7239-HZZCX,PhoneService
4872-VXRIL,PhoneService
4872-VXRIL,MultipleLines
4872-VXRIL,OnlineSecurity
4872-VXRIL,OnlineBackup
4872-VXRIL,TechSupport
4872-VXRIL,InternetService_DSL
9140-CZQZZ,PhoneService
9140-CZQZZ,OnlineSecurity
9140-CZQZZ,OnlineBackup
9140-CZQZZ,TechSupport
9140-CZQZZ,StreamingTV
9140-CZQZZ,StreamingMovies
9140-CZQZZ,InternetService_DSL
3423-HHXAO,PhoneService
9938-TKDGL,PhoneService
9938-TKDGL,OnlineSecurity
9938-TKDGL,TechSupport
9938-TKDGL,StreamingTV
9938-TKDGL,StreamingMovies
9938-TKDGL,InternetService_Fiber
0531-ZZJWQ,PhoneService
0531-ZZJWQ,MultipleLines
0531-ZZJWQ,InternetService_Fiber
6537-QLGEX,OnlineSecurity
6537-QLGEX,StreamingTV
6537-QLGEX,InternetService_DSL
2688-BHGOG,PhoneService
2688-BHGOG,StreamingMovies
2688-BHGOG,InternetService_Fiber
7683-CBDKJ,PhoneService
7683-CBDKJ,OnlineSecurity
7683-CBDKJ,OnlineBackup
7683-CBDKJ,StreamingTV
7683-CBDKJ,InternetService_DSL
0946-CLJTI,PhoneService
0946-CLJTI,MultipleLines
0946-CLJTI,DeviceProtection
0946-CLJTI,StreamingTV
0946-CLJTI,StreamingMovies
0946-CLJTI,InternetService_Fiber
3160-TYXLT,OnlineSecurity
3160-TYXLT,OnlineBackup
3160-TYXLT,StreamingMovies
3160-TYXLT,InternetService_DSL
1325-USMEC,PhoneService
1325-USMEC,MultipleLines
1325-USMEC,OnlineSecurity
1325-USMEC,OnlineBackup
1325-USMEC,DeviceProtection
1325-USMEC,StreamingTV
1325-USMEC,InternetService_Fiber
0916-QOFDP,PhoneService
0916-QOFDP,MultipleLines
0916-QOFDP,StreamingTV
0916-QOFDP,StreamingMovies
0916-QOFDP,InternetService_Fiber
0628-CNQRM,PhoneService
0628-CNQRM,OnlineSecurity
0628-CNQRM,DeviceProtection
0628-CNQRM,TechSupport
0628-CNQRM,StreamingTV
0628-CNQRM,InternetService_DSL
5606-AMZBO,PhoneService
5606-AMZBO,MultipleLines
5606-AMZBO,OnlineSecurity
5606-AMZBO,InternetService_Fiber
6199-IPCAO,PhoneService
6199-IPCAO,MultipleLines
7665-TOALD,PhoneService
7665-TOALD,InternetService_Fiber
0112-QWPNC,PhoneService
0112-QWPNC,MultipleLines
0112-QWPNC,OnlineSecurity
0112-QWPNC,DeviceProtection
0112-QWPNC,TechSupport
0112-QWPNC,StreamingTV
0112-QWPNC,StreamingMovies
0112-QWPNC,InternetService_DSL
0324-BRPCJ,PhoneService
0324-BRPCJ,MultipleLines
0324-BRPCJ,OnlineBackup
0324-BRPCJ,StreamingTV
0324-BRPCJ,StreamingMovies
0324-BRPCJ,InternetService_Fiber
2777-PHDEI,PhoneService
2777-PHDEI,StreamingTV
2777-PHDEI,InternetService_Fiber
5640-CAXOA,TechSupport
5640-CAXOA,StreamingMovies
5640-CAXOA,InternetService_DSL
2235-EZAIK,PhoneService
2235-EZAIK,MultipleLines
2235-EZAIK,OnlineSecurity
2235-EZAIK,OnlineBackup
2235-EZAIK,DeviceProtection
2235-EZAIK,TechSupport
2235-EZAIK,StreamingTV
2235-EZAIK,InternetService_DSL
3847-BAERP,PhoneService
1196-AMORA,PhoneService
1196-AMORA,MultipleLines
1196-AMORA,InternetService_Fiber
4282-YMKNA,PhoneService
4282-YMKNA,MultipleLines
4282-YMKNA,InternetService_Fiber
1453-RZFON,PhoneService
1453-RZFON,OnlineSecurity
1453-RZFON,InternetService_DSL
8263-OKETD,PhoneService
8263-OKETD,MultipleLines
8263-OKETD,OnlineBackup
8263-OKETD,TechSupport
8263-OKETD,StreamingMovies
8263-OKETD,InternetService_DSL
0670-KDOMA,PhoneService
2476-YGEFM,PhoneService
2476-YGEFM,MultipleLines
2476-YGEFM,InternetService_Fiber
8687-BAFGU,PhoneService
8687-BAFGU,TechSupport
8687-BAFGU,InternetService_Fiber
0641-EVBOJ,PhoneService
0641-EVBOJ,OnlineSecurity
0641-EVBOJ,TechSupport
0641-EVBOJ,InternetService_Fiber
0829-XXPLX,PhoneService
0829-XXPLX,OnlineSecurity
0829-XXPLX,DeviceProtection
0829-XXPLX,StreamingTV
0829-XXPLX,InternetService_Fiber
9974-JFBHQ,PhoneService
9974-JFBHQ,OnlineBackup
9974-JFBHQ,TechSupport
9974-JFBHQ,StreamingTV
9974-JFBHQ,StreamingMovies
9974-JFBHQ,InternetService_Fiber
5356-RHIPP,PhoneService
6624-JDRDS,OnlineSecurity
6624-JDRDS,InternetService_DSL
0608-JDVEC,PhoneService
9780-FKVVF,PhoneService
9780-FKVVF,OnlineSecurity
9780-FKVVF,StreamingMovies
9780-FKVVF,InternetService_DSL
1919-RTPQD,PhoneService
1919-RTPQD,InternetService_DSL
5214-NLTIT,PhoneService
5214-NLTIT,MultipleLines
5214-NLTIT,DeviceProtection
5214-NLTIT,StreamingMovies
5214-NLTIT,InternetService_Fiber
3345-PBBFH,PhoneService
3345-PBBFH,OnlineBackup
3345-PBBFH,InternetService_DSL
5055-BRMNE,PhoneService
5055-BRMNE,MultipleLines
5055-BRMNE,OnlineSecurity
5055-BRMNE,TechSupport
5055-BRMNE,StreamingTV
5055-BRMNE,StreamingMovies
5055-BRMNE,InternetService_Fiber
9189-JWSHV,PhoneService
9189-JWSHV,MultipleLines
9189-JWSHV,StreamingTV
9189-JWSHV,StreamingMovies
9189-JWSHV,InternetService_Fiber
2190-PHBHR,PhoneService
2190-PHBHR,MultipleLines
2190-PHBHR,OnlineSecurity
2190-PHBHR,OnlineBackup
2190-PHBHR,StreamingMovies
2190-PHBHR,InternetService_Fiber
2650-GYRYL,PhoneService
0746-JTRFU,InternetService_DSL
5208-FVQKB,PhoneService
5208-FVQKB,OnlineSecurity
5208-FVQKB,OnlineBackup
5208-FVQKB,TechSupport
5208-FVQKB,StreamingMovies
5208-FVQKB,InternetService_DSL
7184-LRUUR,PhoneService
7184-LRUUR,OnlineBackup
7184-LRUUR,DeviceProtection
7184-LRUUR,StreamingTV
7184-LRUUR,InternetService_DSL
6627-CFOSN,PhoneService
6627-CFOSN,MultipleLines
6627-CFOSN,OnlineSecurity
6627-CFOSN,OnlineBackup
6627-CFOSN,DeviceProtection
6627-CFOSN,StreamingMovies
6627-CFOSN,InternetService_Fiber
3982-JGSFD,PhoneService
1574-DYCWE,PhoneService
7247-XOZPB,PhoneService
7247-XOZPB,MultipleLines
7247-XOZPB,OnlineSecurity
7247-XOZPB,DeviceProtection
7247-XOZPB,TechSupport
7247-XOZPB,StreamingTV
7247-XOZPB,InternetService_DSL
2466-FCCPT,PhoneService
6211-WWLTF,PhoneService
6211-WWLTF,OnlineSecurity
6211-WWLTF,DeviceProtection
6211-WWLTF,StreamingTV
6211-WWLTF,StreamingMovies
6211-WWLTF,InternetService_Fiber
4826-TZEVA,PhoneService
4826-TZEVA,OnlineBackup
4826-TZEVA,InternetService_Fiber
6016-NXBNJ,PhoneService
9138-EFSMO,PhoneService
9138-EFSMO,StreamingMovies
9138-EFSMO,InternetService_Fiber
0576-WNXXC,PhoneService
0576-WNXXC,MultipleLines
0576-WNXXC,OnlineBackup
0576-WNXXC,DeviceProtection
0576-WNXXC,StreamingMovies
0576-WNXXC,InternetService_Fiber
4632-XJMEX,PhoneService
4632-XJMEX,OnlineSecurity
4632-XJMEX,OnlineBackup
4632-XJMEX,TechSupport
4632-XJMEX,InternetService_DSL
8910-LEDAG,PhoneService
8910-LEDAG,InternetService_Fiber
3452-GWUIN,PhoneService
3452-GWUIN,MultipleLines
3452-GWUIN,StreamingTV
3452-GWUIN,StreamingMovies
3452-GWUIN,InternetService_Fiber
2716-GFZOR,PhoneService
2716-GFZOR,OnlineSecurity
2716-GFZOR,OnlineBackup
2716-GFZOR,DeviceProtection
2716-GFZOR,InternetService_Fiber
3724-UCSHY,PhoneService
8626-XHBIE,PhoneService
8626-XHBIE,MultipleLines
4628-CTTLA,OnlineBackup
4628-CTTLA,StreamingTV
4628-CTTLA,InternetService_DSL
3192-LNKRK,PhoneService
3192-LNKRK,DeviceProtection
3192-LNKRK,StreamingTV
3192-LNKRK,InternetService_Fiber
4439-YRNVD,OnlineBackup
4439-YRNVD,TechSupport
4439-YRNVD,InternetService_DSL
2876-VBBBL,PhoneService
6834-NXDCA,InternetService_DSL
2208-UGTGR,PhoneService
2208-UGTGR,MultipleLines
2208-UGTGR,OnlineBackup
2208-UGTGR,StreamingTV
2208-UGTGR,StreamingMovies
2208-UGTGR,InternetService_Fiber
3005-TYFRD,PhoneService
3005-TYFRD,MultipleLines
3005-TYFRD,OnlineBackup
3005-TYFRD,DeviceProtection
3005-TYFRD,StreamingTV
3005-TYFRD,StreamingMovies
3005-TYFRD,InternetService_Fiber
8670-MEFCP,PhoneService
8670-MEFCP,MultipleLines
8670-MEFCP,OnlineSecurity
8670-MEFCP,OnlineBackup
8670-MEFCP,DeviceProtection
8670-MEFCP,TechSupport
8670-MEFCP,StreamingTV
8670-MEFCP,StreamingMovies
8670-MEFCP,InternetService_DSL
3079-BCHLN,PhoneService
7777-UNYHB,PhoneService
5597-GLBUC,PhoneService
5597-GLBUC,DeviceProtection
5597-GLBUC,StreamingTV
5597-GLBUC,InternetService_Fiber
7278-CKDNC,PhoneService
7278-CKDNC,MultipleLines
7278-CKDNC,OnlineBackup
7278-CKDNC,InternetService_Fiber
2748-MYRVK,PhoneService
2748-MYRVK,MultipleLines
2748-MYRVK,OnlineBackup
2748-MYRVK,StreamingTV
2748-MYRVK,StreamingMovies
2748-MYRVK,InternetService_Fiber
8450-UYIBU,DeviceProtection
8450-UYIBU,StreamingTV
8450-UYIBU,InternetService_DSL
2969-VAPYH,PhoneService
2969-VAPYH,OnlineSecurity
2969-VAPYH,OnlineBackup
2969-VAPYH,TechSupport
2969-VAPYH,InternetService_DSL
4822-YCXMX,PhoneService
4822-YCXMX,MultipleLines
4822-YCXMX,StreamingMovies
4822-YCXMX,InternetService_Fiber
7181-OQCUT,PhoneService
7181-OQCUT,MultipleLines
7181-OQCUT,OnlineSecurity
7181-OQCUT,DeviceProtection
7181-OQCUT,StreamingTV
7181-OQCUT,StreamingMovies
7181-OQCUT,InternetService_Fiber
8474-UMLNT,PhoneService
8474-UMLNT,OnlineSecurity
8474-UMLNT,OnlineBackup
8474-UMLNT,TechSupport
8474-UMLNT,StreamingMovies
8474-UMLNT,InternetService_DSL
9821-POOTN,PhoneService
9821-POOTN,MultipleLines
9821-POOTN,InternetService_Fiber
3836-FZSDJ,PhoneService
3836-FZSDJ,MultipleLines
9142-XMYJH,PhoneService
6559-ILWKJ,OnlineBackup
6559-ILWKJ,StreamingTV
6559-ILWKJ,StreamingMovies
6559-ILWKJ,InternetService_DSL
0187-QSXOE,PhoneService
0187-QSXOE,StreamingTV
0187-QSXOE,StreamingMovies
0187-QSXOE,InternetService_Fiber
7733-UDMTP,OnlineBackup
7733-UDMTP,DeviceProtection
7733-UDMTP,StreamingTV
7733-UDMTP,StreamingMovies
7733-UDMTP,InternetService_DSL
2649-HWLYB,PhoneService
2649-HWLYB,MultipleLines
2649-HWLYB,OnlineSecurity
2649-HWLYB,DeviceProtection
2649-HWLYB,TechSupport
2649-HWLYB,StreamingMovies
2649-HWLYB,InternetService_DSL
5214-CHIWJ,PhoneService
4229-CZMLL,PhoneService
4229-CZMLL,MultipleLines
4229-CZMLL,InternetService_Fiber
6904-JLBGY,PhoneService
6904-JLBGY,MultipleLines
6904-JLBGY,OnlineSecurity
6904-JLBGY,OnlineBackup
6904-JLBGY,DeviceProtection
6904-JLBGY,TechSupport
6904-JLBGY,StreamingTV
6904-JLBGY,StreamingMovies
6904-JLBGY,InternetService_Fiber
2465-BLLEU,PhoneService
1685-VAYJF,PhoneService
1685-VAYJF,InternetService_DSL
8874-EJNSR,PhoneService
8874-EJNSR,MultipleLines
6917-YACBP,PhoneService
6917-YACBP,MultipleLines
6917-YACBP,OnlineSecurity
6917-YACBP,OnlineBackup
6917-YACBP,DeviceProtection
6917-YACBP,InternetService_Fiber
5049-MUBWG,PhoneService
5049-MUBWG,OnlineSecurity
5049-MUBWG,TechSupport
5049-MUBWG,StreamingTV
5049-MUBWG,StreamingMovies
5049-MUBWG,InternetService_DSL
4223-WOZCM,PhoneService
4223-WOZCM,DeviceProtection
4223-WOZCM,InternetService_DSL
0769-MURVM,OnlineSecurity
0769-MURVM,OnlineBackup
0769-MURVM,DeviceProtection
0769-MURVM,TechSupport
0769-MURVM,StreamingTV
0769-MURVM,StreamingMovies
0769-MURVM,InternetService_DSL
9253-VIFJQ,PhoneService
9253-VIFJQ,MultipleLines
9253-VIFJQ,OnlineSecurity
9253-VIFJQ,OnlineBackup
9253-VIFJQ,DeviceProtection
9253-VIFJQ,InternetService_DSL
7030-FZTFM,PhoneService
7030-FZTFM,MultipleLines
7030-FZTFM,OnlineBackup
7030-FZTFM,DeviceProtection
7030-FZTFM,TechSupport
7030-FZTFM,StreamingTV
7030-FZTFM,StreamingMovies
7030-FZTFM,InternetService_Fiber
9741-YLNTD,PhoneService
9741-YLNTD,MultipleLines
9741-YLNTD,TechSupport
9741-YLNTD,StreamingMovies
9741-YLNTD,InternetService_Fiber
5917-RYRMG,PhoneService
5120-ZBLAI,PhoneService
5120-ZBLAI,MultipleLines
5120-ZBLAI,DeviceProtection
5120-ZBLAI,StreamingTV
5120-ZBLAI,StreamingMovies
5120-ZBLAI,InternetService_DSL
1194-BHJYC,OnlineSecurity
1194-BHJYC,DeviceProtection
1194-BHJYC,TechSupport
1194-BHJYC,StreamingTV
1194-BHJYC,StreamingMovies
1194-BHJYC,InternetService_DSL
3663-MITLP,PhoneService
3663-MITLP,OnlineBackup
3663-MITLP,DeviceProtection
3663-MITLP,StreamingTV
3663-MITLP,StreamingMovies
3663-MITLP,InternetService_Fiber
0906-QVPMS,PhoneService
0906-QVPMS,MultipleLines
0906-QVPMS,OnlineSecurity
0906-QVPMS,OnlineBackup
0906-QVPMS,DeviceProtection
0906-QVPMS,TechSupport
0906-QVPMS,StreamingTV
0906-QVPMS,StreamingMovies
0906-QVPMS,InternetService_Fiber
9025-ZRPVR,PhoneService
1905-OEILC,PhoneService
7858-GTZSP,PhoneService
7858-GTZSP,MultipleLines
7858-GTZSP,StreamingMovies
7858-GTZSP,InternetService_Fiber
3285-UCQVC,TechSupport
3285-UCQVC,InternetService_DSL
6248-BSHKG,PhoneService
4685-TFLLS,PhoneService
3470-BTGQO,PhoneService
3470-BTGQO,InternetService_DSL
1209-VFFOC,OnlineSecurity
1209-VFFOC,OnlineBackup
1209-VFFOC,DeviceProtection
1209-VFFOC,TechSupport
1209-VFFOC,StreamingMovies
1209-VFFOC,InternetService_DSL
8224-DWCKX,PhoneService
8224-DWCKX,MultipleLines
8224-DWCKX,InternetService_Fiber
5482-PLVPE,InternetService_DSL
4553-DVPZG,PhoneService
4553-DVPZG,MultipleLines
4553-DVPZG,DeviceProtection
4553-DVPZG,StreamingTV
4553-DVPZG,StreamingMovies
4553-DVPZG,InternetService_Fiber
4902-OHLSK,PhoneService
4902-OHLSK,MultipleLines
4902-OHLSK,TechSupport
4902-OHLSK,StreamingTV
4902-OHLSK,StreamingMovies
4902-OHLSK,InternetService_Fiber
6917-IAYHD,OnlineBackup
6917-IAYHD,TechSupport
6917-IAYHD,InternetService_DSL
0495-ZBNGW,PhoneService
0495-ZBNGW,MultipleLines
0495-ZBNGW,DeviceProtection
0495-ZBNGW,InternetService_Fiber
8620-RJPZN,PhoneService
7572-KPVKK,PhoneService
7572-KPVKK,MultipleLines
7572-KPVKK,DeviceProtection
7572-KPVKK,TechSupport
7572-KPVKK,StreamingTV
7572-KPVKK,StreamingMovies
7572-KPVKK,InternetService_Fiber
2642-MAWLJ,PhoneService
2357-COQEK,PhoneService
2357-COQEK,MultipleLines
2357-COQEK,DeviceProtection
2357-COQEK,TechSupport
2357-COQEK,StreamingTV
2357-COQEK,StreamingMovies
2357-COQEK,InternetService_Fiber
7103-ZGVNT,PhoneService
7103-ZGVNT,MultipleLines
7103-ZGVNT,OnlineSecurity
7103-ZGVNT,OnlineBackup
7103-ZGVNT,TechSupport
7103-ZGVNT,StreamingTV
7103-ZGVNT,InternetService_DSL
3737-GCSPV,PhoneService
3737-GCSPV,MultipleLines
3737-GCSPV,OnlineSecurity
3737-GCSPV,TechSupport
3737-GCSPV,StreamingTV
3737-GCSPV,InternetService_Fiber
2027-WKXMW,PhoneService
2027-WKXMW,MultipleLines
2027-WKXMW,OnlineBackup
2027-WKXMW,DeviceProtection
2027-WKXMW,TechSupport
2027-WKXMW,StreamingTV
2027-WKXMW,StreamingMovies
2027-WKXMW,InternetService_Fiber
7137-NAXML,PhoneService
2428-ZMCTB,PhoneService
2961-VNFKL,PhoneService
2961-VNFKL,MultipleLines
1768-HNVGJ,PhoneService
1768-HNVGJ,MultipleLines
1768-HNVGJ,OnlineSecurity
1768-HNVGJ,TechSupport
1768-HNVGJ,StreamingMovies
1768-HNVGJ,InternetService_DSL
6963-KQYQB,PhoneService
6963-KQYQB,MultipleLines
5934-RMPOV,PhoneService
5934-RMPOV,MultipleLines
5934-RMPOV,StreamingMovies
5934-RMPOV,InternetService_Fiber
1207-BLKSA,PhoneService
1207-BLKSA,MultipleLines
4088-YLDSU,PhoneService
4088-YLDSU,MultipleLines
4088-YLDSU,DeviceProtection
4088-YLDSU,TechSupport
4088-YLDSU,StreamingTV
4088-YLDSU,StreamingMovies
4088-YLDSU,InternetService_Fiber
8316-BBQAY,OnlineSecurity
8316-BBQAY,DeviceProtection
8316-BBQAY,TechSupport
8316-BBQAY,StreamingTV
8316-BBQAY,StreamingMovies
8316-BBQAY,InternetService_DSL
1166-PQLGG,PhoneService
3146-JTQHR,PhoneService
4291-YZODP,PhoneService
4395-PZMSN,PhoneService
4395-PZMSN,OnlineBackup
4395-PZMSN,StreamingMovies
4395-PZMSN,InternetService_Fiber
6427-FEFIG,PhoneService
6427-FEFIG,MultipleLines
6427-FEFIG,OnlineSecurity
6427-FEFIG,DeviceProtection
6427-FEFIG,StreamingTV
6427-FEFIG,StreamingMovies
6427-FEFIG,InternetService_DSL
0017-IUDMW,PhoneService
0017-IUDMW,MultipleLines
0017-IUDMW,OnlineSecurity
0017-IUDMW,OnlineBackup
0017-IUDMW,DeviceProtection
0017-IUDMW,TechSupport
0017-IUDMW,StreamingTV
0017-IUDMW,StreamingMovies
0017-IUDMW,InternetService_Fiber
8706-HRADD,OnlineSecurity
8706-HRADD,TechSupport
8706-HRADD,StreamingTV
8706-HRADD,InternetService_DSL
9955-QOPOY,OnlineBackup
9955-QOPOY,DeviceProtection
9955-QOPOY,TechSupport
9955-QOPOY,StreamingTV
9955-QOPOY,StreamingMovies
9955-QOPOY,InternetService_DSL
4385-ZKVNW,PhoneService
4385-ZKVNW,OnlineBackup
4385-ZKVNW,TechSupport
4385-ZKVNW,InternetService_DSL
5446-DKWYW,PhoneService
5446-DKWYW,MultipleLines
5446-DKWYW,DeviceProtection
5446-DKWYW,StreamingTV
5446-DKWYW,InternetService_DSL
2034-CGRHZ,PhoneService
2034-CGRHZ,MultipleLines
2034-CGRHZ,OnlineBackup
2034-CGRHZ,DeviceProtection
2034-CGRHZ,StreamingTV
2034-CGRHZ,StreamingMovies
2034-CGRHZ,InternetService_Fiber
5797-APWZC,PhoneService
5797-APWZC,StreamingTV
5797-APWZC,StreamingMovies
5797-APWZC,InternetService_Fiber
3683-QKIUE,PhoneService
3683-QKIUE,TechSupport
3683-QKIUE,InternetService_DSL
4228-ZGYUW,PhoneService
4228-ZGYUW,MultipleLines
4228-ZGYUW,OnlineBackup
4228-ZGYUW,StreamingMovies
4228-ZGYUW,InternetService_Fiber
9031-ZVQPT,PhoneService
9031-ZVQPT,MultipleLines
9031-ZVQPT,OnlineBackup
9031-ZVQPT,DeviceProtection
9031-ZVQPT,TechSupport
9031-ZVQPT,StreamingTV
9031-ZVQPT,StreamingMovies
9031-ZVQPT,InternetService_Fiber
2990-IAJSV,PhoneService
2990-IAJSV,MultipleLines
2990-IAJSV,OnlineSecurity
2990-IAJSV,OnlineBackup
2990-IAJSV,DeviceProtection
2990-IAJSV,TechSupport
2990-IAJSV,StreamingTV
2990-IAJSV,StreamingMovies
2990-IAJSV,InternetService_DSL
8107-KNCIM,PhoneService
8107-KNCIM,MultipleLines
8107-KNCIM,InternetService_Fiber
9027-YFHQJ,PhoneService
9027-YFHQJ,MultipleLines
5176-LDKUH,PhoneService
5176-LDKUH,OnlineBackup
5176-LDKUH,InternetService_Fiber
4644-OBGFZ,PhoneService
7926-IJOOU,PhoneService
6480-YAGIY,PhoneService
6480-YAGIY,OnlineSecurity
6480-YAGIY,OnlineBackup
6480-YAGIY,DeviceProtection
6480-YAGIY,TechSupport
6480-YAGIY,StreamingTV
6480-YAGIY,StreamingMovies
6480-YAGIY,InternetService_Fiber
4029-HPFVY,PhoneService
4029-HPFVY,InternetService_Fiber
7602-DBTOU,PhoneService
5345-BMKWB,PhoneService
3519-ZKXGG,PhoneService
3519-ZKXGG,MultipleLines
3519-ZKXGG,InternetService_Fiber
5457-COLHT,PhoneService
5457-COLHT,OnlineSecurity
5457-COLHT,OnlineBackup
5457-COLHT,TechSupport
5457-COLHT,StreamingTV
5457-COLHT,StreamingMovies
5457-COLHT,InternetService_DSL
6416-TVAIH,PhoneService
6416-TVAIH,InternetService_Fiber
5451-YHYPW,PhoneService
5451-YHYPW,MultipleLines
5451-YHYPW,OnlineSecurity
5451-YHYPW,OnlineBackup
5451-YHYPW,DeviceProtection
5451-YHYPW,TechSupport
5451-YHYPW,StreamingTV
5451-YHYPW,StreamingMovies
5451-YHYPW,InternetService_Fiber
5108-ADXWO,PhoneService
5108-ADXWO,OnlineSecurity
5108-ADXWO,InternetService_Fiber
7998-WNZEM,PhoneService
7998-WNZEM,MultipleLines
7998-WNZEM,OnlineSecurity
7998-WNZEM,OnlineBackup
7998-WNZEM,DeviceProtection
7998-WNZEM,TechSupport
7998-WNZEM,StreamingMovies
7998-WNZEM,InternetService_DSL
3066-RRJIO,PhoneService
3066-RRJIO,InternetService_Fiber
4664-NJCMS,OnlineSecurity
4664-NJCMS,DeviceProtection
4664-NJCMS,TechSupport
4664-NJCMS,StreamingTV
4664-NJCMS,StreamingMovies
4664-NJCMS,InternetService_DSL
0307-BCOPK,PhoneService
7629-WFGLW,PhoneService
7629-WFGLW,MultipleLines
7629-WFGLW,OnlineSecurity
7629-WFGLW,OnlineBackup
7629-WFGLW,DeviceProtection
7629-WFGLW,TechSupport
7629-WFGLW,InternetService_Fiber
2542-HYGIQ,PhoneService
6715-OFDBP,PhoneService
6715-OFDBP,DeviceProtection
6715-OFDBP,StreamingTV
6715-OFDBP,StreamingMovies
6715-OFDBP,InternetService_DSL
5016-LIPDW,PhoneService
6481-LXPWL,OnlineBackup
6481-LXPWL,DeviceProtection
6481-LXPWL,InternetService_DSL
1567-DSCIC,PhoneService
1567-DSCIC,MultipleLines
1567-DSCIC,OnlineBackup
1567-DSCIC,DeviceProtection
1567-DSCIC,StreamingTV
1567-DSCIC,InternetService_Fiber
2150-UWTFY,PhoneService
2150-UWTFY,OnlineSecurity
2150-UWTFY,OnlineBackup
2150-UWTFY,DeviceProtection
2150-UWTFY,InternetService_DSL
6124-ACRHJ,PhoneService
9362-MWODR,PhoneService
9362-MWODR,OnlineSecurity
9362-MWODR,TechSupport
9362-MWODR,StreamingTV
9362-MWODR,InternetService_DSL
9975-GPKZU,PhoneService
9625-RZFUK,PhoneService
5153-LXKDT,PhoneService
5153-LXKDT,MultipleLines
5153-LXKDT,OnlineSecurity
5153-LXKDT,OnlineBackup
5153-LXKDT,DeviceProtection
5153-LXKDT,StreamingTV
5153-LXKDT,StreamingMovies
5153-LXKDT,InternetService_Fiber
5161-UBZXI,PhoneService
5161-UBZXI,OnlineSecurity
5161-UBZXI,OnlineBackup
5161-UBZXI,TechSupport
5161-UBZXI,StreamingTV
5161-UBZXI,StreamingMovies
5161-UBZXI,InternetService_Fiber
1020-JPQOW,PhoneService
1020-JPQOW,MultipleLines
1020-JPQOW,OnlineBackup
1020-JPQOW,DeviceProtection
1020-JPQOW,TechSupport
1020-JPQOW,InternetService_Fiber
7919-ZODZZ,PhoneService
7919-ZODZZ,OnlineBackup
7919-ZODZZ,DeviceProtection
7919-ZODZZ,StreamingMovies
7919-ZODZZ,InternetService_DSL
0565-JUPYD,PhoneService
0565-JUPYD,MultipleLines
0565-JUPYD,OnlineSecurity
0565-JUPYD,OnlineBackup
0565-JUPYD,DeviceProtection
0565-JUPYD,TechSupport
0565-JUPYD,StreamingTV
0565-JUPYD,InternetService_Fiber
6867-ACCZI,OnlineSecurity
6867-ACCZI,OnlineBackup
6867-ACCZI,DeviceProtection
6867-ACCZI,TechSupport
6867-ACCZI,StreamingMovies
6867-ACCZI,InternetService_DSL
5939-XAIXZ,PhoneService
5939-XAIXZ,MultipleLines
5939-XAIXZ,DeviceProtection
5939-XAIXZ,InternetService_DSL
9054-FOWNV,PhoneService
9054-FOWNV,MultipleLines
9054-FOWNV,DeviceProtection
9054-FOWNV,StreamingTV
9054-FOWNV,InternetService_Fiber
2683-BPJSO,PhoneService
2683-BPJSO,MultipleLines
2683-BPJSO,OnlineSecurity
2683-BPJSO,OnlineBackup
2683-BPJSO,InternetService_Fiber
2157-MXBJS,PhoneService
2157-MXBJS,MultipleLines
2157-MXBJS,DeviceProtection
2157-MXBJS,StreamingTV
2157-MXBJS,StreamingMovies
2157-MXBJS,InternetService_DSL
8207-VVMYB,PhoneService
8207-VVMYB,MultipleLines
9732-EQMWY,PhoneService
9732-EQMWY,OnlineBackup
9732-EQMWY,DeviceProtection
9732-EQMWY,StreamingTV
9732-EQMWY,StreamingMovies
9732-EQMWY,InternetService_Fiber
9360-AHGNL,PhoneService
9360-AHGNL,MultipleLines
9360-AHGNL,OnlineSecurity
9360-AHGNL,DeviceProtection
9360-AHGNL,TechSupport
9360-AHGNL,StreamingTV
9360-AHGNL,StreamingMovies
9360-AHGNL,InternetService_Fiber
1087-UDSIH,PhoneService
5269-NRGDP,PhoneService
5269-NRGDP,DeviceProtection
5269-NRGDP,TechSupport
5269-NRGDP,StreamingTV
5269-NRGDP,StreamingMovies
5269-NRGDP,InternetService_DSL
6195-MELTI,PhoneService
6195-MELTI,OnlineBackup
6195-MELTI,TechSupport
6195-MELTI,InternetService_DSL
5485-WUYWF,PhoneService
5485-WUYWF,OnlineSecurity
5485-WUYWF,DeviceProtection
5485-WUYWF,StreamingTV
5485-WUYWF,InternetService_DSL
2121-JAFOM,PhoneService
2121-JAFOM,MultipleLines
2121-JAFOM,OnlineSecurity
2121-JAFOM,OnlineBackup
2121-JAFOM,DeviceProtection
2121-JAFOM,TechSupport
2121-JAFOM,StreamingTV
2121-JAFOM,StreamingMovies
2121-JAFOM,InternetService_Fiber
8818-DOPVL,PhoneService
8818-DOPVL,MultipleLines
8818-DOPVL,OnlineBackup
8818-DOPVL,DeviceProtection
8818-DOPVL,StreamingTV
8818-DOPVL,StreamingMovies
8818-DOPVL,InternetService_Fiber
2632-UCGVD,PhoneService
2632-UCGVD,MultipleLines
2632-UCGVD,TechSupport
2632-UCGVD,StreamingTV
2632-UCGVD,StreamingMovies
2632-UCGVD,InternetService_Fiber
5445-PZWGX,PhoneService
5445-PZWGX,MultipleLines
5445-PZWGX,OnlineSecurity
5445-PZWGX,OnlineBackup
5445-PZWGX,TechSupport
5445-PZWGX,StreamingMovies
5445-PZWGX,InternetService_Fiber
1227-UDMZR,PhoneService
1227-UDMZR,MultipleLines
1227-UDMZR,OnlineSecurity
1227-UDMZR,OnlineBackup
1227-UDMZR,DeviceProtection
1227-UDMZR,TechSupport
1227-UDMZR,StreamingTV
1227-UDMZR,StreamingMovies
1227-UDMZR,InternetService_DSL
5198-HQAEN,PhoneService
5198-HQAEN,OnlineBackup
5198-HQAEN,TechSupport
5198-HQAEN,StreamingTV
5198-HQAEN,InternetService_Fiber
9170-CCKOU,PhoneService
9170-CCKOU,MultipleLines
9170-CCKOU,OnlineSecurity
9170-CCKOU,OnlineBackup
9170-CCKOU,DeviceProtection
9170-CCKOU,InternetService_Fiber
2167-FQSTQ,PhoneService
2167-FQSTQ,MultipleLines
2167-FQSTQ,OnlineSecurity
2167-FQSTQ,OnlineBackup
2167-FQSTQ,DeviceProtection
2167-FQSTQ,TechSupport
2167-FQSTQ,StreamingTV
2167-FQSTQ,StreamingMovies
2167-FQSTQ,InternetService_DSL
2819-GWENI,PhoneService
1043-YCUTE,PhoneService
1043-YCUTE,MultipleLines
3814-MLAXC,PhoneService
3814-MLAXC,MultipleLines
3814-MLAXC,TechSupport
3814-MLAXC,InternetService_Fiber
3572-UUHRS,PhoneService
2692-PFYTJ,PhoneService
2692-PFYTJ,MultipleLines
1226-UDFZR,PhoneService
1226-UDFZR,OnlineBackup
1226-UDFZR,InternetService_DSL
5955-EPOAZ,PhoneService
6821-JPCDC,PhoneService
6821-JPCDC,OnlineBackup
6821-JPCDC,DeviceProtection
6821-JPCDC,StreamingTV
6821-JPCDC,StreamingMovies
6821-JPCDC,InternetService_Fiber
8815-LMFLX,PhoneService
8815-LMFLX,MultipleLines
9135-HSWOC,PhoneService
8582-KRHPJ,OnlineSecurity
8582-KRHPJ,OnlineBackup
8582-KRHPJ,InternetService_DSL
5811-IWXYM,PhoneService
5811-IWXYM,MultipleLines
5811-IWXYM,DeviceProtection
5811-IWXYM,StreamingTV
5811-IWXYM,StreamingMovies
5811-IWXYM,InternetService_Fiber
7044-YAACC,PhoneService
7044-YAACC,InternetService_Fiber
8189-XRIKE,PhoneService
8189-XRIKE,StreamingTV
8189-XRIKE,StreamingMovies
8189-XRIKE,InternetService_Fiber
1506-YJTYT,PhoneService
1506-YJTYT,MultipleLines
1506-YJTYT,OnlineSecurity
1506-YJTYT,OnlineBackup
1506-YJTYT,TechSupport
1506-YJTYT,StreamingTV
1506-YJTYT,InternetService_DSL
4123-DVHPH,PhoneService
4123-DVHPH,MultipleLines
4123-DVHPH,OnlineSecurity
4123-DVHPH,StreamingMovies
4123-DVHPH,InternetService_Fiber
6425-YQLLO,PhoneService
6425-YQLLO,MultipleLines
6425-YQLLO,DeviceProtection
6425-YQLLO,TechSupport
6425-YQLLO,StreamingTV
6425-YQLLO,StreamingMovies
6425-YQLLO,InternetService_Fiber
5442-UTCVD,PhoneService
5442-UTCVD,MultipleLines
5442-UTCVD,DeviceProtection
5442-UTCVD,StreamingMovies
5442-UTCVD,InternetService_Fiber
2228-BZDEE,PhoneService
7734-DBOAI,TechSupport
7734-DBOAI,StreamingTV
7734-DBOAI,InternetService_DSL
2789-CZANW,PhoneService
2789-CZANW,MultipleLines
2789-CZANW,OnlineSecurity
2789-CZANW,OnlineBackup
2789-CZANW,TechSupport
2789-CZANW,StreamingTV
2789-CZANW,StreamingMovies
2789-CZANW,InternetService_Fiber
2091-RFFBA,PhoneService
2091-RFFBA,MultipleLines
2091-RFFBA,InternetService_Fiber
2114-MGINA,PhoneService
2114-MGINA,StreamingTV
2114-MGINA,StreamingMovies
2114-MGINA,InternetService_Fiber
7596-LDUXP,PhoneService
7596-LDUXP,OnlineSecurity
7596-LDUXP,StreamingTV
7596-LDUXP,InternetService_Fiber
3740-RLMVT,PhoneService
3740-RLMVT,OnlineSecurity
3740-RLMVT,OnlineBackup
3740-RLMVT,TechSupport
3740-RLMVT,InternetService_DSL
4489-SNOJF,PhoneService
4489-SNOJF,MultipleLines
4489-SNOJF,OnlineSecurity
4489-SNOJF,DeviceProtection
4489-SNOJF,TechSupport
4489-SNOJF,StreamingTV
4489-SNOJF,InternetService_DSL
2192-OZITF,PhoneService
2192-OZITF,MultipleLines
2192-OZITF,OnlineSecurity
2192-OZITF,TechSupport
2192-OZITF,StreamingMovies
2192-OZITF,InternetService_DSL
5651-CPDND,PhoneService
5651-CPDND,InternetService_DSL
2186-QZEYA,PhoneService
2186-QZEYA,MultipleLines
2186-QZEYA,OnlineSecurity
2186-QZEYA,OnlineBackup
2186-QZEYA,InternetService_DSL
1131-ALZWV,PhoneService
1131-ALZWV,MultipleLines
7729-XBTWX,PhoneService
9134-WYRVP,PhoneService
9134-WYRVP,OnlineSecurity
9134-WYRVP,StreamingTV
9134-WYRVP,InternetService_Fiber
3284-SVCRO,PhoneService
3284-SVCRO,MultipleLines
9732-OUYRN,PhoneService
0559-CKHUS,PhoneService
2931-SVLTV,PhoneService
2931-SVLTV,MultipleLines
2931-SVLTV,OnlineSecurity
2931-SVLTV,OnlineBackup
2931-SVLTV,TechSupport
2931-SVLTV,StreamingTV
2931-SVLTV,StreamingMovies
2931-SVLTV,InternetService_Fiber
6899-PPEEA,PhoneService
6899-PPEEA,MultipleLines
6899-PPEEA,StreamingTV
6899-PPEEA,StreamingMovies
6899-PPEEA,InternetService_Fiber
7504-UWHNB,PhoneService
7504-UWHNB,InternetService_Fiber
2582-FFFZR,DeviceProtection
2582-FFFZR,StreamingTV
2582-FFFZR,StreamingMovies
2582-FFFZR,InternetService_DSL
8908-NMQTX,OnlineSecurity
8908-NMQTX,OnlineBackup
8908-NMQTX,DeviceProtection
8908-NMQTX,TechSupport
8908-NMQTX,StreamingTV
8908-NMQTX,StreamingMovies
8908-NMQTX,InternetService_DSL
2187-LZGPL,OnlineBackup
2187-LZGPL,StreamingMovies
2187-LZGPL,InternetService_DSL
1431-AIDJQ,PhoneService
1431-AIDJQ,OnlineBackup
1431-AIDJQ,DeviceProtection
1431-AIDJQ,TechSupport
1431-AIDJQ,StreamingTV
1431-AIDJQ,StreamingMovies
1431-AIDJQ,InternetService_DSL
6288-LBEAR,PhoneService
6288-LBEAR,OnlineBackup
6288-LBEAR,TechSupport
6288-LBEAR,InternetService_Fiber
4597-NUCQV,PhoneService
4597-NUCQV,MultipleLines
4597-NUCQV,OnlineBackup
4597-NUCQV,StreamingTV
4597-NUCQV,StreamingMovies
4597-NUCQV,InternetService_Fiber
9019-QVLZD,PhoneService
9019-QVLZD,StreamingTV
9019-QVLZD,InternetService_Fiber
8413-YNHNV,PhoneService
8413-YNHNV,MultipleLines
8413-YNHNV,OnlineSecurity
8413-YNHNV,OnlineBackup
8413-YNHNV,DeviceProtection
8413-YNHNV,TechSupport
8413-YNHNV,StreamingTV
8413-YNHNV,StreamingMovies
8413-YNHNV,InternetService_DSL
5808-TOTXO,PhoneService
4369-NYSCF,PhoneService
4369-NYSCF,OnlineBackup
4369-NYSCF,TechSupport
4369-NYSCF,StreamingTV
4369-NYSCF,StreamingMovies
4369-NYSCF,InternetService_DSL
6333-YDVLT,PhoneService
6333-YDVLT,MultipleLines
6333-YDVLT,OnlineSecurity
6333-YDVLT,DeviceProtection
6333-YDVLT,TechSupport
6333-YDVLT,StreamingTV
6333-YDVLT,StreamingMovies
6333-YDVLT,InternetService_Fiber
5324-KTGCG,PhoneService
5599-HVLTW,PhoneService
5599-HVLTW,MultipleLines
5599-HVLTW,DeviceProtection
5599-HVLTW,InternetService_Fiber
7394-LWLYN,PhoneService
7394-LWLYN,InternetService_Fiber
3707-LRWZD,PhoneService
3707-LRWZD,MultipleLines
3707-LRWZD,StreamingTV
3707-LRWZD,InternetService_Fiber
6873-UDNLD,PhoneService
6873-UDNLD,OnlineSecurity
6873-UDNLD,DeviceProtection
6873-UDNLD,StreamingMovies
6873-UDNLD,InternetService_DSL
2700-LUEVA,PhoneService
1455-ESIQH,PhoneService
1455-ESIQH,StreamingTV
1455-ESIQH,StreamingMovies
1455-ESIQH,InternetService_Fiber
0958-YHXGP,PhoneService
0958-YHXGP,InternetService_Fiber
1101-SSWAG,PhoneService
1101-SSWAG,MultipleLines
1101-SSWAG,InternetService_DSL
2979-SXESE,PhoneService
2979-SXESE,MultipleLines
2979-SXESE,OnlineSecurity
2979-SXESE,DeviceProtection
2979-SXESE,StreamingTV
2979-SXESE,InternetService_Fiber
4013-TLDHQ,PhoneService
4013-TLDHQ,OnlineBackup
4013-TLDHQ,DeviceProtection
4013-TLDHQ,InternetService_Fiber
5743-KHMNA,PhoneService
5743-KHMNA,MultipleLines
4194-FJARJ,PhoneService
4194-FJARJ,MultipleLines
4194-FJARJ,OnlineSecurity
4194-FJARJ,TechSupport
4194-FJARJ,InternetService_DSL
5325-UWTWJ,PhoneService
5325-UWTWJ,MultipleLines
5325-UWTWJ,OnlineSecurity
5325-UWTWJ,OnlineBackup
5325-UWTWJ,TechSupport
5325-UWTWJ,InternetService_Fiber
3969-GYXEL,PhoneService
3969-GYXEL,OnlineSecurity
3969-GYXEL,InternetService_Fiber
9208-OLGAQ,PhoneService
9208-OLGAQ,DeviceProtection
9208-OLGAQ,StreamingMovies
9208-OLGAQ,InternetService_Fiber
3244-CQPHU,PhoneService
3244-CQPHU,MultipleLines
3244-CQPHU,OnlineSecurity
3244-CQPHU,OnlineBackup
3244-CQPHU,TechSupport
3244-CQPHU,StreamingTV
3244-CQPHU,StreamingMovies
3244-CQPHU,InternetService_Fiber
2674-MLXMN,PhoneService
2674-MLXMN,MultipleLines
2674-MLXMN,OnlineBackup
2674-MLXMN,StreamingTV
2674-MLXMN,StreamingMovies
2674-MLXMN,InternetService_Fiber
9708-HPXWZ,DeviceProtection
9708-HPXWZ,TechSupport
9708-HPXWZ,StreamingTV
9708-HPXWZ,InternetService_DSL
6992-TKNYO,PhoneService
6992-TKNYO,MultipleLines
6992-TKNYO,DeviceProtection
6992-TKNYO,TechSupport
6992-TKNYO,StreamingMovies
6992-TKNYO,InternetService_DSL
4468-YDOVK,PhoneService
4468-YDOVK,TechSupport
4468-YDOVK,InternetService_DSL
3754-DXMRT,PhoneService
3754-DXMRT,InternetService_DSL
5792-JALQC,PhoneService
5792-JALQC,MultipleLines
5792-JALQC,OnlineSecurity
5792-JALQC,DeviceProtection
5792-JALQC,InternetService_DSL
7130-VTEWQ,PhoneService
7130-VTEWQ,MultipleLines
7130-VTEWQ,InternetService_Fiber
2200-DSAAL,PhoneService
2200-DSAAL,MultipleLines
2200-DSAAL,OnlineBackup
2200-DSAAL,DeviceProtection
2200-DSAAL,StreamingTV
2200-DSAAL,StreamingMovies
2200-DSAAL,InternetService_DSL
4302-ZYFEL,PhoneService
9351-LZYGF,PhoneService
9351-LZYGF,MultipleLines
9351-LZYGF,OnlineSecurity
9351-LZYGF,OnlineBackup
9351-LZYGF,TechSupport
9351-LZYGF,InternetService_DSL
4366-CTOUZ,PhoneService
4366-CTOUZ,OnlineBackup
4366-CTOUZ,TechSupport
4366-CTOUZ,StreamingTV
4366-CTOUZ,StreamingMovies
4366-CTOUZ,InternetService_Fiber
6121-VZNQB,PhoneService
7903-CMPEY,PhoneService
7903-CMPEY,MultipleLines
7903-CMPEY,OnlineSecurity
7903-CMPEY,InternetService_Fiber
1518-OMDIK,PhoneService
1518-OMDIK,InternetService_DSL
6671-NGWON,PhoneService
0595-ITUDF,PhoneService
0595-ITUDF,MultipleLines
0595-ITUDF,OnlineSecurity
0595-ITUDF,OnlineBackup
0595-ITUDF,DeviceProtection
0595-ITUDF,InternetService_Fiber
6996-KNSML,PhoneService
6996-KNSML,DeviceProtection
6996-KNSML,InternetService_Fiber
1955-IBMMB,PhoneService
0096-BXERS,PhoneService
0096-BXERS,MultipleLines
0096-BXERS,InternetService_DSL
3806-YAZOV,PhoneService
7998-ZLXWN,PhoneService
6253-WRFHY,PhoneService
6253-WRFHY,StreamingTV
6253-WRFHY,StreamingMovies
6253-WRFHY,InternetService_DSL
9133-AYJZG,PhoneService
9133-AYJZG,MultipleLines
9133-AYJZG,OnlineBackup
9133-AYJZG,StreamingTV
9133-AYJZG,StreamingMovies
9133-AYJZG,InternetService_Fiber
2675-OTVVJ,PhoneService
2675-OTVVJ,MultipleLines
2675-OTVVJ,OnlineSecurity
2675-OTVVJ,StreamingTV
2675-OTVVJ,InternetService_Fiber
8680-CGLTP,PhoneService
8680-CGLTP,OnlineSecurity
8680-CGLTP,OnlineBackup
8680-CGLTP,TechSupport
8680-CGLTP,InternetService_DSL
8430-TWCBX,PhoneService
5018-GWURO,PhoneService
5018-GWURO,MultipleLines
5018-GWURO,StreamingTV
5018-GWURO,InternetService_Fiber
6741-QRLUP,PhoneService
6741-QRLUP,MultipleLines
6741-QRLUP,OnlineSecurity
6741-QRLUP,OnlineBackup
6741-QRLUP,DeviceProtection
6741-QRLUP,TechSupport
6741-QRLUP,StreamingMovies
6741-QRLUP,InternetService_DSL
4737-HOBAX,PhoneService
4737-HOBAX,MultipleLines
4737-HOBAX,DeviceProtection
4737-HOBAX,TechSupport
4737-HOBAX,StreamingTV
4737-HOBAX,StreamingMovies
4737-HOBAX,InternetService_DSL
0537-QYZZN,PhoneService
0537-QYZZN,MultipleLines
0537-QYZZN,OnlineSecurity
0537-QYZZN,InternetService_Fiber
3340-QBBFM,PhoneService
3340-QBBFM,DeviceProtection
3340-QBBFM,TechSupport
3340-QBBFM,InternetService_DSL
1704-NRWYE,PhoneService
1704-NRWYE,StreamingTV
1704-NRWYE,InternetService_Fiber
2592-SEIFQ,InternetService_DSL
8200-KLNYW,PhoneService
8200-KLNYW,OnlineSecurity
8200-KLNYW,DeviceProtection
8200-KLNYW,TechSupport
8200-KLNYW,StreamingTV
8200-KLNYW,StreamingMovies
8200-KLNYW,InternetService_DSL
3372-CDXFJ,PhoneService
3372-CDXFJ,MultipleLines
4781-ZXYGU,PhoneService
7632-YUTXB,PhoneService
2718-YSKCS,PhoneService
9896-UYMIE,PhoneService
9896-UYMIE,MultipleLines
9896-UYMIE,OnlineSecurity
9896-UYMIE,OnlineBackup
9896-UYMIE,DeviceProtection
9896-UYMIE,TechSupport
9896-UYMIE,StreamingTV
9896-UYMIE,StreamingMovies
9896-UYMIE,InternetService_Fiber
0853-NWIFK,PhoneService
0853-NWIFK,OnlineSecurity
0853-NWIFK,OnlineBackup
0853-NWIFK,StreamingTV
0853-NWIFK,StreamingMovies
0853-NWIFK,InternetService_Fiber
8212-CRQXP,PhoneService
8212-CRQXP,StreamingTV
8212-CRQXP,InternetService_Fiber
6980-CDGFC,PhoneService
7691-XVTZH,PhoneService
7691-XVTZH,MultipleLines
7691-XVTZH,DeviceProtection
7691-XVTZH,StreamingTV
7691-XVTZH,InternetService_Fiber
2520-SGTTA,PhoneService
7481-ATQQS,PhoneService
7481-ATQQS,MultipleLines
7481-ATQQS,DeviceProtection
7481-ATQQS,StreamingMovies
7481-ATQQS,InternetService_Fiber
2277-VWCNI,PhoneService
2277-VWCNI,MultipleLines
2277-VWCNI,InternetService_DSL
1088-CNNKB,PhoneService
1088-CNNKB,MultipleLines
1088-CNNKB,OnlineSecurity
1088-CNNKB,OnlineBackup
1088-CNNKB,DeviceProtection
1088-CNNKB,TechSupport
1088-CNNKB,StreamingMovies
1088-CNNKB,InternetService_DSL
8642-GVWRF,PhoneService
8642-GVWRF,OnlineBackup
8642-GVWRF,DeviceProtection
8642-GVWRF,InternetService_Fiber
1930-BZLHI,PhoneService
3400-ESFUW,PhoneService
3400-ESFUW,OnlineSecurity
3400-ESFUW,OnlineBackup
3400-ESFUW,TechSupport
3400-ESFUW,InternetService_DSL
5868-YTYKS,PhoneService
3525-DVKFN,PhoneService
1482-OXZSY,PhoneService
1482-OXZSY,MultipleLines
1482-OXZSY,OnlineSecurity
1482-OXZSY,StreamingTV
1482-OXZSY,StreamingMovies
1482-OXZSY,InternetService_Fiber
0377-JBKKT,PhoneService
0377-JBKKT,OnlineSecurity
0377-JBKKT,OnlineBackup
0377-JBKKT,TechSupport
0377-JBKKT,InternetService_DSL
5778-BVOFB,PhoneService
5778-BVOFB,TechSupport
5778-BVOFB,StreamingTV
5778-BVOFB,InternetService_DSL
3373-YZZYM,PhoneService
2057-ZBLPD,PhoneService
2057-ZBLPD,MultipleLines
2057-ZBLPD,StreamingMovies
2057-ZBLPD,InternetService_Fiber
0228-MAUWC,PhoneService
0228-MAUWC,MultipleLines
0228-MAUWC,DeviceProtection
0228-MAUWC,TechSupport
0228-MAUWC,InternetService_DSL
5502-RLUYV,PhoneService
5502-RLUYV,MultipleLines
5502-RLUYV,OnlineBackup
5502-RLUYV,DeviceProtection
5502-RLUYV,StreamingTV
5502-RLUYV,StreamingMovies
5502-RLUYV,InternetService_Fiber
0023-HGHWL,InternetService_DSL
7663-YJHSN,PhoneService
7663-YJHSN,MultipleLines
7663-YJHSN,OnlineSecurity
7663-YJHSN,OnlineBackup
7663-YJHSN,DeviceProtection
7663-YJHSN,TechSupport
7663-YJHSN,StreamingTV
7663-YJHSN,InternetService_Fiber
4915-BFSXL,PhoneService
4915-BFSXL,MultipleLines
4915-BFSXL,OnlineSecurity
4915-BFSXL,DeviceProtection
4915-BFSXL,StreamingTV
4915-BFSXL,InternetService_DSL
3086-RUCRN,PhoneService
3086-RUCRN,MultipleLines
3086-RUCRN,OnlineSecurity
3086-RUCRN,OnlineBackup
3086-RUCRN,DeviceProtection
3086-RUCRN,TechSupport
3086-RUCRN,StreamingMovies
3086-RUCRN,InternetService_Fiber
5215-LNLDJ,InternetService_DSL
7576-JMYWV,PhoneService
7576-JMYWV,MultipleLines
7576-JMYWV,OnlineSecurity
7576-JMYWV,OnlineBackup
7576-JMYWV,TechSupport
7576-JMYWV,StreamingTV
7576-JMYWV,StreamingMovies
7576-JMYWV,InternetService_Fiber
9039-RBEEE,OnlineSecurity
9039-RBEEE,OnlineBackup
9039-RBEEE,TechSupport
9039-RBEEE,StreamingTV
9039-RBEEE,InternetService_DSL
0257-KXZGU,PhoneService
0257-KXZGU,MultipleLines
0257-KXZGU,OnlineBackup
0257-KXZGU,DeviceProtection
0257-KXZGU,InternetService_DSL
1307-ATKGB,PhoneService
1307-ATKGB,OnlineBackup
1307-ATKGB,DeviceProtection
1307-ATKGB,StreamingMovies
1307-ATKGB,InternetService_Fiber
8417-FMLZI,PhoneService
8417-FMLZI,OnlineBackup
8417-FMLZI,StreamingMovies
8417-FMLZI,InternetService_Fiber
3714-XPXBW,PhoneService
3714-XPXBW,MultipleLines
3714-XPXBW,OnlineSecurity
3714-XPXBW,OnlineBackup
3714-XPXBW,DeviceProtection
3714-XPXBW,TechSupport
3714-XPXBW,StreamingTV
3714-XPXBW,InternetService_DSL
1850-AKQEP,PhoneService
2824-DXNKN,PhoneService
2824-DXNKN,MultipleLines
2824-DXNKN,OnlineSecurity
2824-DXNKN,DeviceProtection
2824-DXNKN,StreamingTV
2824-DXNKN,InternetService_DSL
5227-JSCFE,OnlineSecurity
5227-JSCFE,OnlineBackup
5227-JSCFE,DeviceProtection
5227-JSCFE,TechSupport
5227-JSCFE,InternetService_DSL
0848-ZGQIJ,PhoneService
0848-ZGQIJ,OnlineBackup
0848-ZGQIJ,StreamingTV
0848-ZGQIJ,StreamingMovies
0848-ZGQIJ,InternetService_Fiber
3621-CHYVB,OnlineSecurity
3621-CHYVB,DeviceProtection
3621-CHYVB,TechSupport
3621-CHYVB,StreamingMovies
3621-CHYVB,InternetService_DSL
8042-RNLKO,PhoneService
8042-RNLKO,MultipleLines
1792-UXAFY,PhoneService
1792-UXAFY,OnlineBackup
1792-UXAFY,DeviceProtection
1792-UXAFY,StreamingTV
1792-UXAFY,InternetService_Fiber
5372-FBKBN,PhoneService
0420-TXVSG,PhoneService
0420-TXVSG,MultipleLines
0420-TXVSG,OnlineSecurity
0420-TXVSG,OnlineBackup
0420-TXVSG,DeviceProtection
0420-TXVSG,InternetService_DSL
6217-TOWGS,PhoneService
6217-TOWGS,MultipleLines
6217-TOWGS,OnlineBackup
6217-TOWGS,StreamingTV
6217-TOWGS,StreamingMovies
6217-TOWGS,InternetService_DSL
0515-YPMCW,PhoneService
0515-YPMCW,InternetService_Fiber
0378-XSZPU,PhoneService
0378-XSZPU,OnlineSecurity
0378-XSZPU,OnlineBackup
0378-XSZPU,DeviceProtection
0378-XSZPU,InternetService_DSL
1045-LTCYT,PhoneService
1544-JJMYL,PhoneService
1544-JJMYL,OnlineSecurity
1544-JJMYL,DeviceProtection
1544-JJMYL,TechSupport
1544-JJMYL,StreamingTV
1544-JJMYL,InternetService_DSL
4636-JGAAI,PhoneService
4636-JGAAI,MultipleLines
4636-JGAAI,OnlineBackup
4636-JGAAI,StreamingMovies
4636-JGAAI,InternetService_Fiber
6874-SGLHU,PhoneService
6874-SGLHU,OnlineBackup
6874-SGLHU,StreamingTV
6874-SGLHU,StreamingMovies
6874-SGLHU,InternetService_Fiber
5951-AOFIH,PhoneService
5951-AOFIH,OnlineBackup
5951-AOFIH,DeviceProtection
5951-AOFIH,StreamingTV
5951-AOFIH,InternetService_DSL
4729-XKASR,InternetService_DSL
3059-NGMXB,PhoneService
3059-NGMXB,MultipleLines
3059-NGMXB,OnlineSecurity
3059-NGMXB,OnlineBackup
3059-NGMXB,StreamingMovies
3059-NGMXB,InternetService_DSL
8652-YHIYU,PhoneService
8652-YHIYU,MultipleLines
8652-YHIYU,TechSupport
8652-YHIYU,InternetService_Fiber
5278-PNYOX,PhoneService
5278-PNYOX,DeviceProtection
5278-PNYOX,TechSupport
5278-PNYOX,StreamingTV
5278-PNYOX,StreamingMovies
5278-PNYOX,InternetService_Fiber
5449-FIBXJ,PhoneService
5449-FIBXJ,MultipleLines
5449-FIBXJ,DeviceProtection
5449-FIBXJ,TechSupport
5449-FIBXJ,StreamingTV
5449-FIBXJ,StreamingMovies
5449-FIBXJ,InternetService_Fiber
3486-HOOGQ,PhoneService
3486-HOOGQ,MultipleLines
3486-HOOGQ,OnlineSecurity
3486-HOOGQ,OnlineBackup
3486-HOOGQ,DeviceProtection
3486-HOOGQ,TechSupport
3486-HOOGQ,StreamingTV
3486-HOOGQ,InternetService_DSL
5061-PBXFW,PhoneService
5061-PBXFW,OnlineSecurity
5061-PBXFW,OnlineBackup
5061-PBXFW,TechSupport
5061-PBXFW,InternetService_DSL
8630-FJLIB,PhoneService
8630-FJLIB,InternetService_Fiber
3891-NLXJB,OnlineSecurity
3891-NLXJB,OnlineBackup
3891-NLXJB,TechSupport
3891-NLXJB,InternetService_DSL
4749-OJKQU,PhoneService
4749-OJKQU,MultipleLines
4749-OJKQU,InternetService_Fiber
0577-WHMEV,PhoneService
0577-WHMEV,MultipleLines
0577-WHMEV,OnlineSecurity
0577-WHMEV,OnlineBackup
0577-WHMEV,DeviceProtection
0577-WHMEV,InternetService_Fiber
5453-AXEPF,PhoneService
5453-AXEPF,MultipleLines
5453-AXEPF,OnlineBackup
5453-AXEPF,InternetService_Fiber
3639-XJHKQ,PhoneService
3639-XJHKQ,OnlineSecurity
3639-XJHKQ,OnlineBackup
3639-XJHKQ,DeviceProtection
3639-XJHKQ,InternetService_DSL
3716-LRGXK,PhoneService
3716-LRGXK,MultipleLines
3716-LRGXK,DeviceProtection
3716-LRGXK,StreamingTV
3716-LRGXK,StreamingMovies
3716-LRGXK,InternetService_Fiber
2263-SFSQZ,PhoneService
2263-SFSQZ,MultipleLines
9950-MTGYX,PhoneService
3397-AVTKU,PhoneService
3397-AVTKU,OnlineBackup
3397-AVTKU,StreamingMovies
3397-AVTKU,InternetService_DSL
4825-FUREZ,PhoneService
9837-BMCLM,PhoneService
9837-BMCLM,StreamingTV
9837-BMCLM,InternetService_Fiber
2672-OJQZP,PhoneService
2672-OJQZP,InternetService_DSL
0137-UDEUO,PhoneService
3134-DSHVC,PhoneService
3134-DSHVC,MultipleLines
3134-DSHVC,OnlineSecurity
3134-DSHVC,OnlineBackup
3134-DSHVC,DeviceProtection
3134-DSHVC,StreamingTV
3134-DSHVC,InternetService_Fiber
6161-UUUTA,PhoneService
6161-UUUTA,StreamingTV
6161-UUUTA,InternetService_Fiber
7821-DPRQE,PhoneService
7821-DPRQE,MultipleLines
7821-DPRQE,OnlineSecurity
7821-DPRQE,OnlineBackup
7821-DPRQE,TechSupport
7821-DPRQE,StreamingTV
7821-DPRQE,StreamingMovies
7821-DPRQE,InternetService_Fiber
6543-XRMYR,PhoneService
6543-XRMYR,MultipleLines
6543-XRMYR,OnlineBackup
6543-XRMYR,StreamingTV
6543-XRMYR,StreamingMovies
6543-XRMYR,InternetService_Fiber
2001-EWBQU,PhoneService
2001-EWBQU,MultipleLines
2001-EWBQU,OnlineBackup
2001-EWBQU,DeviceProtection
2001-EWBQU,StreamingTV
2001-EWBQU,StreamingMovies
2001-EWBQU,InternetService_Fiber
4925-LMHOK,PhoneService
4925-LMHOK,MultipleLines
4925-LMHOK,OnlineBackup
4925-LMHOK,TechSupport
4925-LMHOK,InternetService_DSL
1608-GMEWB,PhoneService
1608-GMEWB,MultipleLines
1608-GMEWB,StreamingTV
1608-GMEWB,StreamingMovies
1608-GMEWB,InternetService_Fiber
6695-AMZUF,PhoneService
6695-AMZUF,OnlineSecurity
6695-AMZUF,OnlineBackup
6695-AMZUF,DeviceProtection
6695-AMZUF,TechSupport
6695-AMZUF,StreamingTV
6695-AMZUF,StreamingMovies
6695-AMZUF,InternetService_DSL
1455-UGQVH,PhoneService
1455-UGQVH,MultipleLines
1455-UGQVH,DeviceProtection
1455-UGQVH,StreamingTV
1455-UGQVH,StreamingMovies
1455-UGQVH,InternetService_Fiber
8410-BGQXN,PhoneService
8280-MQRQN,PhoneService
8280-MQRQN,DeviceProtection
8280-MQRQN,InternetService_DSL
1619-YWUBB,PhoneService
1619-YWUBB,MultipleLines
7611-YKYTC,PhoneService
7611-YKYTC,OnlineSecurity
7611-YKYTC,InternetService_Fiber
2037-SGXHH,PhoneService
2037-SGXHH,MultipleLines
2037-SGXHH,OnlineBackup
2037-SGXHH,DeviceProtection
2037-SGXHH,StreamingTV
2037-SGXHH,InternetService_Fiber
3178-FESZO,PhoneService
3178-FESZO,MultipleLines
3178-FESZO,OnlineBackup
3178-FESZO,StreamingTV
3178-FESZO,StreamingMovies
3178-FESZO,InternetService_Fiber
0365-GXEZS,PhoneService
0365-GXEZS,DeviceProtection
0365-GXEZS,TechSupport
0365-GXEZS,InternetService_Fiber
0082-OQIQY,PhoneService
0082-OQIQY,TechSupport
0082-OQIQY,StreamingTV
0082-OQIQY,StreamingMovies
0082-OQIQY,InternetService_Fiber
6087-MVHJH,PhoneService
6087-MVHJH,MultipleLines
6087-MVHJH,DeviceProtection
6087-MVHJH,StreamingMovies
6087-MVHJH,InternetService_Fiber
4603-JANFB,PhoneService
4603-JANFB,InternetService_Fiber
3018-TFTSU,PhoneService
3018-TFTSU,OnlineSecurity
3018-TFTSU,DeviceProtection
3018-TFTSU,InternetService_Fiber
3606-SBKRY,DeviceProtection
3606-SBKRY,StreamingTV
3606-SBKRY,StreamingMovies
3606-SBKRY,InternetService_DSL
4806-KEXQR,PhoneService
4806-KEXQR,StreamingMovies
4806-KEXQR,InternetService_Fiber
0667-NSRGI,PhoneService
0667-NSRGI,MultipleLines
0667-NSRGI,DeviceProtection
0667-NSRGI,TechSupport
0667-NSRGI,StreamingMovies
0667-NSRGI,InternetService_DSL
7083-YNSKY,PhoneService
7083-YNSKY,MultipleLines
6893-ODYYE,PhoneService
6893-ODYYE,OnlineSecurity
6893-ODYYE,OnlineBackup
6893-ODYYE,DeviceProtection
6893-ODYYE,TechSupport
6893-ODYYE,InternetService_Fiber
8242-JSVBO,PhoneService
8242-JSVBO,InternetService_DSL
2479-BRAMR,PhoneService
2479-BRAMR,MultipleLines
2479-BRAMR,OnlineSecurity
2479-BRAMR,DeviceProtection
2479-BRAMR,InternetService_Fiber
9541-ZPSEA,PhoneService
9541-ZPSEA,OnlineSecurity
9541-ZPSEA,DeviceProtection
9541-ZPSEA,InternetService_Fiber
2665-NPTGL,PhoneService
2665-NPTGL,MultipleLines
2665-NPTGL,DeviceProtection
2665-NPTGL,StreamingTV
2665-NPTGL,StreamingMovies
2665-NPTGL,InternetService_Fiber
1139-WUOAH,DeviceProtection
1139-WUOAH,TechSupport
1139-WUOAH,StreamingTV
1139-WUOAH,StreamingMovies
1139-WUOAH,InternetService_DSL
4693-VWVBO,PhoneService
7434-SHXLS,PhoneService
6937-GCDGQ,PhoneService
6937-GCDGQ,OnlineSecurity
6937-GCDGQ,InternetService_DSL
0988-JRWWP,PhoneService
0988-JRWWP,StreamingTV
0988-JRWWP,InternetService_DSL
5075-JSDKI,PhoneService
5075-JSDKI,MultipleLines
7908-QCBCA,PhoneService
7908-QCBCA,InternetService_Fiber
8644-XYTSV,OnlineSecurity
8644-XYTSV,StreamingTV
8644-XYTSV,InternetService_DSL
6711-FLDFB,PhoneService
6711-FLDFB,MultipleLines
6711-FLDFB,InternetService_Fiber
3873-WOSBC,PhoneService
3873-WOSBC,MultipleLines
7465-ZZRVX,PhoneService
7465-ZZRVX,InternetService_Fiber
7975-JMZNT,PhoneService
7975-JMZNT,MultipleLines
7975-JMZNT,OnlineSecurity
7975-JMZNT,OnlineBackup
7975-JMZNT,DeviceProtection
7975-JMZNT,TechSupport
7975-JMZNT,StreamingTV
7975-JMZNT,StreamingMovies
7975-JMZNT,InternetService_DSL
7251-XFOIL,PhoneService
7251-XFOIL,MultipleLines
7251-XFOIL,DeviceProtection
7251-XFOIL,StreamingMovies
7251-XFOIL,InternetService_Fiber
4116-IQRFR,PhoneService
4116-IQRFR,MultipleLines
3714-JTVOV,PhoneService
3714-JTVOV,OnlineSecurity
3714-JTVOV,InternetService_Fiber
8259-DZLIZ,PhoneService
8259-DZLIZ,MultipleLines
8259-DZLIZ,OnlineBackup
8259-DZLIZ,InternetService_DSL
0442-ZXKVS,PhoneService
0442-ZXKVS,MultipleLines
0442-ZXKVS,OnlineSecurity
0442-ZXKVS,OnlineBackup
0442-ZXKVS,DeviceProtection
0442-ZXKVS,TechSupport
0442-ZXKVS,StreamingTV
0442-ZXKVS,StreamingMovies
0442-ZXKVS,InternetService_Fiber
7853-WNZSY,PhoneService
3120-FAZKD,PhoneService
3120-FAZKD,MultipleLines
8606-OEGQZ,PhoneService
8606-OEGQZ,MultipleLines
0225-ZORZP,PhoneService
0225-ZORZP,OnlineBackup
0225-ZORZP,StreamingMovies
0225-ZORZP,InternetService_Fiber
4702-IOQDC,PhoneService
4702-IOQDC,InternetService_Fiber
9489-JMTTN,PhoneService
9489-JMTTN,MultipleLines
9489-JMTTN,OnlineSecurity
9489-JMTTN,OnlineBackup
9489-JMTTN,DeviceProtection
9489-JMTTN,TechSupport
9489-JMTTN,StreamingTV
9489-JMTTN,StreamingMovies
9489-JMTTN,InternetService_DSL
0575-CUQOV,PhoneService
0575-CUQOV,OnlineBackup
0575-CUQOV,DeviceProtection
0575-CUQOV,StreamingTV
0575-CUQOV,StreamingMovies
0575-CUQOV,InternetService_Fiber
0967-BMLBD,PhoneService
6178-KFNHS,PhoneService
6178-KFNHS,MultipleLines
6178-KFNHS,OnlineSecurity
6178-KFNHS,InternetService_Fiber
2830-LEWOA,PhoneService
2830-LEWOA,OnlineBackup
2830-LEWOA,DeviceProtection
2830-LEWOA,TechSupport
2830-LEWOA,StreamingTV
2830-LEWOA,StreamingMovies
2830-LEWOA,InternetService_Fiber
5006-MXVRN,PhoneService
1264-BYWMS,PhoneService
1264-BYWMS,MultipleLines
1264-BYWMS,StreamingTV
1264-BYWMS,StreamingMovies
1264-BYWMS,InternetService_Fiber
9658-WYUFB,PhoneService
9658-WYUFB,MultipleLines
9658-WYUFB,OnlineSecurity
9658-WYUFB,OnlineBackup
9658-WYUFB,StreamingTV
9658-WYUFB,InternetService_Fiber
8327-WKMIE,PhoneService
6917-FIJHC,PhoneService
6917-FIJHC,MultipleLines
5329-KRDTM,PhoneService
5329-KRDTM,MultipleLines
5329-KRDTM,OnlineBackup
5329-KRDTM,DeviceProtection
5329-KRDTM,TechSupport
5329-KRDTM,StreamingTV
5329-KRDTM,InternetService_DSL
7797-EJMDP,PhoneService
7797-EJMDP,OnlineSecurity
7797-EJMDP,TechSupport
7797-EJMDP,StreamingMovies
7797-EJMDP,InternetService_DSL
3530-VWVGU,PhoneService
2013-SGDXK,PhoneService
2013-SGDXK,OnlineBackup
2013-SGDXK,StreamingTV
2013-SGDXK,InternetService_Fiber
6368-NWMCE,PhoneService
6368-NWMCE,MultipleLines
6368-NWMCE,OnlineBackup
6368-NWMCE,TechSupport
6368-NWMCE,StreamingMovies
6368-NWMCE,InternetService_DSL
3633-CDBUW,PhoneService
3633-CDBUW,OnlineBackup
3633-CDBUW,DeviceProtection
3633-CDBUW,TechSupport
3633-CDBUW,StreamingTV
3633-CDBUW,StreamingMovies
3633-CDBUW,InternetService_DSL
0707-HOVVN,PhoneService
0707-HOVVN,MultipleLines
0707-HOVVN,OnlineBackup
0707-HOVVN,DeviceProtection
0707-HOVVN,TechSupport
0707-HOVVN,StreamingTV
0707-HOVVN,InternetService_DSL
8580-QVLOC,PhoneService
8580-QVLOC,MultipleLines
8580-QVLOC,OnlineSecurity
8580-QVLOC,OnlineBackup
8580-QVLOC,DeviceProtection
8580-QVLOC,TechSupport
8580-QVLOC,StreamingTV
8580-QVLOC,StreamingMovies
8580-QVLOC,InternetService_DSL
3956-MGXOG,PhoneService
3956-MGXOG,StreamingMovies
3956-MGXOG,InternetService_Fiber
9274-UARKJ,PhoneService
9274-UARKJ,OnlineBackup
9274-UARKJ,StreamingTV
9274-UARKJ,InternetService_Fiber
4077-HWUYD,PhoneService
4077-HWUYD,MultipleLines
4077-HWUYD,OnlineSecurity
4077-HWUYD,OnlineBackup
4077-HWUYD,DeviceProtection
4077-HWUYD,TechSupport
4077-HWUYD,StreamingTV
4077-HWUYD,StreamingMovies
4077-HWUYD,InternetService_DSL
2012-NWRPA,PhoneService
2012-NWRPA,MultipleLines
2012-NWRPA,DeviceProtection
2012-NWRPA,StreamingTV
2012-NWRPA,StreamingMovies
2012-NWRPA,InternetService_Fiber
8808-ELEHO,PhoneService
8808-ELEHO,MultipleLines
8808-ELEHO,DeviceProtection
8808-ELEHO,InternetService_Fiber
0103-CSITQ,PhoneService
0103-CSITQ,MultipleLines
0103-CSITQ,OnlineBackup
0103-CSITQ,DeviceProtection
0103-CSITQ,TechSupport
0103-CSITQ,StreamingTV
0103-CSITQ,StreamingMovies
0103-CSITQ,InternetService_Fiber
3506-LCJDC,PhoneService
8671-KKKOS,OnlineSecurity
8671-KKKOS,OnlineBackup
8671-KKKOS,StreamingTV
8671-KKKOS,InternetService_DSL
7305-ZWMAJ,PhoneService
9518-XXBXE,PhoneService
9518-XXBXE,OnlineSecurity
9518-XXBXE,InternetService_Fiber
3934-HXCFZ,PhoneService
3934-HXCFZ,MultipleLines
3934-HXCFZ,OnlineSecurity
3934-HXCFZ,OnlineBackup
3934-HXCFZ,DeviceProtection
3934-HXCFZ,StreamingTV
3934-HXCFZ,InternetService_Fiber
6578-KRMAW,PhoneService
6578-KRMAW,OnlineSecurity
6578-KRMAW,OnlineBackup
6578-KRMAW,DeviceProtection
6578-KRMAW,StreamingMovies
6578-KRMAW,InternetService_Fiber
4860-IJUDE,PhoneService
4860-IJUDE,OnlineSecurity
4860-IJUDE,InternetService_Fiber
7666-WKRON,PhoneService
7666-WKRON,DeviceProtection
7666-WKRON,TechSupport
7666-WKRON,InternetService_Fiber
9688-YGXVR,PhoneService
9688-YGXVR,OnlineBackup
9688-YGXVR,DeviceProtection
9688-YGXVR,StreamingTV
9688-YGXVR,InternetService_Fiber
0423-UDIJQ,PhoneService
0423-UDIJQ,TechSupport
0423-UDIJQ,InternetService_DSL
1945-XISKS,PhoneService
4910-AQFFX,PhoneService
4910-AQFFX,MultipleLines
4910-AQFFX,DeviceProtection
4910-AQFFX,InternetService_Fiber
2154-KVJFF,PhoneService
2154-KVJFF,MultipleLines
2154-KVJFF,OnlineBackup
2154-KVJFF,InternetService_Fiber
5360-LJCNJ,PhoneService
5360-LJCNJ,MultipleLines
5360-LJCNJ,OnlineBackup
5360-LJCNJ,DeviceProtection
5360-LJCNJ,StreamingTV
5360-LJCNJ,StreamingMovies
5360-LJCNJ,InternetService_Fiber
2607-FBDFF,PhoneService
2607-FBDFF,TechSupport
2607-FBDFF,InternetService_DSL
9647-ERGBE,PhoneService
9647-ERGBE,MultipleLines
9647-ERGBE,DeviceProtection
9647-ERGBE,StreamingTV
9647-ERGBE,StreamingMovies
9647-ERGBE,InternetService_Fiber
3428-XZMAZ,PhoneService
3428-XZMAZ,InternetService_Fiber
1100-DDVRV,OnlineBackup
1100-DDVRV,StreamingTV
1100-DDVRV,StreamingMovies
1100-DDVRV,InternetService_DSL
0378-TOVMS,PhoneService
0378-TOVMS,TechSupport
0378-TOVMS,StreamingMovies
0378-TOVMS,InternetService_Fiber
4355-HBJHH,PhoneService
4355-HBJHH,MultipleLines
4355-HBJHH,OnlineSecurity
4355-HBJHH,DeviceProtection
4355-HBJHH,StreamingTV
4355-HBJHH,StreamingMovies
4355-HBJHH,InternetService_DSL
6728-WYQBC,PhoneService
9058-CBREO,PhoneService
9058-CBREO,MultipleLines
9058-CBREO,InternetService_DSL
9029-FEGVJ,PhoneService
9029-FEGVJ,MultipleLines
9029-FEGVJ,DeviceProtection
9029-FEGVJ,InternetService_Fiber
7216-KAOID,PhoneService
0318-QUUOB,PhoneService
0318-QUUOB,StreamingTV
0318-QUUOB,InternetService_Fiber
6145-NNPNO,PhoneService
6145-NNPNO,InternetService_DSL
5520-FVEWJ,PhoneService
5520-FVEWJ,MultipleLines
5520-FVEWJ,OnlineBackup
5520-FVEWJ,DeviceProtection
5520-FVEWJ,InternetService_Fiber
5339-TJFEK,PhoneService
5339-TJFEK,MultipleLines
5339-TJFEK,OnlineSecurity
5339-TJFEK,OnlineBackup
5339-TJFEK,StreamingTV
5339-TJFEK,StreamingMovies
5339-TJFEK,InternetService_Fiber
5572-ZDXHY,PhoneService
5572-ZDXHY,OnlineBackup
5572-ZDXHY,StreamingMovies
5572-ZDXHY,InternetService_Fiber
2074-GUHPQ,PhoneService
2074-GUHPQ,MultipleLines
2074-GUHPQ,OnlineBackup
2074-GUHPQ,DeviceProtection
2074-GUHPQ,TechSupport
2074-GUHPQ,InternetService_Fiber
4625-XMOYM,PhoneService
4625-XMOYM,MultipleLines
5827-MWCZK,PhoneService
5827-MWCZK,MultipleLines
5827-MWCZK,OnlineBackup
5827-MWCZK,TechSupport
5827-MWCZK,StreamingTV
5827-MWCZK,InternetService_Fiber
1385-TQOZW,PhoneService
5914-XRFQB,PhoneService
5914-XRFQB,MultipleLines
5914-XRFQB,OnlineSecurity
5914-XRFQB,OnlineBackup
5914-XRFQB,DeviceProtection
5914-XRFQB,TechSupport
5914-XRFQB,StreamingTV
5914-XRFQB,StreamingMovies
5914-XRFQB,InternetService_Fiber
4329-YPDDQ,PhoneService
4329-YPDDQ,OnlineSecurity
4329-YPDDQ,OnlineBackup
4329-YPDDQ,DeviceProtection
4329-YPDDQ,TechSupport
4329-YPDDQ,StreamingTV
4329-YPDDQ,StreamingMovies
4329-YPDDQ,InternetService_Fiber
4804-NCPET,PhoneService
3750-CKVKH,PhoneService
3750-CKVKH,InternetService_Fiber
5944-UGLLK,DeviceProtection
5944-UGLLK,TechSupport
5944-UGLLK,StreamingTV
5944-UGLLK,StreamingMovies
5944-UGLLK,InternetService_DSL
8063-GBATB,PhoneService
8063-GBATB,MultipleLines
8063-GBATB,StreamingMovies
8063-GBATB,InternetService_Fiber
7787-BNTZM,PhoneService
2252-ISRNH,PhoneService
2252-ISRNH,MultipleLines
2252-ISRNH,DeviceProtection
2252-ISRNH,StreamingTV
2252-ISRNH,InternetService_Fiber
9415-TPKRV,PhoneService
9415-TPKRV,MultipleLines
9415-TPKRV,OnlineBackup
9415-TPKRV,InternetService_DSL
5322-TEUJK,PhoneService
5322-TEUJK,MultipleLines
5322-TEUJK,OnlineSecurity
5322-TEUJK,OnlineBackup
5322-TEUJK,DeviceProtection
5322-TEUJK,TechSupport
5322-TEUJK,StreamingTV
5322-TEUJK,StreamingMovies
5322-TEUJK,InternetService_Fiber
4547-KQRTM,PhoneService
4547-KQRTM,MultipleLines
4547-KQRTM,OnlineBackup
4547-KQRTM,InternetService_Fiber
4877-EVATK,PhoneService
1866-DIOQZ,OnlineSecurity
1866-DIOQZ,OnlineBackup
1866-DIOQZ,DeviceProtection
1866-DIOQZ,TechSupport
1866-DIOQZ,StreamingTV
1866-DIOQZ,StreamingMovies
1866-DIOQZ,InternetService_DSL
8375-KVTHK,PhoneService
8375-KVTHK,OnlineBackup
8375-KVTHK,TechSupport
8375-KVTHK,StreamingTV
8375-KVTHK,StreamingMovies
8375-KVTHK,InternetService_Fiber
2697-NQBPF,PhoneService
2697-NQBPF,MultipleLines
2697-NQBPF,OnlineBackup
2697-NQBPF,TechSupport
2697-NQBPF,StreamingTV
2697-NQBPF,StreamingMovies
2697-NQBPF,InternetService_Fiber
3709-OIJEA,PhoneService
3709-OIJEA,OnlineBackup
3709-OIJEA,DeviceProtection
3709-OIJEA,TechSupport
3709-OIJEA,InternetService_Fiber
7639-SUPCW,PhoneService
7639-SUPCW,OnlineSecurity
7639-SUPCW,InternetService_DSL
1386-ZIKUV,PhoneService
0599-XNYDO,PhoneService
0599-XNYDO,InternetService_Fiber
6377-WHAOX,PhoneService
6377-WHAOX,MultipleLines
6377-WHAOX,OnlineBackup
6377-WHAOX,DeviceProtection
6377-WHAOX,StreamingTV
6377-WHAOX,StreamingMovies
6377-WHAOX,InternetService_Fiber
6855-VLGOS,PhoneService
8999-XXGNS,PhoneService
8999-XXGNS,MultipleLines
8999-XXGNS,OnlineBackup
8999-XXGNS,DeviceProtection
8999-XXGNS,StreamingTV
8999-XXGNS,StreamingMovies
8999-XXGNS,InternetService_Fiber
8746-OQQRW,PhoneService
8746-OQQRW,MultipleLines
3181-MIZBN,PhoneService
0471-ARVMX,PhoneService
0471-ARVMX,MultipleLines
0471-ARVMX,OnlineSecurity
0471-ARVMX,DeviceProtection
0471-ARVMX,StreamingTV
0471-ARVMX,StreamingMovies
0471-ARVMX,InternetService_Fiber
7766-CLTIC,PhoneService
7766-CLTIC,TechSupport
7766-CLTIC,StreamingMovies
7766-CLTIC,InternetService_DSL
5650-YLIBA,PhoneService
5650-YLIBA,MultipleLines
5650-YLIBA,OnlineBackup
5650-YLIBA,InternetService_Fiber
0825-CPPQH,PhoneService
9084-OAYKL,PhoneService
6122-LJADA,PhoneService
6122-LJADA,MultipleLines
6122-LJADA,OnlineSecurity
6122-LJADA,OnlineBackup
6122-LJADA,DeviceProtection
6122-LJADA,TechSupport
6122-LJADA,StreamingTV
6122-LJADA,StreamingMovies
6122-LJADA,InternetService_DSL
2400-XIWIO,PhoneService
2400-XIWIO,MultipleLines
2400-XIWIO,OnlineSecurity
2400-XIWIO,OnlineBackup
2400-XIWIO,DeviceProtection
2400-XIWIO,TechSupport
2400-XIWIO,StreamingTV
2400-XIWIO,StreamingMovies
2400-XIWIO,InternetService_DSL
7524-VRLPL,PhoneService
7524-VRLPL,MultipleLines
7524-VRLPL,OnlineSecurity
7524-VRLPL,DeviceProtection
7524-VRLPL,TechSupport
7524-VRLPL,StreamingMovies
7524-VRLPL,InternetService_DSL
1069-XAIEM,PhoneService
1069-XAIEM,MultipleLines
1069-XAIEM,StreamingMovies
1069-XAIEM,InternetService_Fiber
7569-NMZYQ,PhoneService
7569-NMZYQ,MultipleLines
7569-NMZYQ,OnlineSecurity
7569-NMZYQ,OnlineBackup
7569-NMZYQ,DeviceProtection
7569-NMZYQ,TechSupport
7569-NMZYQ,StreamingTV
7569-NMZYQ,StreamingMovies
7569-NMZYQ,InternetService_Fiber
5201-USSQZ,PhoneService
5201-USSQZ,TechSupport
5201-USSQZ,StreamingMovies
5201-USSQZ,InternetService_Fiber
2105-PHWON,PhoneService
2105-PHWON,MultipleLines
2105-PHWON,DeviceProtection
2105-PHWON,TechSupport
2105-PHWON,StreamingMovies
2105-PHWON,InternetService_Fiber
1494-EJZDW,PhoneService
4884-TVUQF,PhoneService
4884-TVUQF,MultipleLines
4884-TVUQF,OnlineSecurity
4884-TVUQF,DeviceProtection
4884-TVUQF,TechSupport
4884-TVUQF,StreamingMovies
4884-TVUQF,InternetService_Fiber
8003-EWNDZ,PhoneService
1897-RCFUM,PhoneService
1897-RCFUM,MultipleLines
9256-JTBNZ,PhoneService
4658-HCOHW,PhoneService
4658-HCOHW,OnlineBackup
4658-HCOHW,DeviceProtection
4658-HCOHW,TechSupport
4658-HCOHW,StreamingTV
4658-HCOHW,StreamingMovies
4658-HCOHW,InternetService_Fiber
2211-RMNHO,PhoneService
2211-RMNHO,MultipleLines
2211-RMNHO,OnlineBackup
2211-RMNHO,DeviceProtection
2211-RMNHO,TechSupport
2211-RMNHO,StreamingTV
2211-RMNHO,StreamingMovies
2211-RMNHO,InternetService_DSL
2432-TFSMK,PhoneService
2432-TFSMK,MultipleLines
2432-TFSMK,DeviceProtection
2432-TFSMK,StreamingTV
2432-TFSMK,InternetService_Fiber
3440-JPSCL,PhoneService
3440-JPSCL,DeviceProtection
3440-JPSCL,TechSupport
3440-JPSCL,StreamingTV
3440-JPSCL,StreamingMovies
3440-JPSCL,InternetService_Fiber
4929-ROART,PhoneService
4929-ROART,MultipleLines
4929-ROART,OnlineSecurity
4929-ROART,InternetService_DSL
1834-ABKHQ,PhoneService
1834-ABKHQ,DeviceProtection
1834-ABKHQ,InternetService_DSL
1741-WTPON,PhoneService
1741-WTPON,MultipleLines
1741-WTPON,OnlineSecurity
1741-WTPON,OnlineBackup
1741-WTPON,DeviceProtection
1741-WTPON,TechSupport
1741-WTPON,StreamingTV
1741-WTPON,StreamingMovies
1741-WTPON,InternetService_Fiber
3932-IJWDZ,PhoneService
3932-IJWDZ,MultipleLines
3932-IJWDZ,DeviceProtection
3932-IJWDZ,TechSupport
3932-IJWDZ,StreamingTV
3932-IJWDZ,StreamingMovies
3932-IJWDZ,InternetService_Fiber
1240-HCBOH,PhoneService
1240-HCBOH,MultipleLines
3594-KADLU,OnlineSecurity
3594-KADLU,TechSupport
3594-KADLU,InternetService_DSL
8065-BVEPF,PhoneService
8065-BVEPF,OnlineBackup
8065-BVEPF,DeviceProtection
8065-BVEPF,StreamingTV
8065-BVEPF,StreamingMovies
8065-BVEPF,InternetService_Fiber
3796-ENZGF,PhoneService
3796-ENZGF,MultipleLines
3796-ENZGF,OnlineBackup
3796-ENZGF,TechSupport
3796-ENZGF,StreamingMovies
3796-ENZGF,InternetService_DSL
1734-ZMNTZ,PhoneService
1734-ZMNTZ,MultipleLines
2853-CWQFQ,PhoneService
2853-CWQFQ,TechSupport
2853-CWQFQ,StreamingMovies
2853-CWQFQ,InternetService_DSL
0813-TAXXS,PhoneService
0813-TAXXS,MultipleLines
0813-TAXXS,DeviceProtection
0813-TAXXS,StreamingTV
0813-TAXXS,StreamingMovies
0813-TAXXS,InternetService_DSL
2519-TWKFS,PhoneService
2519-TWKFS,MultipleLines
2519-TWKFS,TechSupport
2519-TWKFS,InternetService_DSL
2889-FPWRM,PhoneService
2889-FPWRM,MultipleLines
2889-FPWRM,OnlineSecurity
2889-FPWRM,OnlineBackup
2889-FPWRM,DeviceProtection
2889-FPWRM,TechSupport
2889-FPWRM,StreamingTV
2889-FPWRM,StreamingMovies
2889-FPWRM,InternetService_Fiber
0626-QXNGV,PhoneService
0626-QXNGV,MultipleLines
6723-CEGQI,OnlineBackup
6723-CEGQI,TechSupport
6723-CEGQI,StreamingTV
6723-CEGQI,InternetService_DSL
6987-XQSJT,PhoneService
6987-XQSJT,MultipleLines
6987-XQSJT,OnlineBackup
6987-XQSJT,InternetService_Fiber
4732-RRJZC,PhoneService
9499-XPZXM,PhoneService
9499-XPZXM,MultipleLines
9499-XPZXM,OnlineSecurity
9499-XPZXM,OnlineBackup
9499-XPZXM,TechSupport
9499-XPZXM,InternetService_DSL
4338-EYCER,PhoneService
4338-EYCER,StreamingTV
4338-EYCER,InternetService_DSL
3007-FDPEA,PhoneService
6350-XFYGW,PhoneService
6350-XFYGW,DeviceProtection
6350-XFYGW,StreamingTV
6350-XFYGW,StreamingMovies
6350-XFYGW,InternetService_Fiber
4290-BSXUX,PhoneService
4290-BSXUX,MultipleLines
4290-BSXUX,TechSupport
4290-BSXUX,InternetService_Fiber
8513-OLYGY,PhoneService
8513-OLYGY,MultipleLines
8513-OLYGY,OnlineSecurity
8513-OLYGY,OnlineBackup
8513-OLYGY,DeviceProtection
8513-OLYGY,TechSupport
8513-OLYGY,StreamingTV
8513-OLYGY,StreamingMovies
8513-OLYGY,InternetService_Fiber
0311-QYWSS,PhoneService
0311-QYWSS,OnlineSecurity
0311-QYWSS,InternetService_DSL
8705-DWKTI,PhoneService
8705-DWKTI,DeviceProtection
8705-DWKTI,StreamingMovies
8705-DWKTI,InternetService_Fiber
8755-IWJHN,PhoneService
8755-IWJHN,MultipleLines
8755-IWJHN,OnlineBackup
8755-IWJHN,DeviceProtection
8755-IWJHN,StreamingMovies
8755-IWJHN,InternetService_Fiber
0325-XBFAC,PhoneService
0325-XBFAC,DeviceProtection
0325-XBFAC,StreamingTV
0325-XBFAC,StreamingMovies
0325-XBFAC,InternetService_Fiber
4480-QQRHC,PhoneService
4480-QQRHC,DeviceProtection
4480-QQRHC,InternetService_Fiber
0929-PECLO,PhoneService
0929-PECLO,MultipleLines
0929-PECLO,DeviceProtection
0929-PECLO,StreamingMovies
0929-PECLO,InternetService_Fiber
3680-CTHUH,PhoneService
3680-CTHUH,MultipleLines
3680-CTHUH,OnlineSecurity
3680-CTHUH,OnlineBackup
3680-CTHUH,DeviceProtection
3680-CTHUH,TechSupport
3680-CTHUH,StreamingTV
3680-CTHUH,StreamingMovies
3680-CTHUH,InternetService_Fiber
1202-KKGFU,PhoneService
1202-KKGFU,OnlineSecurity
1202-KKGFU,TechSupport
1202-KKGFU,InternetService_DSL
6112-KTHFQ,PhoneService
1852-XEMDW,PhoneService
1852-XEMDW,MultipleLines
1852-XEMDW,OnlineSecurity
1852-XEMDW,OnlineBackup
1852-XEMDW,DeviceProtection
1852-XEMDW,InternetService_DSL
2462-XIIJB,PhoneService
2462-XIIJB,MultipleLines
2462-XIIJB,DeviceProtection
2462-XIIJB,StreamingTV
2462-XIIJB,InternetService_Fiber
4760-XOHVN,PhoneService
1820-DJFPH,PhoneService
1820-DJFPH,MultipleLines
9426-SXNHE,PhoneService
9068-FHQHD,PhoneService
1269-FOYWN,PhoneService
9470-YFUYI,PhoneService
9470-YFUYI,OnlineSecurity
9470-YFUYI,OnlineBackup
9470-YFUYI,TechSupport
9470-YFUYI,StreamingTV
9470-YFUYI,InternetService_DSL
7817-BOQPW,PhoneService
7817-BOQPW,MultipleLines
7817-BOQPW,InternetService_Fiber
7402-EYFXX,PhoneService
7402-EYFXX,MultipleLines
7402-EYFXX,StreamingTV
7402-EYFXX,StreamingMovies
7402-EYFXX,InternetService_Fiber
1853-UDXBW,PhoneService
1853-UDXBW,InternetService_Fiber
9895-VFOXH,InternetService_DSL
5458-CQJTA,PhoneService
5458-CQJTA,OnlineSecurity
5458-CQJTA,TechSupport
5458-CQJTA,StreamingTV
5458-CQJTA,StreamingMovies
5458-CQJTA,InternetService_DSL
1230-QAJDW,PhoneService
1230-QAJDW,MultipleLines
1230-QAJDW,TechSupport
1230-QAJDW,StreamingTV
1230-QAJDW,InternetService_DSL
5701-ZIKJE,PhoneService
5701-ZIKJE,TechSupport
5701-ZIKJE,InternetService_DSL
5219-YIPTK,PhoneService
5219-YIPTK,MultipleLines
5219-YIPTK,OnlineBackup
5219-YIPTK,DeviceProtection
5219-YIPTK,StreamingTV
5219-YIPTK,StreamingMovies
5219-YIPTK,InternetService_Fiber
5032-MIYKT,PhoneService
5032-MIYKT,InternetService_Fiber
7396-VJUZB,PhoneService
7396-VJUZB,InternetService_DSL
9717-QEBGU,PhoneService
9717-QEBGU,InternetService_Fiber
5172-RKOCB,PhoneService
5172-RKOCB,MultipleLines
5172-RKOCB,OnlineSecurity
5172-RKOCB,OnlineBackup
5172-RKOCB,TechSupport
5172-RKOCB,StreamingTV
5172-RKOCB,StreamingMovies
5172-RKOCB,InternetService_Fiber
6509-TSGWN,PhoneService
6509-TSGWN,MultipleLines
3540-RZJYU,PhoneService
3540-RZJYU,OnlineSecurity
3540-RZJYU,StreamingTV
3540-RZJYU,InternetService_Fiber
3178-CIFOT,PhoneService
2091-MJTFX,TechSupport
2091-MJTFX,StreamingTV
2091-MJTFX,StreamingMovies
2091-MJTFX,InternetService_DSL
4530-NDRKU,PhoneService
5985-TBABQ,PhoneService
5985-TBABQ,MultipleLines
5985-TBABQ,OnlineSecurity
5985-TBABQ,StreamingTV
5985-TBABQ,StreamingMovies
5985-TBABQ,InternetService_DSL
9800-ONTFE,PhoneService
9800-ONTFE,MultipleLines
9800-ONTFE,InternetService_Fiber
6743-HHQPF,InternetService_DSL
8455-HIRAQ,PhoneService
8455-HIRAQ,InternetService_DSL
6616-AALSR,PhoneService
6616-AALSR,MultipleLines
6616-AALSR,OnlineSecurity
6616-AALSR,DeviceProtection
6616-AALSR,StreamingTV
6616-AALSR,StreamingMovies
6616-AALSR,InternetService_Fiber
0883-EIBTI,PhoneService
9415-ZNBSX,PhoneService
9415-ZNBSX,MultipleLines
9415-ZNBSX,OnlineSecurity
9415-ZNBSX,OnlineBackup
9415-ZNBSX,DeviceProtection
9415-ZNBSX,TechSupport
9415-ZNBSX,StreamingTV
9415-ZNBSX,StreamingMovies
9415-ZNBSX,InternetService_DSL
4018-KJYUY,PhoneService
0722-TROQR,PhoneService
0722-TROQR,MultipleLines
0722-TROQR,InternetService_Fiber
7571-YXDAD,PhoneService
7571-YXDAD,MultipleLines
7571-YXDAD,InternetService_Fiber
3884-UEBXB,OnlineSecurity
3884-UEBXB,OnlineBackup
3884-UEBXB,InternetService_DSL
8780-RSYYU,PhoneService
5537-UXXVS,PhoneService
1791-PQHBB,PhoneService
1791-PQHBB,OnlineSecurity
1791-PQHBB,StreamingMovies
1791-PQHBB,InternetService_DSL
8701-DGLVH,PhoneService
8741-LQOBK,OnlineSecurity
8741-LQOBK,OnlineBackup
8741-LQOBK,InternetService_DSL
3393-FMZPV,PhoneService
3393-FMZPV,MultipleLines
3393-FMZPV,OnlineBackup
3393-FMZPV,StreamingTV
3393-FMZPV,StreamingMovies
3393-FMZPV,InternetService_Fiber
8082-GHXOP,PhoneService
8082-GHXOP,InternetService_DSL
6402-ZFPPI,PhoneService
6402-ZFPPI,MultipleLines
6402-ZFPPI,OnlineSecurity
6402-ZFPPI,OnlineBackup
6402-ZFPPI,StreamingTV
6402-ZFPPI,StreamingMovies
6402-ZFPPI,InternetService_Fiber
0980-FEXWF,PhoneService
0980-FEXWF,DeviceProtection
0980-FEXWF,InternetService_DSL
7486-KSRVI,PhoneService
7486-KSRVI,MultipleLines
7486-KSRVI,TechSupport
7486-KSRVI,StreamingTV
7486-KSRVI,StreamingMovies
7486-KSRVI,InternetService_Fiber
3011-WQKSZ,PhoneService
8443-WVPSS,PhoneService
8443-WVPSS,OnlineBackup
8443-WVPSS,TechSupport
8443-WVPSS,StreamingTV
8443-WVPSS,StreamingMovies
8443-WVPSS,InternetService_Fiber
3006-XIMLN,PhoneService
3006-XIMLN,MultipleLines
3006-XIMLN,StreamingTV
3006-XIMLN,StreamingMovies
3006-XIMLN,InternetService_Fiber
8218-FFJDS,PhoneService
8218-FFJDS,MultipleLines
8218-FFJDS,OnlineSecurity
8218-FFJDS,OnlineBackup
8218-FFJDS,TechSupport
8218-FFJDS,StreamingTV
8218-FFJDS,StreamingMovies
8218-FFJDS,InternetService_DSL
1986-PHGZF,PhoneService
1986-PHGZF,MultipleLines
1986-PHGZF,OnlineSecurity
1986-PHGZF,OnlineBackup
1986-PHGZF,InternetService_DSL
9965-YOKZB,PhoneService
9965-YOKZB,MultipleLines
9965-YOKZB,StreamingMovies
9965-YOKZB,InternetService_Fiber
0504-HHAPI,PhoneService
0504-HHAPI,MultipleLines
0504-HHAPI,DeviceProtection
0504-HHAPI,StreamingMovies
0504-HHAPI,InternetService_Fiber
9360-OMDZZ,PhoneService
9360-OMDZZ,MultipleLines
9360-OMDZZ,StreamingTV
9360-OMDZZ,StreamingMovies
9360-OMDZZ,InternetService_Fiber
6305-YLBMM,PhoneService
6305-YLBMM,OnlineBackup
6305-YLBMM,DeviceProtection
6305-YLBMM,TechSupport
6305-YLBMM,StreamingTV
6305-YLBMM,StreamingMovies
6305-YLBMM,InternetService_Fiber
0345-XMMUG,PhoneService
0345-XMMUG,MultipleLines
0345-XMMUG,OnlineBackup
0345-XMMUG,DeviceProtection
0345-XMMUG,TechSupport
0345-XMMUG,StreamingTV
0345-XMMUG,StreamingMovies
0345-XMMUG,InternetService_Fiber
8024-XNAFQ,PhoneService
8024-XNAFQ,MultipleLines
8024-XNAFQ,OnlineSecurity
8024-XNAFQ,OnlineBackup
8024-XNAFQ,DeviceProtection
8024-XNAFQ,TechSupport
8024-XNAFQ,StreamingMovies
8024-XNAFQ,InternetService_Fiber
3647-GMGDH,PhoneService
3647-GMGDH,DeviceProtection
3647-GMGDH,StreamingTV
3647-GMGDH,StreamingMovies
3647-GMGDH,InternetService_Fiber
2988-GBIVW,PhoneService
2988-GBIVW,MultipleLines
2988-GBIVW,OnlineSecurity
2988-GBIVW,StreamingMovies
2988-GBIVW,InternetService_Fiber
2832-SCUCO,PhoneService
7036-ZZKBD,PhoneService
7036-ZZKBD,DeviceProtection
7036-ZZKBD,TechSupport
7036-ZZKBD,StreamingMovies
7036-ZZKBD,InternetService_DSL
3791-LGQCY,PhoneService
3791-LGQCY,MultipleLines
3791-LGQCY,DeviceProtection
3791-LGQCY,StreamingTV
3791-LGQCY,StreamingMovies
3791-LGQCY,InternetService_Fiber
0265-PSUAE,PhoneService
0265-PSUAE,OnlineSecurity
0265-PSUAE,DeviceProtection
0265-PSUAE,StreamingTV
0265-PSUAE,StreamingMovies
0265-PSUAE,InternetService_Fiber
0463-TXOAK,PhoneService
0463-TXOAK,MultipleLines
0594-UFTUL,PhoneService
9509-MPYOD,PhoneService
9128-CPXKI,PhoneService
9128-CPXKI,DeviceProtection
9128-CPXKI,StreamingTV
9128-CPXKI,StreamingMovies
9128-CPXKI,InternetService_Fiber
0129-KPTWJ,PhoneService
0129-KPTWJ,DeviceProtection
0129-KPTWJ,StreamingTV
0129-KPTWJ,StreamingMovies
0129-KPTWJ,InternetService_Fiber
8166-ZZTFS,PhoneService
8166-ZZTFS,MultipleLines
8166-ZZTFS,OnlineBackup
8166-ZZTFS,DeviceProtection
8166-ZZTFS,StreamingTV
8166-ZZTFS,StreamingMovies
8166-ZZTFS,InternetService_DSL
5855-EIBDE,PhoneService
5855-EIBDE,MultipleLines
5855-EIBDE,OnlineSecurity
5855-EIBDE,OnlineBackup
5855-EIBDE,DeviceProtection
5855-EIBDE,TechSupport
5855-EIBDE,StreamingMovies
5855-EIBDE,InternetService_Fiber
5365-LLFYV,PhoneService
5365-LLFYV,InternetService_DSL
5956-YHHRX,PhoneService
5956-YHHRX,MultipleLines
5956-YHHRX,OnlineBackup
5956-YHHRX,DeviceProtection
5956-YHHRX,StreamingTV
5956-YHHRX,StreamingMovies
5956-YHHRX,InternetService_Fiber
6008-NAIXK,OnlineBackup
6008-NAIXK,DeviceProtection
6008-NAIXK,StreamingTV
6008-NAIXK,StreamingMovies
6008-NAIXK,InternetService_DSL
2956-GGUCQ,PhoneService
2956-GGUCQ,MultipleLines
2956-GGUCQ,OnlineSecurity
2956-GGUCQ,InternetService_Fiber
1928-BXYIV,PhoneService
1928-BXYIV,MultipleLines
1928-BXYIV,OnlineSecurity
1928-BXYIV,OnlineBackup
1928-BXYIV,InternetService_DSL
5760-FXFVO,PhoneService
5760-FXFVO,OnlineSecurity
5760-FXFVO,OnlineBackup
5760-FXFVO,InternetService_Fiber
6595-COKXZ,PhoneService
6595-COKXZ,InternetService_DSL
0961-ZWLVI,PhoneService
0961-ZWLVI,MultipleLines
0961-ZWLVI,OnlineSecurity
0961-ZWLVI,OnlineBackup
0961-ZWLVI,DeviceProtection
0961-ZWLVI,StreamingTV
0961-ZWLVI,StreamingMovies
0961-ZWLVI,InternetService_Fiber
5181-OABFK,PhoneService
5181-OABFK,OnlineSecurity
5181-OABFK,OnlineBackup
5181-OABFK,DeviceProtection
5181-OABFK,InternetService_DSL
4007-NHVHI,PhoneService
4007-NHVHI,MultipleLines
4007-NHVHI,OnlineSecurity
4007-NHVHI,OnlineBackup
4007-NHVHI,StreamingMovies
4007-NHVHI,InternetService_Fiber
7816-VGHTO,OnlineBackup
7816-VGHTO,DeviceProtection
7816-VGHTO,TechSupport
7816-VGHTO,InternetService_DSL
5871-DGTXZ,PhoneService
7550-WIQVA,PhoneService
7550-WIQVA,MultipleLines
7550-WIQVA,OnlineSecurity
7550-WIQVA,OnlineBackup
7550-WIQVA,DeviceProtection
7550-WIQVA,StreamingTV
7550-WIQVA,StreamingMovies
7550-WIQVA,InternetService_Fiber
7544-ZVIKX,PhoneService
7544-ZVIKX,MultipleLines
7544-ZVIKX,DeviceProtection
7544-ZVIKX,TechSupport
7544-ZVIKX,StreamingTV
7544-ZVIKX,StreamingMovies
7544-ZVIKX,InternetService_Fiber
0016-QLJIS,PhoneService
0016-QLJIS,MultipleLines
0016-QLJIS,OnlineSecurity
0016-QLJIS,OnlineBackup
0016-QLJIS,DeviceProtection
0016-QLJIS,TechSupport
0016-QLJIS,StreamingTV
0016-QLJIS,StreamingMovies
0016-QLJIS,InternetService_DSL
7508-DQAKK,PhoneService
7508-DQAKK,MultipleLines
7508-DQAKK,OnlineSecurity
7508-DQAKK,OnlineBackup
7508-DQAKK,DeviceProtection
7508-DQAKK,TechSupport
7508-DQAKK,StreamingTV
7508-DQAKK,StreamingMovies
7508-DQAKK,InternetService_DSL
5176-OLSKT,PhoneService
5176-OLSKT,MultipleLines
5176-OLSKT,OnlineSecurity
5176-OLSKT,OnlineBackup
5176-OLSKT,DeviceProtection
5176-OLSKT,InternetService_DSL
9356-AXGMP,PhoneService
9356-AXGMP,MultipleLines
9356-AXGMP,OnlineSecurity
9356-AXGMP,DeviceProtection
9356-AXGMP,TechSupport
9356-AXGMP,StreamingTV
9356-AXGMP,StreamingMovies
9356-AXGMP,InternetService_Fiber
3556-BVQGL,PhoneService
0362-ZBZWJ,PhoneService
0362-ZBZWJ,MultipleLines
0362-ZBZWJ,StreamingMovies
0362-ZBZWJ,InternetService_Fiber
8979-CAMGB,PhoneService
8979-CAMGB,MultipleLines
8979-CAMGB,DeviceProtection
8979-CAMGB,TechSupport
8979-CAMGB,StreamingTV
8979-CAMGB,StreamingMovies
8979-CAMGB,InternetService_Fiber
4211-MMAZN,PhoneService
7581-EBBOU,PhoneService
7581-EBBOU,OnlineBackup
7581-EBBOU,DeviceProtection
7581-EBBOU,TechSupport
7581-EBBOU,StreamingTV
7581-EBBOU,InternetService_DSL
4274-OWWYO,PhoneService
4274-OWWYO,OnlineBackup
4274-OWWYO,InternetService_Fiber
5073-RZGBK,PhoneService
5073-RZGBK,MultipleLines
5073-RZGBK,OnlineSecurity
5073-RZGBK,OnlineBackup
5073-RZGBK,DeviceProtection
5073-RZGBK,TechSupport
5073-RZGBK,StreamingMovies
5073-RZGBK,InternetService_DSL
1541-ETJZO,PhoneService
1541-ETJZO,MultipleLines
1541-ETJZO,DeviceProtection
1541-ETJZO,TechSupport
1541-ETJZO,InternetService_DSL
2192-CKRLV,OnlineSecurity
2192-CKRLV,OnlineBackup
2192-CKRLV,DeviceProtection
2192-CKRLV,StreamingMovies
2192-CKRLV,InternetService_DSL
3154-HMWUU,PhoneService
6119-SPUDB,OnlineSecurity
6119-SPUDB,DeviceProtection
6119-SPUDB,TechSupport
6119-SPUDB,InternetService_DSL
6522-OIQSX,OnlineBackup
6522-OIQSX,DeviceProtection
6522-OIQSX,StreamingTV
6522-OIQSX,StreamingMovies
6522-OIQSX,InternetService_DSL
7813-ZGGAW,PhoneService
7813-ZGGAW,MultipleLines
7813-ZGGAW,DeviceProtection
7813-ZGGAW,TechSupport
7813-ZGGAW,StreamingTV
7813-ZGGAW,InternetService_Fiber
8748-HFWBO,PhoneService
1052-QJIBV,PhoneService
1319-YLZJG,PhoneService
1319-YLZJG,OnlineSecurity
1319-YLZJG,OnlineBackup
1319-YLZJG,DeviceProtection
1319-YLZJG,InternetService_Fiber
4106-HADHQ,PhoneService
4106-HADHQ,OnlineSecurity
4106-HADHQ,DeviceProtection
4106-HADHQ,TechSupport
4106-HADHQ,StreamingTV
4106-HADHQ,StreamingMovies
4106-HADHQ,InternetService_DSL
0723-FDLAY,PhoneService
0723-FDLAY,MultipleLines
0723-FDLAY,OnlineBackup
0723-FDLAY,DeviceProtection
0723-FDLAY,TechSupport
0723-FDLAY,StreamingTV
0723-FDLAY,StreamingMovies
0723-FDLAY,InternetService_DSL
3050-RLLXC,PhoneService
3050-RLLXC,MultipleLines
3050-RLLXC,OnlineSecurity
3050-RLLXC,OnlineBackup
3050-RLLXC,DeviceProtection
3050-RLLXC,TechSupport
3050-RLLXC,StreamingTV
3050-RLLXC,InternetService_DSL
9298-WGMRW,PhoneService
9298-WGMRW,MultipleLines
9298-WGMRW,OnlineSecurity
9298-WGMRW,OnlineBackup
9298-WGMRW,DeviceProtection
9298-WGMRW,TechSupport
9298-WGMRW,StreamingTV
9298-WGMRW,StreamingMovies
9298-WGMRW,InternetService_Fiber
2369-UAPKZ,PhoneService
2369-UAPKZ,MultipleLines
2369-UAPKZ,OnlineBackup
2369-UAPKZ,DeviceProtection
2369-UAPKZ,StreamingTV
2369-UAPKZ,StreamingMovies
2369-UAPKZ,InternetService_Fiber
3088-LHEFH,PhoneService
3088-LHEFH,MultipleLines
3088-LHEFH,OnlineSecurity
3088-LHEFH,InternetService_Fiber
2778-OCLGR,OnlineSecurity
2778-OCLGR,StreamingMovies
2778-OCLGR,InternetService_DSL
6583-KQJLK,PhoneService
6583-KQJLK,OnlineBackup
6583-KQJLK,StreamingTV
6583-KQJLK,StreamingMovies
6583-KQJLK,InternetService_Fiber
8544-JNBOX,PhoneService
6681-ZSEXG,PhoneService
6681-ZSEXG,MultipleLines
6681-ZSEXG,OnlineBackup
6681-ZSEXG,DeviceProtection
6681-ZSEXG,InternetService_DSL
6139-ZZRBQ,PhoneService
6116-RFVHN,PhoneService
6116-RFVHN,MultipleLines
6116-RFVHN,DeviceProtection
6116-RFVHN,StreamingTV
6116-RFVHN,StreamingMovies
6116-RFVHN,InternetService_Fiber
0637-KVDLV,PhoneService
0637-KVDLV,MultipleLines
0637-KVDLV,InternetService_Fiber
8884-FEEWR,PhoneService
3125-RAHBV,PhoneService
6633-MPWBS,PhoneService
6633-MPWBS,TechSupport
6633-MPWBS,InternetService_DSL
0373-AIVNJ,OnlineSecurity
0373-AIVNJ,OnlineBackup
0373-AIVNJ,DeviceProtection
0373-AIVNJ,InternetService_DSL
8785-EPNCG,PhoneService
8785-EPNCG,MultipleLines
1682-VCOIO,PhoneService
5729-KLZAR,PhoneService
5729-KLZAR,StreamingMovies
5729-KLZAR,InternetService_Fiber
2072-ZVJJX,PhoneService
2072-ZVJJX,MultipleLines
8849-AYPTR,PhoneService
8849-AYPTR,StreamingTV
8849-AYPTR,StreamingMovies
8849-AYPTR,InternetService_Fiber
9518-IMLHK,PhoneService
9518-IMLHK,OnlineSecurity
9518-IMLHK,OnlineBackup
9518-IMLHK,DeviceProtection
9518-IMLHK,TechSupport
9518-IMLHK,StreamingTV
9518-IMLHK,InternetService_DSL
1582-RAFML,PhoneService
1582-RAFML,MultipleLines
1582-RAFML,OnlineBackup
1582-RAFML,TechSupport
1582-RAFML,InternetService_DSL
3646-ITDGM,PhoneService
8740-CRYFY,PhoneService
8740-CRYFY,StreamingTV
8740-CRYFY,InternetService_Fiber
3569-VLDHH,PhoneService
3569-VLDHH,OnlineSecurity
3569-VLDHH,OnlineBackup
3569-VLDHH,DeviceProtection
3569-VLDHH,TechSupport
3569-VLDHH,StreamingTV
3569-VLDHH,InternetService_DSL
8224-KDLKN,PhoneService
8224-KDLKN,MultipleLines
7594-LZNWR,PhoneService
7594-LZNWR,InternetService_Fiber
4001-TSBTV,PhoneService
4001-TSBTV,OnlineBackup
4001-TSBTV,DeviceProtection
4001-TSBTV,StreamingTV
4001-TSBTV,InternetService_Fiber
2962-XPMCQ,PhoneService
2962-XPMCQ,InternetService_DSL
8727-XDPUD,StreamingTV
8727-XDPUD,InternetService_DSL
1043-UXOVO,PhoneService
1043-UXOVO,MultipleLines
1043-UXOVO,OnlineSecurity
1043-UXOVO,OnlineBackup
1043-UXOVO,DeviceProtection
1043-UXOVO,TechSupport
1043-UXOVO,StreamingTV
1043-UXOVO,StreamingMovies
1043-UXOVO,InternetService_Fiber
1064-FBXNK,PhoneService
3996-ZNWYK,PhoneService
2878-DHMIN,PhoneService
7762-ONLJY,PhoneService
1678-FYZOW,PhoneService
1678-FYZOW,StreamingTV
1678-FYZOW,InternetService_Fiber
5795-BKOYE,PhoneService
5795-BKOYE,OnlineBackup
5795-BKOYE,DeviceProtection
5795-BKOYE,TechSupport
5795-BKOYE,InternetService_DSL
8627-EHGIP,OnlineBackup
8627-EHGIP,DeviceProtection
8627-EHGIP,StreamingTV
8627-EHGIP,StreamingMovies
8627-EHGIP,InternetService_DSL
7402-PWYJJ,PhoneService
7402-PWYJJ,MultipleLines
7402-PWYJJ,TechSupport
7402-PWYJJ,StreamingMovies
7402-PWYJJ,InternetService_Fiber
5480-TBGPH,PhoneService
5480-TBGPH,OnlineBackup
5480-TBGPH,DeviceProtection
5480-TBGPH,StreamingTV
5480-TBGPH,StreamingMovies
5480-TBGPH,InternetService_Fiber
0018-NYROU,PhoneService
0018-NYROU,InternetService_Fiber
7501-VTYLJ,PhoneService
7501-VTYLJ,OnlineBackup
7501-VTYLJ,InternetService_DSL
7608-RGIRO,PhoneService
7608-RGIRO,MultipleLines
0480-BIXDE,PhoneService
0480-BIXDE,DeviceProtection
0480-BIXDE,StreamingTV
0480-BIXDE,StreamingMovies
0480-BIXDE,InternetService_Fiber
5895-QSXOD,PhoneService
5895-QSXOD,InternetService_Fiber
9814-AOUDH,PhoneService
6175-IRFIT,PhoneService
6175-IRFIT,StreamingMovies
6175-IRFIT,InternetService_Fiber
8760-ZRHKE,PhoneService
8760-ZRHKE,MultipleLines
8760-ZRHKE,OnlineSecurity
8760-ZRHKE,OnlineBackup
8760-ZRHKE,StreamingTV
8760-ZRHKE,InternetService_DSL
1622-HSHSF,PhoneService
8854-CCVSQ,PhoneService
8854-CCVSQ,MultipleLines
8854-CCVSQ,OnlineBackup
8854-CCVSQ,InternetService_Fiber
6749-UTDVX,PhoneService
6749-UTDVX,MultipleLines
6749-UTDVX,OnlineBackup
6749-UTDVX,DeviceProtection
6749-UTDVX,StreamingTV
6749-UTDVX,StreamingMovies
6749-UTDVX,InternetService_Fiber
5542-DHSXL,PhoneService
5542-DHSXL,OnlineSecurity
5542-DHSXL,OnlineBackup
5542-DHSXL,InternetService_DSL
9102-OXKFY,PhoneService
9102-OXKFY,MultipleLines
9102-OXKFY,DeviceProtection
9102-OXKFY,InternetService_DSL
0511-JTEOY,PhoneService
0511-JTEOY,InternetService_Fiber
5216-WASFJ,PhoneService
5216-WASFJ,MultipleLines
5216-WASFJ,StreamingMovies
5216-WASFJ,InternetService_Fiber
7808-DVWEP,PhoneService
7067-KSAZT,PhoneService
7067-KSAZT,MultipleLines
7067-KSAZT,OnlineBackup
7067-KSAZT,DeviceProtection
7067-KSAZT,StreamingTV
7067-KSAZT,StreamingMovies
7067-KSAZT,InternetService_Fiber
2284-VFLKH,PhoneService
2284-VFLKH,DeviceProtection
2284-VFLKH,TechSupport
2284-VFLKH,StreamingTV
2284-VFLKH,StreamingMovies
2284-VFLKH,InternetService_Fiber
0366-NQSHS,PhoneService
6532-YLWSI,PhoneService
3807-BPOMJ,PhoneService
3807-BPOMJ,OnlineSecurity
3807-BPOMJ,StreamingTV
3807-BPOMJ,StreamingMovies
3807-BPOMJ,InternetService_Fiber
3892-NXAZG,PhoneService
3892-NXAZG,MultipleLines
3892-NXAZG,OnlineSecurity
3892-NXAZG,OnlineBackup
3892-NXAZG,DeviceProtection
3892-NXAZG,TechSupport
3892-NXAZG,StreamingTV
3892-NXAZG,StreamingMovies
3892-NXAZG,InternetService_Fiber
4948-WBBKL,PhoneService
4948-WBBKL,MultipleLines
4948-WBBKL,InternetService_Fiber
4182-BGSIQ,PhoneService
9300-AGZNL,PhoneService
9300-AGZNL,MultipleLines
9300-AGZNL,StreamingTV
9300-AGZNL,StreamingMovies
9300-AGZNL,InternetService_Fiber
0988-AADSA,PhoneService
0988-AADSA,MultipleLines
0988-AADSA,OnlineSecurity
0988-AADSA,OnlineBackup
0988-AADSA,DeviceProtection
0988-AADSA,TechSupport
0988-AADSA,StreamingMovies
0988-AADSA,InternetService_DSL
9972-NKTFD,PhoneService
9972-NKTFD,OnlineBackup
9972-NKTFD,TechSupport
9972-NKTFD,InternetService_DSL
3717-LNXKW,PhoneService
3717-LNXKW,MultipleLines
3717-LNXKW,OnlineSecurity
3717-LNXKW,StreamingTV
3717-LNXKW,InternetService_Fiber
5734-EJKXG,PhoneService
5734-EJKXG,MultipleLines
5734-EJKXG,OnlineSecurity
5734-EJKXG,OnlineBackup
5734-EJKXG,DeviceProtection
5734-EJKXG,TechSupport
5734-EJKXG,StreamingTV
5734-EJKXG,StreamingMovies
5734-EJKXG,InternetService_Fiber
2207-RYYRL,PhoneService
2207-RYYRL,MultipleLines
6729-FZWSY,PhoneService
9695-IDRZR,PhoneService
9695-IDRZR,MultipleLines
9695-IDRZR,OnlineSecurity
9695-IDRZR,OnlineBackup
9695-IDRZR,DeviceProtection
9695-IDRZR,TechSupport
9695-IDRZR,StreamingTV
9695-IDRZR,StreamingMovies
9695-IDRZR,InternetService_Fiber
8144-DGHXP,PhoneService
8144-DGHXP,OnlineSecurity
8144-DGHXP,DeviceProtection
8144-DGHXP,TechSupport
8144-DGHXP,StreamingTV
8144-DGHXP,StreamingMovies
8144-DGHXP,InternetService_DSL
7814-LEEVE,PhoneService
1112-CUNAO,PhoneService
1112-CUNAO,MultipleLines
1112-CUNAO,OnlineBackup
1112-CUNAO,StreamingMovies
1112-CUNAO,InternetService_Fiber
5175-AOBHI,PhoneService
5175-AOBHI,InternetService_DSL
5174-RNGBH,PhoneService
5174-RNGBH,OnlineBackup
5174-RNGBH,TechSupport
5174-RNGBH,StreamingTV
5174-RNGBH,InternetService_DSL
8631-WUXGY,PhoneService
8631-WUXGY,OnlineBackup
8631-WUXGY,DeviceProtection
8631-WUXGY,StreamingTV
8631-WUXGY,StreamingMovies
8631-WUXGY,InternetService_Fiber
7270-BDIOA,PhoneService
7270-BDIOA,MultipleLines
7270-BDIOA,TechSupport
7270-BDIOA,StreamingTV
7270-BDIOA,InternetService_Fiber
9565-JSNFM,PhoneService
9565-JSNFM,InternetService_Fiber
5906-DVAPM,PhoneService
5906-DVAPM,MultipleLines
5906-DVAPM,OnlineSecurity
5906-DVAPM,OnlineBackup
5906-DVAPM,TechSupport
5906-DVAPM,StreamingTV
5906-DVAPM,InternetService_DSL
6654-QGBZZ,PhoneService
8348-JLBUG,PhoneService
8348-JLBUG,OnlineSecurity
8348-JLBUG,DeviceProtection
8348-JLBUG,InternetService_Fiber
0607-DAAHE,PhoneService
5641-DMBFJ,PhoneService
5641-DMBFJ,MultipleLines
5641-DMBFJ,OnlineSecurity
5641-DMBFJ,DeviceProtection
5641-DMBFJ,TechSupport
5641-DMBFJ,StreamingTV
5641-DMBFJ,StreamingMovies
5641-DMBFJ,InternetService_DSL
9200-NLNPD,DeviceProtection
9200-NLNPD,TechSupport
9200-NLNPD,StreamingTV
9200-NLNPD,StreamingMovies
9200-NLNPD,InternetService_DSL
2664-XJZNO,PhoneService
2664-XJZNO,OnlineSecurity
2664-XJZNO,DeviceProtection
2664-XJZNO,TechSupport
2664-XJZNO,StreamingTV
2664-XJZNO,StreamingMovies
2664-XJZNO,InternetService_Fiber
9732-KPKBW,PhoneService
9732-KPKBW,OnlineSecurity
9732-KPKBW,TechSupport
9732-KPKBW,InternetService_DSL
3339-EAQNV,PhoneService
3339-EAQNV,MultipleLines
3339-EAQNV,OnlineBackup
3339-EAQNV,StreamingTV
3339-EAQNV,StreamingMovies
3339-EAQNV,InternetService_Fiber
0921-OHLVP,PhoneService
0921-OHLVP,MultipleLines
0921-OHLVP,StreamingMovies
0921-OHLVP,InternetService_Fiber
3389-YGYAI,PhoneService
3389-YGYAI,MultipleLines
3389-YGYAI,OnlineBackup
3389-YGYAI,DeviceProtection
3389-YGYAI,StreamingTV
3389-YGYAI,StreamingMovies
3389-YGYAI,InternetService_Fiber
9560-ARGQJ,PhoneService
9560-ARGQJ,StreamingTV
9560-ARGQJ,InternetService_Fiber
8350-NYMVI,OnlineBackup
8350-NYMVI,DeviceProtection
8350-NYMVI,TechSupport
8350-NYMVI,InternetService_DSL
1600-DILPE,PhoneService
1600-DILPE,InternetService_DSL
0536-ESJEP,PhoneService
0536-ESJEP,OnlineSecurity
0536-ESJEP,OnlineBackup
0536-ESJEP,StreamingTV
0536-ESJEP,StreamingMovies
0536-ESJEP,InternetService_DSL
4654-GGUII,OnlineSecurity
4654-GGUII,OnlineBackup
4654-GGUII,TechSupport
4654-GGUII,InternetService_DSL
6478-HRRCZ,PhoneService
6478-HRRCZ,OnlineSecurity
6478-HRRCZ,OnlineBackup
6478-HRRCZ,TechSupport
6478-HRRCZ,StreamingMovies
6478-HRRCZ,InternetService_DSL
8510-BBWMU,PhoneService
6857-TKDJV,PhoneService
6857-TKDJV,MultipleLines
2360-RDGRO,PhoneService
2360-RDGRO,MultipleLines
2360-RDGRO,OnlineSecurity
2360-RDGRO,DeviceProtection
2360-RDGRO,StreamingTV
2360-RDGRO,StreamingMovies
2360-RDGRO,InternetService_Fiber
0584-BJQGZ,PhoneService
0584-BJQGZ,MultipleLines
0584-BJQGZ,OnlineSecurity
0584-BJQGZ,OnlineBackup
0584-BJQGZ,DeviceProtection
0584-BJQGZ,TechSupport
0584-BJQGZ,StreamingTV
0584-BJQGZ,InternetService_DSL
5134-IKDAY,PhoneService
5134-IKDAY,InternetService_Fiber
1360-XFJMR,PhoneService
1360-XFJMR,MultipleLines
1360-XFJMR,OnlineBackup
1360-XFJMR,DeviceProtection
1360-XFJMR,TechSupport
1360-XFJMR,StreamingTV
1360-XFJMR,StreamingMovies
1360-XFJMR,InternetService_Fiber
3070-DVEYC,PhoneService
3070-DVEYC,MultipleLines
3070-DVEYC,InternetService_Fiber
5730-RIITO,OnlineSecurity
5730-RIITO,OnlineBackup
5730-RIITO,InternetService_DSL
9058-MJLZC,PhoneService
9058-MJLZC,OnlineSecurity
9058-MJLZC,StreamingTV
9058-MJLZC,StreamingMovies
9058-MJLZC,InternetService_Fiber
5707-ORNDZ,PhoneService
5707-ORNDZ,MultipleLines
5707-ORNDZ,OnlineSecurity
5707-ORNDZ,InternetService_DSL
0902-XKXPN,PhoneService
5177-RVZNU,PhoneService
0056-EPFBG,OnlineSecurity
0056-EPFBG,DeviceProtection
0056-EPFBG,TechSupport
0056-EPFBG,InternetService_DSL
8993-IZEUX,PhoneService
8993-IZEUX,InternetService_Fiber
8696-JKZNU,PhoneService
8696-JKZNU,MultipleLines
8696-JKZNU,InternetService_Fiber
5380-AFSSK,PhoneService
5380-AFSSK,MultipleLines
5380-AFSSK,StreamingTV
5380-AFSSK,StreamingMovies
5380-AFSSK,InternetService_Fiber
8190-ZTQFB,DeviceProtection
8190-ZTQFB,StreamingTV
8190-ZTQFB,StreamingMovies
8190-ZTQFB,InternetService_DSL
0931-MHTEM,PhoneService
0931-MHTEM,OnlineSecurity
0931-MHTEM,OnlineBackup
0931-MHTEM,StreamingTV
0931-MHTEM,StreamingMovies
0931-MHTEM,InternetService_Fiber
2055-PDADH,PhoneService
2055-PDADH,InternetService_Fiber
7515-LODFU,PhoneService
0440-UEDAI,PhoneService
0440-UEDAI,OnlineBackup
0440-UEDAI,DeviceProtection
0440-UEDAI,TechSupport
0440-UEDAI,StreamingMovies
0440-UEDAI,InternetService_Fiber
1337-BOZWO,OnlineBackup
1337-BOZWO,DeviceProtection
1337-BOZWO,StreamingTV
1337-BOZWO,InternetService_DSL
0868-VJRDR,PhoneService
0868-VJRDR,OnlineSecurity
0868-VJRDR,OnlineBackup
0868-VJRDR,TechSupport
0868-VJRDR,StreamingTV
0868-VJRDR,StreamingMovies
0868-VJRDR,InternetService_Fiber
8714-EUHJO,PhoneService
8714-EUHJO,MultipleLines
8714-EUHJO,OnlineBackup
8714-EUHJO,StreamingMovies
8714-EUHJO,InternetService_Fiber
6344-SFJVH,InternetService_DSL
3950-VPYJB,PhoneService
3950-VPYJB,OnlineSecurity
3950-VPYJB,OnlineBackup
3950-VPYJB,TechSupport
3950-VPYJB,InternetService_DSL
8041-TMEID,PhoneService
8041-TMEID,MultipleLines
8041-TMEID,OnlineSecurity
8041-TMEID,OnlineBackup
8041-TMEID,DeviceProtection
8041-TMEID,StreamingTV
8041-TMEID,StreamingMovies
8041-TMEID,InternetService_Fiber
7321-ZNSLA,OnlineSecurity
7321-ZNSLA,OnlineBackup
7321-ZNSLA,TechSupport
7321-ZNSLA,InternetService_DSL
6941-KXRRV,PhoneService
6941-KXRRV,OnlineBackup
6941-KXRRV,StreamingMovies
6941-KXRRV,InternetService_DSL
3721-CNEYS,PhoneService
3721-CNEYS,InternetService_Fiber
8727-JQFHV,PhoneService
9475-NNDGC,PhoneService
9475-NNDGC,MultipleLines
9475-NNDGC,OnlineBackup
9475-NNDGC,DeviceProtection
9475-NNDGC,TechSupport
9475-NNDGC,StreamingTV
9475-NNDGC,StreamingMovies
9475-NNDGC,InternetService_Fiber
1355-KUSBG,PhoneService
1355-KUSBG,MultipleLines
1355-KUSBG,InternetService_DSL
3688-FTHLT,PhoneService
3688-FTHLT,MultipleLines
3688-FTHLT,StreamingMovies
3688-FTHLT,InternetService_DSL
0899-LIIBW,PhoneService
0899-LIIBW,MultipleLines
0899-LIIBW,DeviceProtection
0899-LIIBW,StreamingTV
0899-LIIBW,StreamingMovies
0899-LIIBW,InternetService_Fiber
2568-OIADY,PhoneService
2568-OIADY,MultipleLines
2568-OIADY,DeviceProtection
2568-OIADY,StreamingTV
2568-OIADY,StreamingMovies
2568-OIADY,InternetService_Fiber
1384-RCUXW,PhoneService
1384-RCUXW,MultipleLines
1384-RCUXW,OnlineBackup
1384-RCUXW,InternetService_Fiber
5825-XJOCM,PhoneService
5825-XJOCM,MultipleLines
5825-XJOCM,OnlineSecurity
5825-XJOCM,OnlineBackup
5825-XJOCM,DeviceProtection
5825-XJOCM,InternetService_DSL
6848-YLDFR,PhoneService
6848-YLDFR,OnlineBackup
6848-YLDFR,TechSupport
6848-YLDFR,StreamingTV
6848-YLDFR,StreamingMovies
6848-YLDFR,InternetService_DSL
8125-QPFJD,PhoneService
8125-QPFJD,MultipleLines
8125-QPFJD,OnlineSecurity
8125-QPFJD,DeviceProtection
8125-QPFJD,TechSupport
8125-QPFJD,StreamingTV
8125-QPFJD,StreamingMovies
8125-QPFJD,InternetService_DSL
2320-YKQBO,PhoneService
1193-RTSLK,PhoneService
1193-RTSLK,OnlineSecurity
1193-RTSLK,OnlineBackup
1193-RTSLK,DeviceProtection
1193-RTSLK,InternetService_Fiber
2302-ANTDP,PhoneService
2302-ANTDP,MultipleLines
2302-ANTDP,OnlineSecurity
2302-ANTDP,OnlineBackup
2302-ANTDP,DeviceProtection
2302-ANTDP,TechSupport
2302-ANTDP,StreamingTV
2302-ANTDP,StreamingMovies
2302-ANTDP,InternetService_Fiber
5923-GXUOC,PhoneService
5923-GXUOC,OnlineSecurity
5923-GXUOC,OnlineBackup
5923-GXUOC,DeviceProtection
5923-GXUOC,StreamingTV
5923-GXUOC,StreamingMovies
5923-GXUOC,InternetService_Fiber
4973-RLZVI,PhoneService
4973-RLZVI,OnlineSecurity
4973-RLZVI,OnlineBackup
4973-RLZVI,DeviceProtection
4973-RLZVI,TechSupport
4973-RLZVI,StreamingTV
4973-RLZVI,InternetService_DSL
7869-ZYDST,PhoneService
7869-ZYDST,MultipleLines
7869-ZYDST,StreamingTV
7869-ZYDST,InternetService_DSL
4501-UYKBC,PhoneService
4501-UYKBC,MultipleLines
4501-UYKBC,DeviceProtection
4501-UYKBC,TechSupport
4501-UYKBC,StreamingMovies
4501-UYKBC,InternetService_DSL
1215-EXRMO,PhoneService
2305-MRGLV,PhoneService
2305-MRGLV,TechSupport
2305-MRGLV,InternetService_Fiber
8404-VIOMB,OnlineSecurity
8404-VIOMB,OnlineBackup
8404-VIOMB,DeviceProtection
8404-VIOMB,TechSupport
8404-VIOMB,StreamingTV
8404-VIOMB,StreamingMovies
8404-VIOMB,InternetService_DSL
5233-GEEAX,DeviceProtection
5233-GEEAX,InternetService_DSL
2359-KLTEK,PhoneService
2359-KLTEK,DeviceProtection
2359-KLTEK,StreamingTV
2359-KLTEK,StreamingMovies
2359-KLTEK,InternetService_Fiber
5304-EFJLP,PhoneService
5304-EFJLP,MultipleLines
5304-EFJLP,OnlineBackup
5304-EFJLP,DeviceProtection
5304-EFJLP,TechSupport
5304-EFJLP,StreamingTV
5304-EFJLP,StreamingMovies
5304-EFJLP,InternetService_Fiber
2673-ZALNP,PhoneService
9184-GALIL,PhoneService
4393-RYCRE,PhoneService
4393-RYCRE,OnlineSecurity
4393-RYCRE,OnlineBackup
4393-RYCRE,DeviceProtection
4393-RYCRE,StreamingTV
4393-RYCRE,StreamingMovies
4393-RYCRE,InternetService_Fiber
9746-MDMBK,PhoneService
9746-MDMBK,MultipleLines
9746-MDMBK,OnlineSecurity
9746-MDMBK,OnlineBackup
9746-MDMBK,DeviceProtection
9746-MDMBK,TechSupport
9746-MDMBK,StreamingTV
9746-MDMBK,StreamingMovies
9746-MDMBK,InternetService_Fiber
3162-ZJZFU,PhoneService
3162-ZJZFU,OnlineBackup
3162-ZJZFU,TechSupport
3162-ZJZFU,StreamingTV
3162-ZJZFU,InternetService_Fiber
8404-GFGCZ,PhoneService
8404-GFGCZ,MultipleLines
8404-GFGCZ,DeviceProtection
8404-GFGCZ,StreamingTV
8404-GFGCZ,InternetService_DSL
8875-AKBYH,PhoneService
8875-AKBYH,MultipleLines
8875-AKBYH,StreamingTV
8875-AKBYH,InternetService_Fiber
4432-ADRLB,PhoneService
4432-ADRLB,InternetService_DSL
0533-UCAAU,PhoneService
0533-UCAAU,MultipleLines
0533-UCAAU,OnlineBackup
0533-UCAAU,DeviceProtection
0533-UCAAU,StreamingTV
0533-UCAAU,InternetService_DSL
1394-SUIUH,PhoneService
1394-SUIUH,OnlineSecurity
1394-SUIUH,OnlineBackup
1394-SUIUH,TechSupport
1394-SUIUH,InternetService_Fiber
3521-MNKLV,PhoneService
3521-MNKLV,DeviceProtection
3521-MNKLV,InternetService_DSL
2533-TIBIX,OnlineSecurity
2533-TIBIX,InternetService_DSL
8993-PHFWD,InternetService_DSL
1565-RHDJD,PhoneService
1565-RHDJD,MultipleLines
1565-RHDJD,OnlineBackup
1565-RHDJD,DeviceProtection
1565-RHDJD,InternetService_Fiber
7137-RYLPP,PhoneService
7137-RYLPP,MultipleLines
7137-RYLPP,StreamingTV
7137-RYLPP,InternetService_Fiber
3765-JXVKY,PhoneService
3765-JXVKY,OnlineBackup
3765-JXVKY,InternetService_Fiber
5092-STPKP,PhoneService
5092-STPKP,OnlineSecurity
5092-STPKP,TechSupport
5092-STPKP,InternetService_DSL
7330-WZLNC,PhoneService
7330-WZLNC,MultipleLines
7330-WZLNC,OnlineBackup
7330-WZLNC,StreamingTV
7330-WZLNC,InternetService_Fiber
0114-PEGZZ,PhoneService
0114-PEGZZ,MultipleLines
0114-PEGZZ,OnlineBackup
0114-PEGZZ,DeviceProtection
0114-PEGZZ,StreamingTV
0114-PEGZZ,StreamingMovies
0114-PEGZZ,InternetService_Fiber
3359-DSRKA,PhoneService
8639-NHQEI,PhoneService
8639-NHQEI,MultipleLines
8639-NHQEI,OnlineSecurity
8639-NHQEI,OnlineBackup
8639-NHQEI,StreamingTV
8639-NHQEI,InternetService_Fiber
7161-DFHUF,PhoneService
7161-DFHUF,MultipleLines
3957-LXOLK,PhoneService
3957-LXOLK,MultipleLines
3957-LXOLK,OnlineBackup
3957-LXOLK,DeviceProtection
3957-LXOLK,StreamingTV
3957-LXOLK,StreamingMovies
3957-LXOLK,InternetService_Fiber
3720-DBRWL,PhoneService
3720-DBRWL,OnlineSecurity
3720-DBRWL,OnlineBackup
3720-DBRWL,DeviceProtection
3720-DBRWL,TechSupport
3720-DBRWL,StreamingTV
3720-DBRWL,StreamingMovies
3720-DBRWL,InternetService_DSL
6635-MYYYZ,PhoneService
6635-MYYYZ,OnlineSecurity
6635-MYYYZ,OnlineBackup
6635-MYYYZ,DeviceProtection
6635-MYYYZ,TechSupport
6635-MYYYZ,StreamingTV
6635-MYYYZ,StreamingMovies
6635-MYYYZ,InternetService_DSL
8565-WUXZU,PhoneService
8565-WUXZU,OnlineSecurity
8565-WUXZU,OnlineBackup
8565-WUXZU,TechSupport
8565-WUXZU,InternetService_Fiber
5281-BUZGT,PhoneService
5281-BUZGT,MultipleLines
5281-BUZGT,OnlineSecurity
5281-BUZGT,StreamingTV
5281-BUZGT,InternetService_Fiber
4994-OBRSZ,PhoneService
4994-OBRSZ,OnlineSecurity
4994-OBRSZ,OnlineBackup
4994-OBRSZ,DeviceProtection
4994-OBRSZ,TechSupport
4994-OBRSZ,StreamingMovies
4994-OBRSZ,InternetService_DSL
0562-FGDCR,PhoneService
0562-FGDCR,MultipleLines
0562-FGDCR,OnlineSecurity
0562-FGDCR,OnlineBackup
0562-FGDCR,TechSupport
0562-FGDCR,StreamingTV
0562-FGDCR,InternetService_DSL
2436-QBZFP,OnlineBackup
2436-QBZFP,StreamingTV
2436-QBZFP,InternetService_DSL
3420-YJLQT,PhoneService
3420-YJLQT,MultipleLines
3420-YJLQT,OnlineBackup
3420-YJLQT,InternetService_Fiber
6040-CGACY,PhoneService
6582-PLFUU,PhoneService
8242-PDSGJ,OnlineSecurity
8242-PDSGJ,DeviceProtection
8242-PDSGJ,TechSupport
8242-PDSGJ,InternetService_DSL
0264-CNITK,PhoneService
0089-IIQKO,PhoneService
0089-IIQKO,MultipleLines
0089-IIQKO,TechSupport
0089-IIQKO,StreamingTV
0089-IIQKO,StreamingMovies
0089-IIQKO,InternetService_Fiber
7839-NUIAA,PhoneService
7839-NUIAA,MultipleLines
7839-NUIAA,OnlineSecurity
7839-NUIAA,OnlineBackup
7839-NUIAA,InternetService_DSL
6075-QMNRR,PhoneService
6075-QMNRR,OnlineSecurity
6075-QMNRR,InternetService_DSL
5378-IKEEG,StreamingTV
5378-IKEEG,InternetService_DSL
5966-EMAZU,PhoneService
5966-EMAZU,MultipleLines
5966-EMAZU,OnlineSecurity
5966-EMAZU,DeviceProtection
5966-EMAZU,TechSupport
5966-EMAZU,StreamingTV
5966-EMAZU,StreamingMovies
5966-EMAZU,InternetService_Fiber
0440-EKDCF,PhoneService
0440-EKDCF,OnlineBackup
0440-EKDCF,DeviceProtection
0440-EKDCF,TechSupport
0440-EKDCF,InternetService_DSL
4774-HHGGS,PhoneService
2718-GAXQD,PhoneService
2718-GAXQD,InternetService_DSL
2055-BFOCC,PhoneService
2055-BFOCC,OnlineSecurity
2055-BFOCC,OnlineBackup
2055-BFOCC,DeviceProtection
2055-BFOCC,TechSupport
2055-BFOCC,StreamingTV
2055-BFOCC,StreamingMovies
2055-BFOCC,InternetService_DSL
8180-AKMJV,PhoneService
8180-AKMJV,InternetService_DSL
4298-OYIFC,PhoneService
4298-OYIFC,MultipleLines
4298-OYIFC,DeviceProtection
4298-OYIFC,TechSupport
4298-OYIFC,StreamingTV
4298-OYIFC,StreamingMovies
4298-OYIFC,InternetService_Fiber
5566-SOEZD,PhoneService
5566-SOEZD,OnlineSecurity
5566-SOEZD,OnlineBackup
5566-SOEZD,InternetService_Fiber
9842-EFSYY,OnlineSecurity
9842-EFSYY,OnlineBackup
9842-EFSYY,DeviceProtection
9842-EFSYY,StreamingTV
9842-EFSYY,StreamingMovies
9842-EFSYY,InternetService_DSL
2272-WUSPA,PhoneService
2272-WUSPA,MultipleLines
2272-WUSPA,OnlineSecurity
2272-WUSPA,OnlineBackup
2272-WUSPA,DeviceProtection
2272-WUSPA,StreamingTV
2272-WUSPA,StreamingMovies
2272-WUSPA,InternetService_Fiber
4584-LBNMK,PhoneService
4584-LBNMK,MultipleLines
3898-GUYTS,PhoneService
3898-GUYTS,MultipleLines
3898-GUYTS,OnlineSecurity
3898-GUYTS,OnlineBackup
3898-GUYTS,TechSupport
3898-GUYTS,StreamingTV
3898-GUYTS,InternetService_Fiber
0930-EHUZA,PhoneService
0930-EHUZA,OnlineSecurity
0930-EHUZA,OnlineBackup
0930-EHUZA,DeviceProtection
0930-EHUZA,TechSupport
0930-EHUZA,StreamingTV
0930-EHUZA,InternetService_DSL
6413-XKKPU,PhoneService
6413-XKKPU,OnlineSecurity
6413-XKKPU,DeviceProtection
6413-XKKPU,StreamingTV
6413-XKKPU,InternetService_Fiber
9975-SKRNR,PhoneService
3703-KBKZP,PhoneService
3703-KBKZP,MultipleLines
3703-KBKZP,InternetService_Fiber
1449-XQEMT,PhoneService
2626-URJFX,PhoneService
2626-URJFX,MultipleLines
2626-URJFX,InternetService_DSL
4973-MGTON,PhoneService
4973-MGTON,OnlineSecurity
4973-MGTON,OnlineBackup
4973-MGTON,DeviceProtection
4973-MGTON,TechSupport
4973-MGTON,StreamingTV
4973-MGTON,StreamingMovies
4973-MGTON,InternetService_DSL
3682-YEUWS,PhoneService
3682-YEUWS,MultipleLines
1223-UNPKS,PhoneService
2612-RRIDN,PhoneService
2612-RRIDN,StreamingTV
2612-RRIDN,InternetService_Fiber
4735-ASGMA,PhoneService
4735-ASGMA,MultipleLines
4735-ASGMA,DeviceProtection
4735-ASGMA,StreamingTV
4735-ASGMA,StreamingMovies
4735-ASGMA,InternetService_Fiber
3446-QDSZF,PhoneService
3446-QDSZF,StreamingTV
3446-QDSZF,InternetService_DSL
3669-LVWZB,OnlineBackup
3669-LVWZB,StreamingTV
3669-LVWZB,StreamingMovies
3669-LVWZB,InternetService_DSL
6892-EZDTG,PhoneService
6892-EZDTG,MultipleLines
6892-EZDTG,OnlineBackup
6892-EZDTG,StreamingTV
6892-EZDTG,InternetService_Fiber
5117-IFGPS,PhoneService
5117-IFGPS,MultipleLines
5117-IFGPS,StreamingMovies
5117-IFGPS,InternetService_Fiber
7379-FNIUJ,PhoneService
7379-FNIUJ,OnlineSecurity
7379-FNIUJ,OnlineBackup
7379-FNIUJ,StreamingTV
7379-FNIUJ,StreamingMovies
7379-FNIUJ,InternetService_Fiber
1627-AFWVJ,PhoneService
9725-SCPZG,PhoneService
9725-SCPZG,StreamingTV
9725-SCPZG,StreamingMovies
9725-SCPZG,InternetService_Fiber
5884-GCYMI,PhoneService
5884-GCYMI,InternetService_Fiber
3217-FZDMN,PhoneService
3217-FZDMN,DeviceProtection
3217-FZDMN,StreamingTV
3217-FZDMN,StreamingMovies
3217-FZDMN,InternetService_Fiber
4486-EFAEB,PhoneService
0060-FUALY,PhoneService
0060-FUALY,MultipleLines
0060-FUALY,OnlineSecurity
0060-FUALY,OnlineBackup
0060-FUALY,StreamingTV
0060-FUALY,InternetService_Fiber
7853-GVUDZ,PhoneService
7480-QNVZJ,PhoneService
7480-QNVZJ,MultipleLines
7480-QNVZJ,StreamingTV
7480-QNVZJ,StreamingMovies
7480-QNVZJ,InternetService_Fiber
6954-OOYZZ,PhoneService
6954-OOYZZ,InternetService_DSL
7088-FBAWU,PhoneService
7088-FBAWU,OnlineSecurity
7088-FBAWU,OnlineBackup
7088-FBAWU,StreamingTV
7088-FBAWU,StreamingMovies
7088-FBAWU,InternetService_DSL
8313-AFGBW,PhoneService
8313-AFGBW,OnlineBackup
8313-AFGBW,DeviceProtection
8313-AFGBW,StreamingTV
8313-AFGBW,StreamingMovies
8313-AFGBW,InternetService_DSL
3943-KDREE,PhoneService
3943-KDREE,MultipleLines
3943-KDREE,InternetService_Fiber
9239-ZBZZV,DeviceProtection
9239-ZBZZV,StreamingTV
9239-ZBZZV,StreamingMovies
9239-ZBZZV,InternetService_DSL
3097-IDVPU,PhoneService
3097-IDVPU,MultipleLines
3097-IDVPU,InternetService_DSL
4398-HSCJH,PhoneService
4398-HSCJH,MultipleLines
4398-HSCJH,TechSupport
4398-HSCJH,StreamingTV
4398-HSCJH,InternetService_DSL
2197-OMWGI,OnlineBackup
2197-OMWGI,DeviceProtection
2197-OMWGI,StreamingTV
2197-OMWGI,StreamingMovies
2197-OMWGI,InternetService_DSL
2303-PJYHN,PhoneService
9795-VOWON,InternetService_DSL
1237-WIYYZ,PhoneService
1987-AUELQ,PhoneService
1987-AUELQ,MultipleLines
7852-LECYP,PhoneService
7852-LECYP,MultipleLines
7852-LECYP,OnlineSecurity
7852-LECYP,OnlineBackup
7852-LECYP,StreamingMovies
7852-LECYP,InternetService_Fiber
4430-UZIPO,OnlineBackup
4430-UZIPO,TechSupport
4430-UZIPO,InternetService_DSL
4822-LPTYJ,PhoneService
4822-LPTYJ,MultipleLines
4822-LPTYJ,OnlineBackup
4822-LPTYJ,DeviceProtection
4822-LPTYJ,StreamingTV
4822-LPTYJ,StreamingMovies
4822-LPTYJ,InternetService_Fiber
8165-CBKXO,OnlineBackup
8165-CBKXO,DeviceProtection
8165-CBKXO,StreamingTV
8165-CBKXO,StreamingMovies
8165-CBKXO,InternetService_DSL
6527-PZFPV,PhoneService
4855-SNKMY,PhoneService
4855-SNKMY,InternetService_DSL
9593-CVZKR,PhoneService
9593-CVZKR,MultipleLines
8595-SIZNC,PhoneService
8595-SIZNC,MultipleLines
8008-HAWED,DeviceProtection
8008-HAWED,StreamingTV
8008-HAWED,StreamingMovies
8008-HAWED,InternetService_DSL
7124-UGSUR,PhoneService
7124-UGSUR,MultipleLines
7124-UGSUR,OnlineBackup
7124-UGSUR,DeviceProtection
7124-UGSUR,StreamingTV
7124-UGSUR,StreamingMovies
7124-UGSUR,InternetService_Fiber
1862-SKORY,OnlineBackup
1862-SKORY,StreamingTV
1862-SKORY,InternetService_DSL
5236-XMZJY,PhoneService
5236-XMZJY,OnlineSecurity
5236-XMZJY,OnlineBackup
5236-XMZJY,DeviceProtection
5236-XMZJY,InternetService_DSL
4827-DPADN,PhoneService
4827-DPADN,MultipleLines
4827-DPADN,OnlineSecurity
4827-DPADN,DeviceProtection
4827-DPADN,TechSupport
4827-DPADN,StreamingTV
4827-DPADN,StreamingMovies
4827-DPADN,InternetService_DSL
2694-CIUMO,PhoneService
2694-CIUMO,MultipleLines
2694-CIUMO,TechSupport
2694-CIUMO,InternetService_Fiber
5846-ABOBJ,PhoneService
5846-ABOBJ,MultipleLines
1439-LCGVL,PhoneService
0909-SDHNU,OnlineSecurity
0909-SDHNU,InternetService_DSL
4647-XXZAM,PhoneService
4647-XXZAM,InternetService_DSL
1502-XFCVR,PhoneService
1502-XFCVR,OnlineSecurity
1502-XFCVR,OnlineBackup
1502-XFCVR,DeviceProtection
1502-XFCVR,StreamingTV
1502-XFCVR,StreamingMovies
1502-XFCVR,InternetService_Fiber
7740-KKCXF,OnlineBackup
7740-KKCXF,InternetService_DSL
5360-XGYAZ,OnlineSecurity
5360-XGYAZ,OnlineBackup
5360-XGYAZ,DeviceProtection
5360-XGYAZ,TechSupport
5360-XGYAZ,StreamingTV
5360-XGYAZ,StreamingMovies
5360-XGYAZ,InternetService_DSL
9692-TUSXH,PhoneService
9692-TUSXH,OnlineSecurity
9692-TUSXH,StreamingTV
9692-TUSXH,StreamingMovies
9692-TUSXH,InternetService_Fiber
7912-SYRQT,PhoneService
7912-SYRQT,MultipleLines
7912-SYRQT,InternetService_Fiber
3557-HTYWR,PhoneService
3557-HTYWR,MultipleLines
3557-HTYWR,OnlineSecurity
3557-HTYWR,OnlineBackup
3557-HTYWR,TechSupport
3557-HTYWR,StreamingMovies
3557-HTYWR,InternetService_DSL
4816-JBHOV,PhoneService
4816-JBHOV,InternetService_DSL
8920-NAVAY,PhoneService
8920-NAVAY,MultipleLines
8920-NAVAY,OnlineBackup
8920-NAVAY,DeviceProtection
8920-NAVAY,TechSupport
8920-NAVAY,StreamingTV
8920-NAVAY,StreamingMovies
8920-NAVAY,InternetService_Fiber
1699-TLDLZ,PhoneService
5600-PDUJF,PhoneService
5600-PDUJF,TechSupport
5600-PDUJF,InternetService_DSL
8292-TYSPY,PhoneService
8292-TYSPY,DeviceProtection
8292-TYSPY,TechSupport
8292-TYSPY,InternetService_DSL
0567-XRHCU,OnlineSecurity
0567-XRHCU,DeviceProtection
0567-XRHCU,StreamingMovies
0567-XRHCU,InternetService_DSL
1867-BDVFH,PhoneService
1867-BDVFH,MultipleLines
1867-BDVFH,InternetService_Fiber
2067-QYTCF,PhoneService
2067-QYTCF,MultipleLines
2067-QYTCF,OnlineBackup
2067-QYTCF,DeviceProtection
2067-QYTCF,TechSupport
2067-QYTCF,StreamingTV
2067-QYTCF,StreamingMovies
2067-QYTCF,InternetService_Fiber
2359-QWQUL,PhoneService
2359-QWQUL,OnlineSecurity
2359-QWQUL,DeviceProtection
2359-QWQUL,TechSupport
2359-QWQUL,StreamingTV
2359-QWQUL,StreamingMovies
2359-QWQUL,InternetService_Fiber
9103-TCIHJ,PhoneService
9103-TCIHJ,MultipleLines
9103-TCIHJ,OnlineSecurity
9103-TCIHJ,InternetService_DSL
7407-SUJIZ,PhoneService
9150-KPBJQ,PhoneService
0052-DCKON,PhoneService
0052-DCKON,MultipleLines
0052-DCKON,OnlineSecurity
0052-DCKON,OnlineBackup
0052-DCKON,DeviceProtection
0052-DCKON,TechSupport
0052-DCKON,StreamingTV
0052-DCKON,StreamingMovies
0052-DCKON,InternetService_Fiber
3654-ARMGP,PhoneService
3654-ARMGP,MultipleLines
3654-ARMGP,OnlineBackup
3654-ARMGP,DeviceProtection
3654-ARMGP,TechSupport
3654-ARMGP,StreamingTV
3654-ARMGP,StreamingMovies
3654-ARMGP,InternetService_DSL
9699-UBQFS,PhoneService
9699-UBQFS,MultipleLines
9699-UBQFS,OnlineSecurity
9699-UBQFS,OnlineBackup
9699-UBQFS,StreamingTV
9699-UBQFS,InternetService_Fiber
9367-TCUYN,PhoneService
1261-FWTTE,StreamingMovies
1261-FWTTE,InternetService_DSL
3528-HFRIQ,OnlineBackup
3528-HFRIQ,DeviceProtection
3528-HFRIQ,StreamingTV
3528-HFRIQ,StreamingMovies
3528-HFRIQ,InternetService_DSL
0708-SJDIS,PhoneService
0708-SJDIS,MultipleLines
0708-SJDIS,TechSupport
0708-SJDIS,StreamingTV
0708-SJDIS,InternetService_DSL
4140-WJAWW,PhoneService
2073-QBVBI,OnlineBackup
2073-QBVBI,TechSupport
2073-QBVBI,InternetService_DSL
6928-ONTRW,PhoneService
3320-VEOYC,PhoneService
3320-VEOYC,MultipleLines
3320-VEOYC,StreamingTV
3320-VEOYC,StreamingMovies
3320-VEOYC,InternetService_Fiber
5231-FIQPA,PhoneService
6617-WLBQC,PhoneService
6617-WLBQC,MultipleLines
6617-WLBQC,OnlineSecurity
6617-WLBQC,InternetService_Fiber
2599-CIPQE,PhoneService
2599-CIPQE,OnlineSecurity
2599-CIPQE,OnlineBackup
2599-CIPQE,DeviceProtection
2599-CIPQE,TechSupport
2599-CIPQE,StreamingTV
2599-CIPQE,StreamingMovies
2599-CIPQE,InternetService_Fiber
6653-CBBOM,PhoneService
6653-CBBOM,InternetService_Fiber
8774-GSBUN,PhoneService
8774-GSBUN,MultipleLines
7326-RIGQZ,PhoneService
7326-RIGQZ,InternetService_Fiber
1401-FTHFQ,PhoneService
3247-ZVOUO,PhoneService
3247-ZVOUO,MultipleLines
3247-ZVOUO,StreamingMovies
3247-ZVOUO,InternetService_Fiber
0254-FNMCI,PhoneService
0254-FNMCI,OnlineSecurity
0254-FNMCI,OnlineBackup
0254-FNMCI,DeviceProtection
0254-FNMCI,TechSupport
0254-FNMCI,StreamingTV
0254-FNMCI,StreamingMovies
0254-FNMCI,InternetService_Fiber
1848-LBZHY,PhoneService
1848-LBZHY,OnlineSecurity
1848-LBZHY,InternetService_DSL
6101-IMRMM,PhoneService
6101-IMRMM,DeviceProtection
6101-IMRMM,StreamingTV
6101-IMRMM,StreamingMovies
6101-IMRMM,InternetService_Fiber
8118-TJAFG,PhoneService
8118-TJAFG,OnlineBackup
8118-TJAFG,TechSupport
8118-TJAFG,StreamingTV
8118-TJAFG,StreamingMovies
8118-TJAFG,InternetService_Fiber
5429-LWCMV,PhoneService
5429-LWCMV,MultipleLines
5429-LWCMV,OnlineBackup
5429-LWCMV,StreamingMovies
5429-LWCMV,InternetService_Fiber
7298-IZWLY,PhoneService
9758-MFWGD,OnlineBackup
9758-MFWGD,InternetService_DSL
3955-JBZZM,PhoneService
3955-JBZZM,StreamingTV
3955-JBZZM,InternetService_Fiber
1268-ASBGA,PhoneService
1268-ASBGA,MultipleLines
1268-ASBGA,StreamingMovies
1268-ASBGA,InternetService_Fiber
8943-URTMR,PhoneService
8943-URTMR,StreamingTV
8943-URTMR,InternetService_Fiber
4815-TUMEQ,PhoneService
4713-LZDRV,PhoneService
4713-LZDRV,StreamingMovies
4713-LZDRV,InternetService_Fiber
9909-IDLEK,PhoneService
9909-IDLEK,MultipleLines
9909-IDLEK,OnlineBackup
9909-IDLEK,TechSupport
9909-IDLEK,StreamingTV
9909-IDLEK,InternetService_Fiber
4092-OFQZS,PhoneService
1561-BWHIN,PhoneService
4325-NFSKC,PhoneService
4325-NFSKC,MultipleLines
4325-NFSKC,OnlineSecurity
4325-NFSKC,StreamingTV
4325-NFSKC,InternetService_Fiber
9927-DSWDF,PhoneService
9927-DSWDF,OnlineSecurity
9927-DSWDF,OnlineBackup
9927-DSWDF,TechSupport
9927-DSWDF,StreamingTV
9927-DSWDF,StreamingMovies
9927-DSWDF,InternetService_Fiber
9500-LTVBP,PhoneService
9500-LTVBP,MultipleLines
9500-LTVBP,TechSupport
9500-LTVBP,InternetService_Fiber
7252-NTGSS,PhoneService
7252-NTGSS,InternetService_DSL
8149-AIQCG,PhoneService
8149-AIQCG,MultipleLines
8149-AIQCG,InternetService_Fiber
1360-JYXKQ,PhoneService
1360-JYXKQ,DeviceProtection
1360-JYXKQ,TechSupport
1360-JYXKQ,StreamingTV
1360-JYXKQ,StreamingMovies
1360-JYXKQ,InternetService_Fiber
2955-PSXOE,PhoneService
7762-URZQH,PhoneService
7762-URZQH,MultipleLines
7762-URZQH,OnlineSecurity
7762-URZQH,DeviceProtection
7762-URZQH,StreamingTV
7762-URZQH,StreamingMovies
7762-URZQH,InternetService_Fiber
0899-WZRSD,PhoneService
0899-WZRSD,MultipleLines
0899-WZRSD,OnlineSecurity
0899-WZRSD,TechSupport
0899-WZRSD,StreamingTV
0899-WZRSD,StreamingMovies
0899-WZRSD,InternetService_Fiber
3255-GRXMG,PhoneService
3255-GRXMG,InternetService_DSL
4828-FAZPK,PhoneService
4828-FAZPK,MultipleLines
4828-FAZPK,OnlineBackup
4828-FAZPK,InternetService_Fiber
6094-ZIVKX,PhoneService
6094-ZIVKX,OnlineSecurity
6094-ZIVKX,DeviceProtection
6094-ZIVKX,InternetService_DSL
6925-BAYGL,PhoneService
6925-BAYGL,MultipleLines
3262-EIDHV,PhoneService
3262-EIDHV,MultipleLines
3262-EIDHV,OnlineSecurity
3262-EIDHV,DeviceProtection
3262-EIDHV,TechSupport
3262-EIDHV,StreamingTV
3262-EIDHV,StreamingMovies
3262-EIDHV,InternetService_DSL
7354-OIJLX,PhoneService
7354-OIJLX,MultipleLines
7354-OIJLX,InternetService_Fiber
1376-HHBDV,PhoneService
1376-HHBDV,OnlineSecurity
1376-HHBDV,InternetService_DSL
6907-NZZIJ,PhoneService
6907-NZZIJ,MultipleLines
6907-NZZIJ,OnlineBackup
6907-NZZIJ,StreamingTV
6907-NZZIJ,StreamingMovies
6907-NZZIJ,InternetService_Fiber
6133-OZILE,DeviceProtection
6133-OZILE,TechSupport
6133-OZILE,InternetService_DSL
4135-FRWKJ,PhoneService
4135-FRWKJ,MultipleLines
4135-FRWKJ,OnlineSecurity
4135-FRWKJ,DeviceProtection
4135-FRWKJ,TechSupport
4135-FRWKJ,StreamingTV
4135-FRWKJ,InternetService_DSL
2911-UREFD,OnlineSecurity
2911-UREFD,DeviceProtection
2911-UREFD,StreamingTV
2911-UREFD,StreamingMovies
2911-UREFD,InternetService_DSL
3744-ZRRDZ,PhoneService
3744-ZRRDZ,MultipleLines
3744-ZRRDZ,OnlineBackup
3744-ZRRDZ,InternetService_Fiber
5673-TIYIB,OnlineBackup
5673-TIYIB,DeviceProtection
5673-TIYIB,TechSupport
5673-TIYIB,InternetService_DSL
6551-ZCOTS,PhoneService
6551-ZCOTS,MultipleLines
7191-ADRGF,OnlineBackup
7191-ADRGF,DeviceProtection
7191-ADRGF,StreamingTV
7191-ADRGF,StreamingMovies
7191-ADRGF,InternetService_DSL
5018-LXQQG,PhoneService
5018-LXQQG,OnlineSecurity
5018-LXQQG,TechSupport
5018-LXQQG,StreamingMovies
5018-LXQQG,InternetService_DSL
6892-BOGQE,PhoneService
1602-IJQQE,PhoneService
1602-IJQQE,MultipleLines
1602-IJQQE,InternetService_Fiber
4628-WQCQQ,PhoneService
4628-WQCQQ,DeviceProtection
4628-WQCQQ,StreamingTV
4628-WQCQQ,InternetService_Fiber
1746-TGTWV,PhoneService
1746-TGTWV,DeviceProtection
1746-TGTWV,InternetService_Fiber
5995-SNNEW,PhoneService
5995-SNNEW,MultipleLines
5995-SNNEW,OnlineBackup
5995-SNNEW,DeviceProtection
5995-SNNEW,StreamingTV
5995-SNNEW,StreamingMovies
5995-SNNEW,InternetService_Fiber
8050-WYBND,DeviceProtection
8050-WYBND,StreamingTV
8050-WYBND,StreamingMovies
8050-WYBND,InternetService_DSL
2821-WARNZ,PhoneService
4879-GZLFH,PhoneService
4879-GZLFH,DeviceProtection
4879-GZLFH,StreamingTV
4879-GZLFH,StreamingMovies
4879-GZLFH,InternetService_Fiber
1644-IRKSF,PhoneService
1644-IRKSF,DeviceProtection
1644-IRKSF,StreamingTV
1644-IRKSF,StreamingMovies
1644-IRKSF,InternetService_Fiber
8314-HTWVE,PhoneService
9402-ROUMJ,PhoneService
9402-ROUMJ,MultipleLines
9402-ROUMJ,OnlineSecurity
9402-ROUMJ,DeviceProtection
9402-ROUMJ,TechSupport
9402-ROUMJ,StreamingMovies
9402-ROUMJ,InternetService_Fiber
2507-QZPQS,PhoneService
2507-QZPQS,MultipleLines
2507-QZPQS,OnlineBackup
2507-QZPQS,TechSupport
2507-QZPQS,StreamingMovies
2507-QZPQS,InternetService_Fiber
7159-NOKYQ,PhoneService
7159-NOKYQ,MultipleLines
7159-NOKYQ,OnlineBackup
7159-NOKYQ,DeviceProtection
7159-NOKYQ,StreamingMovies
7159-NOKYQ,InternetService_Fiber
5707-ZMDJP,PhoneService
5707-ZMDJP,OnlineSecurity
5707-ZMDJP,OnlineBackup
5707-ZMDJP,TechSupport
5707-ZMDJP,StreamingTV
5707-ZMDJP,InternetService_DSL
8779-YIQQA,PhoneService
7136-IHZJA,PhoneService
7136-IHZJA,OnlineSecurity
7136-IHZJA,OnlineBackup
7136-IHZJA,TechSupport
7136-IHZJA,StreamingMovies
7136-IHZJA,InternetService_DSL
8966-OIQHG,PhoneService
7074-STDCN,TechSupport
7074-STDCN,StreamingMovies
7074-STDCN,InternetService_DSL
3705-PSNGL,PhoneService
8739-QOTTN,PhoneService
1399-OUPJN,PhoneService
0277-BKSQP,PhoneService
0277-BKSQP,StreamingTV
0277-BKSQP,InternetService_DSL
6502-HCJTI,PhoneService
6502-HCJTI,MultipleLines
6502-HCJTI,OnlineSecurity
6502-HCJTI,OnlineBackup
6502-HCJTI,StreamingMovies
6502-HCJTI,InternetService_Fiber
2606-RMDHZ,OnlineBackup
2606-RMDHZ,InternetService_DSL
5774-XZTQC,PhoneService
2676-SSLTO,PhoneService
2676-SSLTO,MultipleLines
2676-SSLTO,TechSupport
2676-SSLTO,StreamingTV
2676-SSLTO,InternetService_DSL
6266-QHOJZ,PhoneService
6266-QHOJZ,MultipleLines
6266-QHOJZ,OnlineSecurity
6266-QHOJZ,OnlineBackup
6266-QHOJZ,TechSupport
6266-QHOJZ,InternetService_Fiber
7269-JISCY,PhoneService
7269-JISCY,InternetService_DSL
0363-SVHYR,PhoneService
0363-SVHYR,MultipleLines
0363-SVHYR,OnlineSecurity
0363-SVHYR,OnlineBackup
0363-SVHYR,DeviceProtection
0363-SVHYR,TechSupport
0363-SVHYR,StreamingTV
0363-SVHYR,StreamingMovies
0363-SVHYR,InternetService_DSL
8547-NSBBO,PhoneService
8547-NSBBO,MultipleLines
8547-NSBBO,OnlineSecurity
8547-NSBBO,OnlineBackup
8547-NSBBO,DeviceProtection
8547-NSBBO,TechSupport
8547-NSBBO,InternetService_Fiber
8258-GSTJK,PhoneService
8258-GSTJK,MultipleLines
8258-GSTJK,InternetService_Fiber
6861-OKBCE,PhoneService
9940-RHLFB,PhoneService
9940-RHLFB,DeviceProtection
9940-RHLFB,InternetService_Fiber
6591-QGOYB,PhoneService
6591-QGOYB,MultipleLines
6591-QGOYB,OnlineSecurity
6591-QGOYB,OnlineBackup
6591-QGOYB,DeviceProtection
6591-QGOYB,TechSupport
6591-QGOYB,StreamingTV
6591-QGOYB,InternetService_Fiber
9070-BCKQP,PhoneService
9070-BCKQP,MultipleLines
9070-BCKQP,OnlineSecurity
9070-BCKQP,DeviceProtection
9070-BCKQP,TechSupport
9070-BCKQP,StreamingTV
9070-BCKQP,StreamingMovies
9070-BCKQP,InternetService_Fiber
6421-SZVEM,PhoneService
6421-SZVEM,OnlineSecurity
6421-SZVEM,StreamingMovies
6421-SZVEM,InternetService_Fiber
1328-EUZHC,PhoneService
2995-UPRYS,PhoneService
2995-UPRYS,OnlineBackup
2995-UPRYS,TechSupport
2995-UPRYS,StreamingTV
2995-UPRYS,StreamingMovies
2995-UPRYS,InternetService_Fiber
8878-RYUKI,PhoneService
8878-RYUKI,DeviceProtection
8878-RYUKI,StreamingMovies
8878-RYUKI,InternetService_DSL
9633-DENPU,PhoneService
9633-DENPU,OnlineBackup
9633-DENPU,StreamingTV
9633-DENPU,InternetService_DSL
7811-JIVPF,PhoneService
7811-JIVPF,DeviceProtection
7811-JIVPF,InternetService_DSL
7113-HIPFI,PhoneService
7113-HIPFI,OnlineSecurity
7113-HIPFI,OnlineBackup
7113-HIPFI,DeviceProtection
7113-HIPFI,TechSupport
7113-HIPFI,InternetService_DSL
8541-QVFKM,PhoneService
8541-QVFKM,MultipleLines
8541-QVFKM,InternetService_Fiber
6686-YPGHK,PhoneService
6686-YPGHK,OnlineSecurity
6686-YPGHK,StreamingMovies
6686-YPGHK,InternetService_Fiber
1383-EZRWL,PhoneService
9258-CNWAC,PhoneService
9258-CNWAC,MultipleLines
9258-CNWAC,OnlineSecurity
9258-CNWAC,OnlineBackup
9258-CNWAC,DeviceProtection
9258-CNWAC,TechSupport
9258-CNWAC,StreamingTV
9258-CNWAC,StreamingMovies
9258-CNWAC,InternetService_Fiber
5371-VYLSX,PhoneService
5371-VYLSX,MultipleLines
5371-VYLSX,OnlineSecurity
5371-VYLSX,OnlineBackup
5371-VYLSX,InternetService_Fiber
6374-AFWOX,PhoneService
6374-AFWOX,OnlineSecurity
6374-AFWOX,OnlineBackup
6374-AFWOX,DeviceProtection
6374-AFWOX,TechSupport
6374-AFWOX,InternetService_DSL
4759-TRPLW,PhoneService
4759-TRPLW,InternetService_Fiber
5317-FLPJF,OnlineSecurity
5317-FLPJF,DeviceProtection
5317-FLPJF,TechSupport
5317-FLPJF,StreamingTV
5317-FLPJF,StreamingMovies
5317-FLPJF,InternetService_DSL
7621-VPNET,PhoneService
7621-VPNET,MultipleLines
7621-VPNET,DeviceProtection
7621-VPNET,TechSupport
7621-VPNET,InternetService_Fiber
6034-YMTOB,PhoneService
6034-YMTOB,TechSupport
6034-YMTOB,InternetService_Fiber
8563-IIOXK,PhoneService
8563-IIOXK,OnlineSecurity
8563-IIOXK,InternetService_DSL
4903-CNOZC,PhoneService
4903-CNOZC,MultipleLines
4903-CNOZC,OnlineBackup
4903-CNOZC,DeviceProtection
4903-CNOZC,StreamingMovies
4903-CNOZC,InternetService_DSL
4353-HYOJD,PhoneService
4353-HYOJD,OnlineBackup
4353-HYOJD,InternetService_DSL
8020-BWHYL,PhoneService
8020-BWHYL,OnlineBackup
8020-BWHYL,InternetService_Fiber
7267-FRMJW,PhoneService
2982-VPSGI,PhoneService
2982-VPSGI,MultipleLines
2982-VPSGI,StreamingTV
2982-VPSGI,StreamingMovies
2982-VPSGI,InternetService_Fiber
4188-FRABG,PhoneService
4188-FRABG,MultipleLines
4188-FRABG,OnlineSecurity
4188-FRABG,OnlineBackup
4188-FRABG,DeviceProtection
4188-FRABG,TechSupport
4188-FRABG,StreamingTV
4188-FRABG,InternetService_Fiber
8199-ZLLSA,PhoneService
8199-ZLLSA,MultipleLines
8199-ZLLSA,OnlineSecurity
8199-ZLLSA,OnlineBackup
8199-ZLLSA,DeviceProtection
8199-ZLLSA,TechSupport
8199-ZLLSA,StreamingTV
8199-ZLLSA,StreamingMovies
8199-ZLLSA,InternetService_Fiber
4128-ETESU,PhoneService
4128-ETESU,MultipleLines
4128-ETESU,DeviceProtection
4128-ETESU,StreamingTV
4128-ETESU,StreamingMovies
4128-ETESU,InternetService_Fiber
0620-DLSLK,PhoneService
0620-DLSLK,StreamingTV
0620-DLSLK,InternetService_Fiber
4625-EWPTF,OnlineSecurity
4625-EWPTF,InternetService_DSL
5980-NOPLP,PhoneService
5980-NOPLP,MultipleLines
5980-NOPLP,StreamingTV
5980-NOPLP,StreamingMovies
5980-NOPLP,InternetService_Fiber
3850-OKINF,PhoneService
3850-OKINF,MultipleLines
3850-OKINF,OnlineSecurity
3850-OKINF,StreamingTV
3850-OKINF,InternetService_DSL
6892-XPFPU,PhoneService
6892-XPFPU,MultipleLines
6892-XPFPU,OnlineBackup
6892-XPFPU,DeviceProtection
6892-XPFPU,StreamingTV
6892-XPFPU,StreamingMovies
6892-XPFPU,InternetService_Fiber
8010-EZLOU,PhoneService
8010-EZLOU,MultipleLines
8010-EZLOU,OnlineBackup
8010-EZLOU,InternetService_Fiber
1156-ZFYDO,PhoneService
3295-YVUSR,PhoneService
3295-YVUSR,MultipleLines
3295-YVUSR,InternetService_Fiber
8016-NCFVO,PhoneService
8016-NCFVO,MultipleLines
8016-NCFVO,OnlineSecurity
8016-NCFVO,OnlineBackup
8016-NCFVO,DeviceProtection
8016-NCFVO,TechSupport
8016-NCFVO,StreamingTV
8016-NCFVO,StreamingMovies
8016-NCFVO,InternetService_Fiber
4119-ZYPZY,PhoneService
4119-ZYPZY,MultipleLines
4119-ZYPZY,OnlineBackup
4119-ZYPZY,TechSupport
4119-ZYPZY,StreamingTV
4119-ZYPZY,StreamingMovies
4119-ZYPZY,InternetService_Fiber
5549-ZGHFB,PhoneService
5549-ZGHFB,MultipleLines
7577-SWIFR,PhoneService
7577-SWIFR,StreamingTV
7577-SWIFR,StreamingMovies
7577-SWIFR,InternetService_Fiber
0303-WMMRN,PhoneService
6408-OTUBZ,PhoneService
6408-OTUBZ,MultipleLines
6408-OTUBZ,OnlineSecurity
6408-OTUBZ,OnlineBackup
6408-OTUBZ,DeviceProtection
6408-OTUBZ,TechSupport
6408-OTUBZ,StreamingTV
6408-OTUBZ,InternetService_Fiber
5204-HMGYF,PhoneService
5204-HMGYF,OnlineSecurity
5204-HMGYF,OnlineBackup
5204-HMGYF,DeviceProtection
5204-HMGYF,TechSupport
5204-HMGYF,StreamingTV
5204-HMGYF,StreamingMovies
5204-HMGYF,InternetService_DSL
1078-TDCRN,OnlineBackup
1078-TDCRN,InternetService_DSL
3727-OVPRY,PhoneService
3727-OVPRY,MultipleLines
3797-FKOGQ,PhoneService
3797-FKOGQ,MultipleLines
3797-FKOGQ,StreamingMovies
3797-FKOGQ,InternetService_Fiber
7622-NXQZR,TechSupport
7622-NXQZR,InternetService_DSL
6196-HBOBZ,PhoneService
6196-HBOBZ,MultipleLines
6196-HBOBZ,OnlineSecurity
6196-HBOBZ,OnlineBackup
6196-HBOBZ,DeviceProtection
6196-HBOBZ,StreamingTV
6196-HBOBZ,InternetService_Fiber
3970-XGJDU,PhoneService
7017-VFULY,PhoneService
5562-YJQGT,PhoneService
8807-OPMBM,PhoneService
8807-OPMBM,MultipleLines
5439-WIKXB,PhoneService
5439-WIKXB,OnlineBackup
5439-WIKXB,StreamingTV
5439-WIKXB,StreamingMovies
5439-WIKXB,InternetService_Fiber
9874-QLCLH,PhoneService
9874-QLCLH,MultipleLines
9874-QLCLH,OnlineSecurity
9874-QLCLH,DeviceProtection
9874-QLCLH,StreamingTV
9874-QLCLH,StreamingMovies
9874-QLCLH,InternetService_Fiber
8294-UIMBA,PhoneService
8294-UIMBA,TechSupport
8294-UIMBA,StreamingTV
8294-UIMBA,StreamingMovies
8294-UIMBA,InternetService_Fiber
8109-YUOHE,PhoneService
8109-YUOHE,OnlineSecurity
8109-YUOHE,OnlineBackup
8109-YUOHE,InternetService_DSL
5840-NVDCG,PhoneService
5840-NVDCG,OnlineSecurity
5840-NVDCG,OnlineBackup
5840-NVDCG,TechSupport
5840-NVDCG,StreamingMovies
5840-NVDCG,InternetService_DSL
8092-NLTGF,PhoneService
8092-NLTGF,MultipleLines
5928-QLDHB,PhoneService
5928-QLDHB,MultipleLines
5928-QLDHB,InternetService_Fiber
9840-EFJQB,PhoneService
9840-EFJQB,OnlineBackup
9840-EFJQB,InternetService_Fiber
0696-UKTOX,PhoneService
0696-UKTOX,OnlineBackup
0696-UKTOX,TechSupport
0696-UKTOX,InternetService_DSL
4801-KFYKL,PhoneService
3472-OAOOR,OnlineSecurity
3472-OAOOR,OnlineBackup
3472-OAOOR,InternetService_DSL
6135-OZQVA,PhoneService
6135-OZQVA,MultipleLines
6135-OZQVA,OnlineSecurity
6135-OZQVA,InternetService_DSL
8062-YBDOE,PhoneService
8062-YBDOE,InternetService_Fiber
2252-JHJGE,PhoneService
2252-JHJGE,MultipleLines
2252-JHJGE,OnlineSecurity
2252-JHJGE,DeviceProtection
2252-JHJGE,StreamingTV
2252-JHJGE,StreamingMovies
2252-JHJGE,InternetService_Fiber
4188-PCPIG,PhoneService
4188-PCPIG,OnlineSecurity
4188-PCPIG,OnlineBackup
4188-PCPIG,TechSupport
4188-PCPIG,StreamingTV
4188-PCPIG,InternetService_DSL
6000-APYLU,PhoneService
6000-APYLU,StreamingMovies
6000-APYLU,InternetService_Fiber
7105-BENQF,PhoneService
7105-BENQF,OnlineSecurity
7105-BENQF,DeviceProtection
7105-BENQF,StreamingMovies
7105-BENQF,InternetService_DSL
7721-DVEKZ,PhoneService
3566-VVORZ,PhoneService
3566-VVORZ,InternetService_DSL
9507-HSMMZ,PhoneService
2480-SQIOB,PhoneService
2480-SQIOB,InternetService_DSL
0947-IDHRQ,PhoneService
0947-IDHRQ,StreamingTV
0947-IDHRQ,InternetService_Fiber
7813-TKCVO,PhoneService
0128-MKWSG,OnlineSecurity
0128-MKWSG,TechSupport
0128-MKWSG,StreamingMovies
0128-MKWSG,InternetService_DSL
3672-YITQD,PhoneService
3672-YITQD,MultipleLines
3672-YITQD,StreamingMovies
3672-YITQD,InternetService_Fiber
4350-ZTLPI,PhoneService
4350-ZTLPI,MultipleLines
4350-ZTLPI,OnlineBackup
4350-ZTLPI,DeviceProtection
4350-ZTLPI,TechSupport
4350-ZTLPI,StreamingTV
4350-ZTLPI,StreamingMovies
4350-ZTLPI,InternetService_Fiber
9048-JVYVF,PhoneService
9048-JVYVF,TechSupport
9048-JVYVF,StreamingTV
9048-JVYVF,StreamingMovies
9048-JVYVF,InternetService_DSL
0361-HJRDX,OnlineSecurity
0361-HJRDX,OnlineBackup
0361-HJRDX,DeviceProtection
0361-HJRDX,TechSupport
0361-HJRDX,StreamingTV
0361-HJRDX,StreamingMovies
0361-HJRDX,InternetService_DSL
5727-MYATE,PhoneService
5727-MYATE,MultipleLines
5727-MYATE,OnlineSecurity
5727-MYATE,OnlineBackup
5727-MYATE,DeviceProtection
5727-MYATE,TechSupport
5727-MYATE,StreamingTV
5727-MYATE,StreamingMovies
5727-MYATE,InternetService_DSL
3823-KYNQY,PhoneService
3823-KYNQY,MultipleLines
8988-ECPJR,PhoneService
8988-ECPJR,MultipleLines
8988-ECPJR,OnlineBackup
8988-ECPJR,InternetService_Fiber
7570-WELNY,PhoneService
7570-WELNY,MultipleLines
7570-WELNY,OnlineSecurity
7570-WELNY,OnlineBackup
7570-WELNY,InternetService_Fiber
3021-VLNRJ,PhoneService
3021-VLNRJ,OnlineSecurity
3021-VLNRJ,DeviceProtection
3021-VLNRJ,TechSupport
3021-VLNRJ,StreamingTV
3021-VLNRJ,InternetService_DSL
3776-EKTKM,StreamingTV
3776-EKTKM,InternetService_DSL
2080-CAZNM,PhoneService
2080-CAZNM,MultipleLines
2080-CAZNM,OnlineBackup
2080-CAZNM,DeviceProtection
2080-CAZNM,StreamingTV
2080-CAZNM,StreamingMovies
2080-CAZNM,InternetService_Fiber
1028-FFNJK,PhoneService
1028-FFNJK,MultipleLines
1028-FFNJK,TechSupport
1028-FFNJK,StreamingTV
1028-FFNJK,StreamingMovies
1028-FFNJK,InternetService_Fiber
6907-FLBER,PhoneService
6907-FLBER,MultipleLines
6907-FLBER,OnlineBackup
6907-FLBER,InternetService_DSL
3001-UNBTL,PhoneService
3001-UNBTL,MultipleLines
3001-UNBTL,DeviceProtection
3001-UNBTL,StreamingTV
3001-UNBTL,StreamingMovies
3001-UNBTL,InternetService_Fiber
5982-PSMKW,PhoneService
5982-PSMKW,MultipleLines
5982-PSMKW,OnlineSecurity
5982-PSMKW,OnlineBackup
5982-PSMKW,DeviceProtection
5982-PSMKW,TechSupport
5982-PSMKW,StreamingTV
5982-PSMKW,StreamingMovies
5982-PSMKW,InternetService_DSL
3507-GASNP,PhoneService
7096-ZNBZI,PhoneService
7096-ZNBZI,MultipleLines
1902-XBTFB,PhoneService
1902-XBTFB,OnlineBackup
1902-XBTFB,DeviceProtection
1902-XBTFB,StreamingTV
1902-XBTFB,InternetService_Fiber
1676-MQAOA,PhoneService
1676-MQAOA,OnlineSecurity
1676-MQAOA,OnlineBackup
1676-MQAOA,DeviceProtection
1676-MQAOA,TechSupport
1676-MQAOA,StreamingTV
1676-MQAOA,InternetService_DSL
0786-IVLAW,PhoneService
0786-IVLAW,MultipleLines
0786-IVLAW,OnlineBackup
0786-IVLAW,DeviceProtection
0786-IVLAW,StreamingTV
0786-IVLAW,StreamingMovies
0786-IVLAW,InternetService_Fiber
7566-DSRLQ,PhoneService
7566-DSRLQ,MultipleLines
7566-DSRLQ,OnlineBackup
7566-DSRLQ,DeviceProtection
7566-DSRLQ,TechSupport
7566-DSRLQ,StreamingTV
7566-DSRLQ,StreamingMovies
7566-DSRLQ,InternetService_Fiber
0643-OKLRP,PhoneService
0643-OKLRP,MultipleLines
0643-OKLRP,OnlineSecurity
0643-OKLRP,InternetService_Fiber
7245-JMTTQ,PhoneService
7245-JMTTQ,MultipleLines
7245-JMTTQ,OnlineBackup
7245-JMTTQ,DeviceProtection
7245-JMTTQ,TechSupport
7245-JMTTQ,StreamingTV
7245-JMTTQ,StreamingMovies
7245-JMTTQ,InternetService_Fiber
6050-IJRHS,PhoneService
6050-IJRHS,MultipleLines
6050-IJRHS,OnlineBackup
6050-IJRHS,DeviceProtection
6050-IJRHS,StreamingTV
6050-IJRHS,StreamingMovies
6050-IJRHS,InternetService_Fiber
6202-JVYEU,PhoneService
8591-TKMZH,PhoneService
8591-TKMZH,MultipleLines
8591-TKMZH,OnlineSecurity
8591-TKMZH,OnlineBackup
8591-TKMZH,TechSupport
8591-TKMZH,StreamingTV
8591-TKMZH,StreamingMovies
8591-TKMZH,InternetService_Fiber
0734-OXWBT,PhoneService
0734-OXWBT,TechSupport
0734-OXWBT,StreamingTV
0734-OXWBT,StreamingMovies
0734-OXWBT,InternetService_DSL
4282-ACRXS,InternetService_DSL
0365-TRTPY,PhoneService
0365-TRTPY,MultipleLines
0365-TRTPY,OnlineSecurity
0365-TRTPY,OnlineBackup
0365-TRTPY,DeviceProtection
0365-TRTPY,InternetService_Fiber
7349-ALMUX,PhoneService
7349-ALMUX,OnlineSecurity
7349-ALMUX,OnlineBackup
7349-ALMUX,DeviceProtection
7349-ALMUX,TechSupport
7349-ALMUX,InternetService_DSL
9381-NDKME,DeviceProtection
9381-NDKME,StreamingMovies
9381-NDKME,InternetService_DSL
6502-KUGLL,PhoneService
6502-KUGLL,OnlineSecurity
6502-KUGLL,OnlineBackup
6502-KUGLL,TechSupport
6502-KUGLL,InternetService_DSL
1841-YSJGV,PhoneService
1841-YSJGV,MultipleLines
1841-YSJGV,OnlineSecurity
1841-YSJGV,OnlineBackup
1841-YSJGV,TechSupport
1841-YSJGV,StreamingTV
1841-YSJGV,StreamingMovies
1841-YSJGV,InternetService_Fiber
2794-XIMMO,OnlineBackup
2794-XIMMO,DeviceProtection
2794-XIMMO,TechSupport
2794-XIMMO,StreamingTV
2794-XIMMO,StreamingMovies
2794-XIMMO,InternetService_DSL
8382-SHQEH,PhoneService
8382-SHQEH,MultipleLines
8382-SHQEH,StreamingMovies
8382-SHQEH,InternetService_Fiber
3511-BFTJW,OnlineSecurity
3511-BFTJW,OnlineBackup
3511-BFTJW,DeviceProtection
3511-BFTJW,InternetService_DSL
7668-XCFYV,PhoneService
7668-XCFYV,MultipleLines
7668-XCFYV,StreamingTV
7668-XCFYV,StreamingMovies
7668-XCFYV,InternetService_Fiber
2983-ZANRP,PhoneService
2983-ZANRP,OnlineBackup
2983-ZANRP,InternetService_Fiber
7845-URHJN,PhoneService
3034-ZBEQN,OnlineBackup
3034-ZBEQN,DeviceProtection
3034-ZBEQN,InternetService_DSL
5018-HEKFO,PhoneService
5018-HEKFO,MultipleLines
2923-ARZLG,PhoneService
3976-NLDEZ,PhoneService
2282-YGNOR,PhoneService
2282-YGNOR,OnlineSecurity
2282-YGNOR,DeviceProtection
2282-YGNOR,TechSupport
2282-YGNOR,InternetService_DSL
5336-UFNZP,PhoneService
5336-UFNZP,MultipleLines
5336-UFNZP,OnlineBackup
5336-UFNZP,DeviceProtection
5336-UFNZP,StreamingTV
5336-UFNZP,StreamingMovies
5336-UFNZP,InternetService_Fiber
6854-EXGSF,PhoneService
6854-EXGSF,MultipleLines
6854-EXGSF,OnlineSecurity
6854-EXGSF,OnlineBackup
6854-EXGSF,DeviceProtection
6854-EXGSF,InternetService_DSL
1241-EZFMJ,PhoneService
1241-EZFMJ,MultipleLines
9233-PSYHO,PhoneService
9233-PSYHO,MultipleLines
9233-PSYHO,DeviceProtection
9233-PSYHO,StreamingTV
9233-PSYHO,StreamingMovies
9233-PSYHO,InternetService_Fiber
5376-PCKNB,PhoneService
5376-PCKNB,MultipleLines
5376-PCKNB,OnlineBackup
5376-PCKNB,DeviceProtection
5376-PCKNB,StreamingTV
5376-PCKNB,StreamingMovies
5376-PCKNB,InternetService_Fiber
8044-BGWPI,PhoneService
4060-LDNLU,PhoneService
4060-LDNLU,MultipleLines
4060-LDNLU,StreamingTV
4060-LDNLU,StreamingMovies
4060-LDNLU,InternetService_Fiber
3589-PPVKW,PhoneService
3589-PPVKW,InternetService_DSL
8327-LZKAS,PhoneService
8327-LZKAS,MultipleLines
8327-LZKAS,DeviceProtection
8327-LZKAS,TechSupport
8327-LZKAS,StreamingTV
8327-LZKAS,StreamingMovies
8327-LZKAS,InternetService_Fiber
5887-IKKYO,PhoneService
5887-IKKYO,MultipleLines
5887-IKKYO,DeviceProtection
5887-IKKYO,TechSupport
5887-IKKYO,StreamingMovies
5887-IKKYO,InternetService_Fiber
1075-BGWOH,PhoneService
1075-BGWOH,MultipleLines
1075-BGWOH,DeviceProtection
1075-BGWOH,StreamingTV
1075-BGWOH,StreamingMovies
1075-BGWOH,InternetService_Fiber
1755-RMCXH,PhoneService
0302-JOIVN,PhoneService
0302-JOIVN,OnlineBackup
0302-JOIVN,DeviceProtection
0302-JOIVN,StreamingTV
0302-JOIVN,StreamingMovies
0302-JOIVN,InternetService_Fiber
3858-XHYJO,PhoneService
3858-XHYJO,MultipleLines
3858-XHYJO,OnlineSecurity
3858-XHYJO,DeviceProtection
3858-XHYJO,StreamingTV
3858-XHYJO,StreamingMovies
3858-XHYJO,InternetService_Fiber
4299-SIMNS,PhoneService
4299-SIMNS,MultipleLines
4299-SIMNS,OnlineSecurity
4299-SIMNS,InternetService_Fiber
7025-IWFHT,PhoneService
7025-IWFHT,OnlineBackup
7025-IWFHT,TechSupport
7025-IWFHT,StreamingTV
7025-IWFHT,InternetService_Fiber
6261-LHRTG,PhoneService
6261-LHRTG,OnlineBackup
6261-LHRTG,DeviceProtection
6261-LHRTG,InternetService_DSL
7841-FCRQD,PhoneService
7841-FCRQD,OnlineBackup
7841-FCRQD,TechSupport
7841-FCRQD,InternetService_DSL
2056-EVGZL,PhoneService
2056-EVGZL,OnlineBackup
2056-EVGZL,DeviceProtection
2056-EVGZL,TechSupport
2056-EVGZL,StreamingTV
2056-EVGZL,StreamingMovies
2056-EVGZL,InternetService_Fiber
8777-MBMTS,PhoneService
8777-MBMTS,OnlineBackup
8777-MBMTS,DeviceProtection
8777-MBMTS,TechSupport
8777-MBMTS,StreamingTV
8777-MBMTS,StreamingMovies
8777-MBMTS,InternetService_Fiber
7753-USQYQ,PhoneService
7753-USQYQ,OnlineBackup
7753-USQYQ,TechSupport
7753-USQYQ,StreamingMovies
7753-USQYQ,InternetService_DSL
5366-IJEQJ,PhoneService
5366-IJEQJ,MultipleLines
5366-IJEQJ,DeviceProtection
5366-IJEQJ,StreamingTV
5366-IJEQJ,InternetService_Fiber
7661-CPURM,PhoneService
7661-CPURM,TechSupport
7661-CPURM,StreamingMovies
7661-CPURM,InternetService_Fiber
6233-HXJMX,PhoneService
6233-HXJMX,MultipleLines
6233-HXJMX,DeviceProtection
6233-HXJMX,StreamingMovies
6233-HXJMX,InternetService_Fiber
5902-WBLSE,PhoneService
1981-INRFU,PhoneService
1981-INRFU,StreamingTV
1981-INRFU,InternetService_Fiber
4971-PUYQO,PhoneService
4971-PUYQO,MultipleLines
4971-PUYQO,StreamingTV
4971-PUYQO,StreamingMovies
4971-PUYQO,InternetService_Fiber
3239-TPHPZ,PhoneService
5115-GZDEL,OnlineSecurity
5115-GZDEL,OnlineBackup
5115-GZDEL,DeviceProtection
5115-GZDEL,TechSupport
5115-GZDEL,StreamingTV
5115-GZDEL,StreamingMovies
5115-GZDEL,InternetService_DSL
3338-CVVEH,PhoneService
3338-CVVEH,MultipleLines
3338-CVVEH,StreamingTV
3338-CVVEH,StreamingMovies
3338-CVVEH,InternetService_Fiber
8485-GJCDN,PhoneService
8485-GJCDN,InternetService_Fiber
2615-YVMYX,PhoneService
2615-YVMYX,MultipleLines
2615-YVMYX,OnlineSecurity
2615-YVMYX,OnlineBackup
2615-YVMYX,DeviceProtection
2615-YVMYX,StreamingTV
2615-YVMYX,StreamingMovies
2615-YVMYX,InternetService_Fiber
2851-STERV,PhoneService
2851-STERV,DeviceProtection
2851-STERV,TechSupport
2851-STERV,StreamingTV
2851-STERV,StreamingMovies
2851-STERV,InternetService_DSL
4393-GEADV,PhoneService
4393-GEADV,MultipleLines
4393-GEADV,OnlineSecurity
4393-GEADV,OnlineBackup
4393-GEADV,DeviceProtection
4393-GEADV,TechSupport
4393-GEADV,StreamingTV
4393-GEADV,StreamingMovies
4393-GEADV,InternetService_Fiber
8486-AYEQH,PhoneService
8486-AYEQH,MultipleLines
8486-AYEQH,InternetService_Fiber
1527-SXDPN,PhoneService
1527-SXDPN,MultipleLines
1527-SXDPN,DeviceProtection
1527-SXDPN,TechSupport
1527-SXDPN,StreamingMovies
1527-SXDPN,InternetService_Fiber
6029-WTIPC,PhoneService
6029-WTIPC,MultipleLines
6029-WTIPC,DeviceProtection
6029-WTIPC,StreamingTV
6029-WTIPC,StreamingMovies
6029-WTIPC,InternetService_Fiber
8634-CILSZ,PhoneService
8634-CILSZ,MultipleLines
8634-CILSZ,OnlineBackup
8634-CILSZ,TechSupport
8634-CILSZ,StreamingTV
8634-CILSZ,StreamingMovies
8634-CILSZ,InternetService_Fiber
5419-JKZNQ,PhoneService
5419-JKZNQ,MultipleLines
5419-JKZNQ,InternetService_Fiber
2495-KZNFB,PhoneService
2495-KZNFB,MultipleLines
2495-KZNFB,OnlineSecurity
2495-KZNFB,StreamingMovies
2495-KZNFB,InternetService_Fiber
1409-PHXTF,PhoneService
1409-PHXTF,MultipleLines
1409-PHXTF,OnlineBackup
1409-PHXTF,DeviceProtection
1409-PHXTF,TechSupport
1409-PHXTF,StreamingTV
1409-PHXTF,StreamingMovies
1409-PHXTF,InternetService_Fiber
4560-WQAQW,PhoneService
4560-WQAQW,MultipleLines
4560-WQAQW,OnlineSecurity
4560-WQAQW,TechSupport
4560-WQAQW,StreamingMovies
4560-WQAQW,InternetService_DSL
9591-YVTEB,OnlineSecurity
9591-YVTEB,OnlineBackup
9591-YVTEB,StreamingTV
9591-YVTEB,InternetService_DSL
9309-BZGNT,DeviceProtection
9309-BZGNT,InternetService_DSL
4274-DRSQT,PhoneService
4274-DRSQT,MultipleLines
4274-DRSQT,OnlineBackup
4274-DRSQT,StreamingTV
4274-DRSQT,InternetService_Fiber
2027-DNKIV,PhoneService
2027-DNKIV,OnlineSecurity
2027-DNKIV,DeviceProtection
2027-DNKIV,TechSupport
2027-DNKIV,InternetService_DSL
8075-GXIUB,PhoneService
2885-HIJDH,PhoneService
2885-HIJDH,MultipleLines
2885-HIJDH,OnlineSecurity
2885-HIJDH,DeviceProtection
2885-HIJDH,TechSupport
2885-HIJDH,StreamingTV
2885-HIJDH,StreamingMovies
2885-HIJDH,InternetService_DSL
5424-RLQLC,PhoneService
5424-RLQLC,OnlineBackup
5424-RLQLC,StreamingTV
5424-RLQLC,InternetService_DSL
6682-QJDGB,PhoneService
6682-QJDGB,OnlineSecurity
6682-QJDGB,OnlineBackup
6682-QJDGB,InternetService_DSL
6507-DTJZV,PhoneService
6507-DTJZV,StreamingTV
6507-DTJZV,StreamingMovies
6507-DTJZV,InternetService_DSL
8780-IXSTS,PhoneService
8780-IXSTS,MultipleLines
8780-IXSTS,OnlineBackup
8780-IXSTS,StreamingTV
8780-IXSTS,InternetService_Fiber
7673-BQGKU,PhoneService
6723-WSNTY,PhoneService
6723-WSNTY,MultipleLines
6723-WSNTY,OnlineBackup
6723-WSNTY,DeviceProtection
6723-WSNTY,TechSupport
6723-WSNTY,StreamingTV
6723-WSNTY,StreamingMovies
6723-WSNTY,InternetService_Fiber
9530-EHPOH,PhoneService
9530-EHPOH,MultipleLines
9530-EHPOH,DeviceProtection
9530-EHPOH,InternetService_DSL
2725-IWWBA,PhoneService
2725-IWWBA,OnlineSecurity
2725-IWWBA,DeviceProtection
2725-IWWBA,TechSupport
2725-IWWBA,InternetService_DSL
0345-HKJVM,PhoneService
0345-HKJVM,StreamingTV
0345-HKJVM,StreamingMovies
0345-HKJVM,InternetService_Fiber
1061-PNTHC,PhoneService
1061-PNTHC,MultipleLines
1061-PNTHC,OnlineSecurity
1061-PNTHC,DeviceProtection
1061-PNTHC,TechSupport
1061-PNTHC,StreamingTV
1061-PNTHC,StreamingMovies
1061-PNTHC,InternetService_Fiber
0394-YONDK,PhoneService
0394-YONDK,MultipleLines
6574-MCOEH,PhoneService
6574-MCOEH,MultipleLines
6574-MCOEH,DeviceProtection
6574-MCOEH,TechSupport
6574-MCOEH,StreamingTV
6574-MCOEH,StreamingMovies
6574-MCOEH,InternetService_DSL
7399-QHBJS,PhoneService
7399-QHBJS,MultipleLines
7399-QHBJS,OnlineSecurity
7399-QHBJS,OnlineBackup
7399-QHBJS,TechSupport
7399-QHBJS,InternetService_DSL
3049-SOLAY,PhoneService
3049-SOLAY,MultipleLines
3049-SOLAY,StreamingTV
3049-SOLAY,StreamingMovies
3049-SOLAY,InternetService_Fiber
0997-YTLNY,PhoneService
0997-YTLNY,TechSupport
0997-YTLNY,InternetService_DSL
3317-HRTNN,StreamingTV
3317-HRTNN,StreamingMovies
3317-HRTNN,InternetService_DSL
9479-HYNYL,PhoneService
9479-HYNYL,OnlineBackup
9479-HYNYL,DeviceProtection
9479-HYNYL,TechSupport
9479-HYNYL,StreamingTV
9479-HYNYL,StreamingMovies
9479-HYNYL,InternetService_DSL
3235-ETOOB,PhoneService
3235-ETOOB,OnlineSecurity
3235-ETOOB,InternetService_Fiber
9708-KFDBY,PhoneService
8058-INTPH,PhoneService
8058-INTPH,StreamingTV
8058-INTPH,InternetService_Fiber
3642-GKTCT,PhoneService
3642-GKTCT,MultipleLines
3642-GKTCT,OnlineSecurity
3642-GKTCT,OnlineBackup
3642-GKTCT,DeviceProtection
3642-GKTCT,TechSupport
3642-GKTCT,StreamingTV
3642-GKTCT,StreamingMovies
3642-GKTCT,InternetService_Fiber
0774-RMNUW,OnlineSecurity
0774-RMNUW,OnlineBackup
0774-RMNUW,TechSupport
0774-RMNUW,StreamingTV
0774-RMNUW,StreamingMovies
0774-RMNUW,InternetService_DSL
1334-PDUKM,PhoneService
1334-PDUKM,MultipleLines
1334-PDUKM,OnlineBackup
1334-PDUKM,DeviceProtection
1334-PDUKM,InternetService_Fiber
0756-MPZRL,DeviceProtection
0756-MPZRL,TechSupport
0756-MPZRL,InternetService_DSL
2242-MFOTG,PhoneService
2242-MFOTG,MultipleLines
2242-MFOTG,OnlineSecurity
2242-MFOTG,InternetService_Fiber
2927-CVULT,PhoneService
2927-CVULT,MultipleLines
2927-CVULT,OnlineSecurity
2927-CVULT,OnlineBackup
2927-CVULT,DeviceProtection
2927-CVULT,TechSupport
2927-CVULT,StreamingMovies
2927-CVULT,InternetService_Fiber
2144-BFDSO,PhoneService
2144-BFDSO,MultipleLines
2144-BFDSO,OnlineSecurity
2144-BFDSO,OnlineBackup
2144-BFDSO,DeviceProtection
2144-BFDSO,StreamingTV
2144-BFDSO,StreamingMovies
2144-BFDSO,InternetService_Fiber
8745-PVESG,OnlineSecurity
8745-PVESG,DeviceProtection
8745-PVESG,TechSupport
8745-PVESG,InternetService_DSL
7647-GYYKX,PhoneService
5647-FXOTP,PhoneService
5647-FXOTP,MultipleLines
5647-FXOTP,OnlineBackup
5647-FXOTP,DeviceProtection
5647-FXOTP,StreamingTV
5647-FXOTP,StreamingMovies
5647-FXOTP,InternetService_Fiber
5569-OUICF,PhoneService
5569-OUICF,MultipleLines
5569-OUICF,TechSupport
5569-OUICF,StreamingTV
5569-OUICF,StreamingMovies
5569-OUICF,InternetService_Fiber
8821-XNHVZ,PhoneService
8821-XNHVZ,StreamingTV
8821-XNHVZ,InternetService_Fiber
2082-OJVTK,PhoneService
2082-OJVTK,MultipleLines
2082-OJVTK,DeviceProtection
2082-OJVTK,StreamingMovies
2082-OJVTK,InternetService_Fiber
9700-ISPUP,PhoneService
9700-ISPUP,OnlineBackup
9700-ISPUP,TechSupport
9700-ISPUP,StreamingMovies
9700-ISPUP,InternetService_DSL
9839-ETQOE,OnlineSecurity
9839-ETQOE,OnlineBackup
9839-ETQOE,DeviceProtection
9839-ETQOE,InternetService_DSL
6078-VESFR,PhoneService
6078-VESFR,InternetService_Fiber
9027-TMATR,PhoneService
9027-TMATR,OnlineSecurity
9027-TMATR,DeviceProtection
9027-TMATR,TechSupport
9027-TMATR,StreamingTV
9027-TMATR,StreamingMovies
9027-TMATR,InternetService_DSL
5940-NFXKV,PhoneService
5940-NFXKV,MultipleLines
5940-NFXKV,StreamingMovies
5940-NFXKV,InternetService_Fiber
1941-HOSAM,PhoneService
1941-HOSAM,StreamingTV
1941-HOSAM,StreamingMovies
1941-HOSAM,InternetService_Fiber
9110-HSGTV,PhoneService
9110-HSGTV,OnlineSecurity
9110-HSGTV,DeviceProtection
9110-HSGTV,TechSupport
9110-HSGTV,StreamingTV
9110-HSGTV,StreamingMovies
9110-HSGTV,InternetService_DSL
0704-VCUMB,PhoneService
6171-ZTVYB,PhoneService
6171-ZTVYB,MultipleLines
6171-ZTVYB,OnlineSecurity
6171-ZTVYB,OnlineBackup
6171-ZTVYB,TechSupport
6171-ZTVYB,InternetService_DSL
8053-WWDRO,PhoneService
9564-KCLHR,PhoneService
9564-KCLHR,TechSupport
9564-KCLHR,InternetService_DSL
1935-IMVBB,PhoneService
1935-IMVBB,StreamingTV
1935-IMVBB,StreamingMovies
1935-IMVBB,InternetService_Fiber
2535-PBCGC,OnlineSecurity
2535-PBCGC,OnlineBackup
2535-PBCGC,DeviceProtection
2535-PBCGC,TechSupport
2535-PBCGC,StreamingTV
2535-PBCGC,StreamingMovies
2535-PBCGC,InternetService_DSL
2082-CEFLT,PhoneService
2082-CEFLT,InternetService_DSL
1470-PSXNM,PhoneService
1470-PSXNM,MultipleLines
1470-PSXNM,OnlineBackup
1470-PSXNM,DeviceProtection
1470-PSXNM,StreamingTV
1470-PSXNM,InternetService_Fiber
1213-NGCUN,PhoneService
1213-NGCUN,TechSupport
1213-NGCUN,InternetService_DSL
2498-XLDZR,PhoneService
2498-XLDZR,OnlineSecurity
2498-XLDZR,OnlineBackup
2498-XLDZR,DeviceProtection
2498-XLDZR,TechSupport
2498-XLDZR,StreamingMovies
2498-XLDZR,InternetService_DSL
9866-OCCKE,PhoneService
9866-OCCKE,MultipleLines
9866-OCCKE,OnlineSecurity
9866-OCCKE,DeviceProtection
9866-OCCKE,TechSupport
9866-OCCKE,StreamingTV
9866-OCCKE,StreamingMovies
9866-OCCKE,InternetService_Fiber
5338-YHWYT,PhoneService
5338-YHWYT,OnlineSecurity
5338-YHWYT,OnlineBackup
5338-YHWYT,TechSupport
5338-YHWYT,InternetService_DSL
7718-UPSKJ,PhoneService
7718-UPSKJ,OnlineSecurity
7718-UPSKJ,OnlineBackup
7718-UPSKJ,TechSupport
7718-UPSKJ,StreamingTV
7718-UPSKJ,StreamingMovies
7718-UPSKJ,InternetService_Fiber
8731-WBBMB,PhoneService
8731-WBBMB,OnlineBackup
8731-WBBMB,DeviceProtection
8731-WBBMB,TechSupport
8731-WBBMB,StreamingTV
8731-WBBMB,StreamingMovies
8731-WBBMB,InternetService_DSL
1448-CYWKC,PhoneService
1448-CYWKC,MultipleLines
1448-CYWKC,OnlineBackup
1448-CYWKC,DeviceProtection
1448-CYWKC,StreamingTV
1448-CYWKC,StreamingMovies
1448-CYWKC,InternetService_Fiber
7901-IIDQV,PhoneService
7901-IIDQV,MultipleLines
7901-IIDQV,TechSupport
7901-IIDQV,InternetService_DSL
2690-DVRVK,PhoneService
5688-KZTSN,PhoneService
1270-XKUCC,PhoneService
0334-ZFJSR,PhoneService
0334-ZFJSR,MultipleLines
0334-ZFJSR,OnlineSecurity
0334-ZFJSR,OnlineBackup
0334-ZFJSR,TechSupport
0334-ZFJSR,InternetService_DSL
2894-QOJRX,StreamingTV
2894-QOJRX,InternetService_DSL
5747-PMBSQ,PhoneService
5747-PMBSQ,OnlineBackup
5747-PMBSQ,DeviceProtection
5747-PMBSQ,TechSupport
5747-PMBSQ,StreamingTV
5747-PMBSQ,InternetService_Fiber
5583-EJXRD,OnlineSecurity
5583-EJXRD,OnlineBackup
5583-EJXRD,DeviceProtection
5583-EJXRD,TechSupport
5583-EJXRD,StreamingMovies
5583-EJXRD,InternetService_DSL
4565-EVZMJ,PhoneService
4565-EVZMJ,OnlineSecurity
4565-EVZMJ,OnlineBackup
4565-EVZMJ,TechSupport
4565-EVZMJ,InternetService_DSL
3143-JQEGI,PhoneService
3143-JQEGI,StreamingTV
3143-JQEGI,StreamingMovies
3143-JQEGI,InternetService_Fiber
6386-SZZKH,PhoneService
6386-SZZKH,MultipleLines
6386-SZZKH,OnlineBackup
6386-SZZKH,DeviceProtection
6386-SZZKH,TechSupport
6386-SZZKH,StreamingTV
6386-SZZKH,StreamingMovies
6386-SZZKH,InternetService_Fiber
3327-YBAKM,PhoneService
3327-YBAKM,OnlineSecurity
3327-YBAKM,TechSupport
3327-YBAKM,StreamingTV
3327-YBAKM,StreamingMovies
3327-YBAKM,InternetService_Fiber
9441-QHEVC,PhoneService
6705-LNMDD,PhoneService
6705-LNMDD,TechSupport
6705-LNMDD,InternetService_DSL
2580-ASVVY,OnlineSecurity
2580-ASVVY,TechSupport
2580-ASVVY,StreamingTV
2580-ASVVY,InternetService_DSL
3370-GQEAL,PhoneService
3370-GQEAL,MultipleLines
3370-GQEAL,StreamingTV
3370-GQEAL,InternetService_Fiber
5032-USPKF,PhoneService
5032-USPKF,MultipleLines
5032-USPKF,OnlineSecurity
5032-USPKF,OnlineBackup
5032-USPKF,DeviceProtection
5032-USPKF,StreamingTV
5032-USPKF,StreamingMovies
5032-USPKF,InternetService_DSL
2982-IHMFT,PhoneService
2982-IHMFT,MultipleLines
2982-IHMFT,InternetService_Fiber
3521-SYVOR,PhoneService
3521-SYVOR,StreamingTV
3521-SYVOR,StreamingMovies
3521-SYVOR,InternetService_DSL
4254-QPEDE,OnlineSecurity
4254-QPEDE,OnlineBackup
4254-QPEDE,DeviceProtection
4254-QPEDE,TechSupport
4254-QPEDE,StreamingTV
4254-QPEDE,StreamingMovies
4254-QPEDE,InternetService_DSL
6283-GITPX,PhoneService
6283-GITPX,OnlineSecurity
6283-GITPX,OnlineBackup
6283-GITPX,DeviceProtection
6283-GITPX,TechSupport
6283-GITPX,StreamingTV
6283-GITPX,InternetService_DSL
9526-JAWYF,PhoneService
9526-JAWYF,OnlineBackup
9526-JAWYF,DeviceProtection
9526-JAWYF,StreamingTV
9526-JAWYF,InternetService_Fiber
0771-CHWSK,PhoneService
0771-CHWSK,MultipleLines
0771-CHWSK,OnlineSecurity
0771-CHWSK,OnlineBackup
0771-CHWSK,DeviceProtection
0771-CHWSK,StreamingMovies
0771-CHWSK,InternetService_DSL
9788-HNGUT,PhoneService
9788-HNGUT,MultipleLines
9788-HNGUT,OnlineSecurity
9788-HNGUT,OnlineBackup
9788-HNGUT,DeviceProtection
9788-HNGUT,TechSupport
9788-HNGUT,StreamingTV
9788-HNGUT,StreamingMovies
9788-HNGUT,InternetService_Fiber
9495-REDIY,OnlineSecurity
9495-REDIY,StreamingTV
9495-REDIY,InternetService_DSL
5375-XLDOF,PhoneService
5375-XLDOF,MultipleLines
5375-XLDOF,OnlineSecurity
5375-XLDOF,OnlineBackup
5375-XLDOF,DeviceProtection
5375-XLDOF,TechSupport
5375-XLDOF,StreamingTV
5375-XLDOF,StreamingMovies
5375-XLDOF,InternetService_Fiber
1172-VIYBP,PhoneService
1172-VIYBP,MultipleLines
1172-VIYBP,OnlineSecurity
1172-VIYBP,OnlineBackup
1172-VIYBP,StreamingMovies
1172-VIYBP,InternetService_DSL
5649-VUKMC,PhoneService
5649-VUKMC,DeviceProtection
5649-VUKMC,StreamingTV
5649-VUKMC,StreamingMovies
5649-VUKMC,InternetService_Fiber
6559-PDZLR,PhoneService
6559-PDZLR,DeviceProtection
6559-PDZLR,TechSupport
6559-PDZLR,StreamingTV
6559-PDZLR,StreamingMovies
6559-PDZLR,InternetService_Fiber
8992-OBVDG,PhoneService
8992-OBVDG,DeviceProtection
8992-OBVDG,StreamingMovies
8992-OBVDG,InternetService_DSL
4273-MBHYA,PhoneService
4273-MBHYA,StreamingTV
4273-MBHYA,StreamingMovies
4273-MBHYA,InternetService_Fiber
4724-WXVWF,PhoneService
4724-WXVWF,MultipleLines
4724-WXVWF,OnlineSecurity
4724-WXVWF,TechSupport
4724-WXVWF,StreamingMovies
4724-WXVWF,InternetService_Fiber
5701-GUXDC,OnlineSecurity
5701-GUXDC,DeviceProtection
5701-GUXDC,InternetService_DSL
1460-UZPRJ,PhoneService
6082-GLJIX,PhoneService
5143-EGQFK,TechSupport
5143-EGQFK,InternetService_DSL
4919-IKATY,PhoneService
4919-IKATY,MultipleLines
4919-IKATY,OnlineSecurity
4919-IKATY,DeviceProtection
4919-IKATY,InternetService_Fiber
2495-TTHBQ,PhoneService
0485-ZBSLN,PhoneService
0485-ZBSLN,MultipleLines
3810-PJUHR,PhoneService
3810-PJUHR,MultipleLines
9050-QLROH,PhoneService
9050-QLROH,MultipleLines
9050-QLROH,DeviceProtection
9050-QLROH,StreamingMovies
9050-QLROH,InternetService_Fiber
0847-HGRML,PhoneService
8232-CTLKO,PhoneService
8232-CTLKO,OnlineSecurity
8232-CTLKO,StreamingTV
8232-CTLKO,InternetService_DSL
9227-YBAXE,PhoneService
9227-YBAXE,MultipleLines
9227-YBAXE,OnlineSecurity
9227-YBAXE,OnlineBackup
9227-YBAXE,TechSupport
9227-YBAXE,StreamingTV
9227-YBAXE,StreamingMovies
9227-YBAXE,InternetService_DSL
6168-WFVVF,PhoneService
6168-WFVVF,InternetService_Fiber
9860-LISIZ,PhoneService
0112-QAWRZ,PhoneService
0112-QAWRZ,MultipleLines
0112-QAWRZ,DeviceProtection
0112-QAWRZ,StreamingTV
0112-QAWRZ,InternetService_Fiber
0877-SDMBN,PhoneService
0877-SDMBN,MultipleLines
0877-SDMBN,OnlineSecurity
0877-SDMBN,DeviceProtection
0877-SDMBN,StreamingTV
0877-SDMBN,StreamingMovies
0877-SDMBN,InternetService_Fiber
2786-GCDPI,PhoneService
2786-GCDPI,MultipleLines
2786-GCDPI,DeviceProtection
2786-GCDPI,TechSupport
2786-GCDPI,StreamingTV
2786-GCDPI,StreamingMovies
2786-GCDPI,InternetService_Fiber
4043-MKDTV,PhoneService
4043-MKDTV,OnlineBackup
4043-MKDTV,DeviceProtection
4043-MKDTV,TechSupport
4043-MKDTV,StreamingTV
4043-MKDTV,StreamingMovies
4043-MKDTV,InternetService_Fiber
8065-YKXKD,PhoneService
8065-YKXKD,MultipleLines
8065-YKXKD,InternetService_Fiber
9637-EIHEQ,PhoneService
9637-EIHEQ,TechSupport
9637-EIHEQ,InternetService_DSL
9229-RQABD,PhoneService
9229-RQABD,MultipleLines
8313-KTIHG,PhoneService
8313-KTIHG,TechSupport
8313-KTIHG,StreamingTV
8313-KTIHG,InternetService_DSL
5320-BRKGK,PhoneService
5320-BRKGK,MultipleLines
5320-BRKGK,OnlineSecurity
5320-BRKGK,DeviceProtection
5320-BRKGK,TechSupport
5320-BRKGK,StreamingTV
5320-BRKGK,InternetService_DSL
6284-KMNUF,PhoneService
6284-KMNUF,MultipleLines
6284-KMNUF,OnlineSecurity
6284-KMNUF,StreamingTV
6284-KMNUF,StreamingMovies
6284-KMNUF,InternetService_Fiber
9689-PTNPG,PhoneService
9689-PTNPG,StreamingTV
9689-PTNPG,InternetService_Fiber
9465-RWMXL,PhoneService
9465-RWMXL,MultipleLines
9465-RWMXL,DeviceProtection
9465-RWMXL,InternetService_Fiber
6229-UOLQL,OnlineSecurity
6229-UOLQL,OnlineBackup
6229-UOLQL,TechSupport
6229-UOLQL,StreamingTV
6229-UOLQL,InternetService_DSL
2362-IBOOY,PhoneService
2362-IBOOY,MultipleLines
2362-IBOOY,StreamingMovies
2362-IBOOY,InternetService_Fiber
3137-LUPIX,PhoneService
3137-LUPIX,MultipleLines
3137-LUPIX,TechSupport
3137-LUPIX,StreamingTV
3137-LUPIX,InternetService_DSL
0843-WTBXE,PhoneService
0843-WTBXE,MultipleLines
0843-WTBXE,StreamingTV
0843-WTBXE,InternetService_Fiber
6143-JQKEA,PhoneService
6143-JQKEA,InternetService_DSL
8676-OOQEJ,TechSupport
8676-OOQEJ,InternetService_DSL
5515-IDEJJ,PhoneService
9701-CDXHR,PhoneService
9701-CDXHR,InternetService_Fiber
7450-NWRTR,PhoneService
7450-NWRTR,MultipleLines
7450-NWRTR,DeviceProtection
7450-NWRTR,StreamingTV
7450-NWRTR,StreamingMovies
7450-NWRTR,InternetService_Fiber
8124-NZVGJ,TechSupport
8124-NZVGJ,StreamingTV
8124-NZVGJ,StreamingMovies
8124-NZVGJ,InternetService_DSL
2162-FRZAA,OnlineBackup
2162-FRZAA,DeviceProtection
2162-FRZAA,TechSupport
2162-FRZAA,InternetService_DSL
5376-DEQCP,PhoneService
5376-DEQCP,InternetService_Fiber
5118-MUEYH,PhoneService
5118-MUEYH,MultipleLines
5118-MUEYH,OnlineBackup
5118-MUEYH,TechSupport
5118-MUEYH,StreamingTV
5118-MUEYH,StreamingMovies
5118-MUEYH,InternetService_Fiber
9095-HFAFX,PhoneService
9095-HFAFX,StreamingTV
9095-HFAFX,InternetService_Fiber
5627-TVBPP,PhoneService
2379-ENZGV,PhoneService
2379-ENZGV,OnlineBackup
2379-ENZGV,StreamingTV
2379-ENZGV,InternetService_Fiber
3936-QQFLL,PhoneService
2589-AYCRP,PhoneService
4067-HLYQI,PhoneService
4067-HLYQI,InternetService_Fiber
5124-EOGYE,PhoneService
5057-RKGLH,PhoneService
0292-WEGCH,PhoneService
0292-WEGCH,MultipleLines
0292-WEGCH,OnlineBackup
0292-WEGCH,DeviceProtection
0292-WEGCH,TechSupport
0292-WEGCH,StreamingTV
0292-WEGCH,StreamingMovies
0292-WEGCH,InternetService_DSL
8910-ICHIU,PhoneService
8910-ICHIU,OnlineSecurity
8910-ICHIU,OnlineBackup
8910-ICHIU,DeviceProtection
8910-ICHIU,StreamingTV
8910-ICHIU,InternetService_Fiber
4097-YODCF,PhoneService
4097-YODCF,MultipleLines
4097-YODCF,OnlineSecurity
4097-YODCF,OnlineBackup
4097-YODCF,StreamingTV
4097-YODCF,StreamingMovies
4097-YODCF,InternetService_Fiber
9715-WZCLW,PhoneService
9715-WZCLW,MultipleLines
9715-WZCLW,OnlineSecurity
9715-WZCLW,StreamingTV
9715-WZCLW,StreamingMovies
9715-WZCLW,InternetService_Fiber
9786-YWNHU,PhoneService
9786-YWNHU,OnlineSecurity
9786-YWNHU,OnlineBackup
9786-YWNHU,DeviceProtection
9786-YWNHU,TechSupport
9786-YWNHU,InternetService_DSL
6407-GSJNL,PhoneService
6407-GSJNL,MultipleLines
6005-OBZPH,PhoneService
6005-OBZPH,MultipleLines
6005-OBZPH,OnlineBackup
6005-OBZPH,StreamingTV
6005-OBZPH,InternetService_Fiber
4049-ZPALD,PhoneService
4049-ZPALD,OnlineSecurity
4049-ZPALD,DeviceProtection
4049-ZPALD,StreamingTV
4049-ZPALD,StreamingMovies
4049-ZPALD,InternetService_Fiber
7932-WPTDS,InternetService_DSL
3733-UOCWF,PhoneService
3733-UOCWF,MultipleLines
3733-UOCWF,OnlineBackup
3733-UOCWF,TechSupport
3733-UOCWF,InternetService_Fiber
6833-JMZYP,PhoneService
6833-JMZYP,DeviceProtection
6833-JMZYP,StreamingTV
6833-JMZYP,StreamingMovies
6833-JMZYP,InternetService_Fiber
2722-VOJQL,PhoneService
2722-VOJQL,MultipleLines
2722-VOJQL,OnlineBackup
2722-VOJQL,TechSupport
2722-VOJQL,StreamingTV
2722-VOJQL,StreamingMovies
2722-VOJQL,InternetService_Fiber
1310-QRITU,PhoneService
1310-QRITU,MultipleLines
1310-QRITU,InternetService_DSL
8961-QDZZJ,PhoneService
8961-QDZZJ,OnlineBackup
8961-QDZZJ,StreamingTV
8961-QDZZJ,StreamingMovies
8961-QDZZJ,InternetService_Fiber
9715-SBVSU,PhoneService
9715-SBVSU,OnlineSecurity
9715-SBVSU,OnlineBackup
9715-SBVSU,StreamingMovies
9715-SBVSU,InternetService_DSL
8490-BXHEO,PhoneService
8490-BXHEO,MultipleLines
8490-BXHEO,OnlineBackup
8490-BXHEO,InternetService_Fiber
7173-TETGO,PhoneService
7173-TETGO,MultipleLines
7173-TETGO,OnlineSecurity
7173-TETGO,InternetService_Fiber
7929-SKFGK,PhoneService
7929-SKFGK,MultipleLines
7929-SKFGK,OnlineSecurity
7929-SKFGK,OnlineBackup
7929-SKFGK,DeviceProtection
7929-SKFGK,TechSupport
7929-SKFGK,StreamingTV
7929-SKFGK,StreamingMovies
7929-SKFGK,InternetService_Fiber
2300-RQGOI,PhoneService
3563-SVYLG,PhoneService
3563-SVYLG,OnlineSecurity
3563-SVYLG,OnlineBackup
3563-SVYLG,DeviceProtection
3563-SVYLG,TechSupport
3563-SVYLG,InternetService_DSL
5228-EXCET,PhoneService
5228-EXCET,StreamingMovies
5228-EXCET,InternetService_Fiber
6435-VWCCY,PhoneService
6435-VWCCY,MultipleLines
6435-VWCCY,OnlineSecurity
6435-VWCCY,OnlineBackup
6435-VWCCY,StreamingTV
6435-VWCCY,InternetService_Fiber
4998-IKFSE,PhoneService
4998-IKFSE,MultipleLines
4998-IKFSE,DeviceProtection
4998-IKFSE,StreamingTV
4998-IKFSE,StreamingMovies
4998-IKFSE,InternetService_Fiber
8630-QSGXK,PhoneService
8630-QSGXK,MultipleLines
8630-QSGXK,TechSupport
8630-QSGXK,StreamingTV
8630-QSGXK,StreamingMovies
8630-QSGXK,InternetService_DSL
2455-USLMV,PhoneService
2455-USLMV,MultipleLines
2455-USLMV,OnlineSecurity
2455-USLMV,DeviceProtection
2455-USLMV,InternetService_Fiber
7394-FKDNK,PhoneService
7394-FKDNK,StreamingTV
7394-FKDNK,StreamingMovies
7394-FKDNK,InternetService_Fiber
9488-FVZCC,PhoneService
9488-FVZCC,MultipleLines
9488-FVZCC,OnlineSecurity
9488-FVZCC,OnlineBackup
9488-FVZCC,DeviceProtection
9488-FVZCC,TechSupport
9488-FVZCC,StreamingMovies
9488-FVZCC,InternetService_DSL
6331-LWDTQ,PhoneService
6331-LWDTQ,MultipleLines
6331-LWDTQ,StreamingTV
6331-LWDTQ,StreamingMovies
6331-LWDTQ,InternetService_DSL
5995-WWKKG,PhoneService
1597-FZREH,PhoneService
1597-FZREH,DeviceProtection
1597-FZREH,TechSupport
1597-FZREH,StreamingTV
1597-FZREH,StreamingMovies
1597-FZREH,InternetService_DSL
7879-CGSFV,PhoneService
7879-CGSFV,OnlineSecurity
7879-CGSFV,OnlineBackup
7879-CGSFV,StreamingTV
7879-CGSFV,StreamingMovies
7879-CGSFV,InternetService_Fiber
9921-EZKBY,PhoneService
9921-EZKBY,MultipleLines
9921-EZKBY,OnlineSecurity
9921-EZKBY,DeviceProtection
9921-EZKBY,StreamingMovies
9921-EZKBY,InternetService_Fiber
7432-FFVAR,PhoneService
7432-FFVAR,DeviceProtection
7432-FFVAR,TechSupport
7432-FFVAR,StreamingMovies
7432-FFVAR,InternetService_Fiber
7246-ZGQDF,PhoneService
7246-ZGQDF,OnlineSecurity
7246-ZGQDF,TechSupport
7246-ZGQDF,InternetService_DSL
7000-WCEVQ,PhoneService
7000-WCEVQ,MultipleLines
7000-WCEVQ,StreamingMovies
7000-WCEVQ,InternetService_DSL
0727-IWKVK,PhoneService
0727-IWKVK,OnlineBackup
0727-IWKVK,DeviceProtection
0727-IWKVK,InternetService_Fiber
5959-BELXA,PhoneService
5959-BELXA,MultipleLines
5959-BELXA,StreamingTV
5959-BELXA,StreamingMovies
5959-BELXA,InternetService_Fiber
4456-RHSNB,PhoneService
4456-RHSNB,DeviceProtection
4456-RHSNB,InternetService_DSL
3512-IZIKN,PhoneService
3512-IZIKN,MultipleLines
3512-IZIKN,OnlineSecurity
3512-IZIKN,DeviceProtection
3512-IZIKN,TechSupport
3512-IZIKN,InternetService_DSL
2481-SBOYW,PhoneService
2481-SBOYW,MultipleLines
7109-MFBYV,PhoneService
7109-MFBYV,InternetService_DSL
1833-TCXKK,PhoneService
1833-TCXKK,MultipleLines
1833-TCXKK,OnlineBackup
1833-TCXKK,DeviceProtection
1833-TCXKK,StreamingTV
1833-TCXKK,StreamingMovies
1833-TCXKK,InternetService_Fiber
1832-PEUTS,PhoneService
1832-PEUTS,MultipleLines
1832-PEUTS,DeviceProtection
1832-PEUTS,StreamingTV
1832-PEUTS,InternetService_Fiber
6141-OOXUQ,PhoneService
8660-BUETV,PhoneService
8660-BUETV,InternetService_DSL
0580-PIQHM,PhoneService
0580-PIQHM,MultipleLines
0580-PIQHM,OnlineSecurity
0580-PIQHM,OnlineBackup
0580-PIQHM,DeviceProtection
0580-PIQHM,StreamingMovies
0580-PIQHM,InternetService_Fiber
5696-CEIQJ,PhoneService
5696-CEIQJ,OnlineBackup
5696-CEIQJ,DeviceProtection
5696-CEIQJ,TechSupport
5696-CEIQJ,StreamingTV
5696-CEIQJ,StreamingMovies
5696-CEIQJ,InternetService_Fiber
7503-ZGUZJ,PhoneService
7503-ZGUZJ,MultipleLines
7503-ZGUZJ,StreamingTV
7503-ZGUZJ,InternetService_Fiber
1696-HXOWK,PhoneService
1696-HXOWK,MultipleLines
1696-HXOWK,OnlineSecurity
1696-HXOWK,OnlineBackup
1696-HXOWK,StreamingTV
1696-HXOWK,InternetService_Fiber
3026-ATZYV,PhoneService
3026-ATZYV,OnlineSecurity
3026-ATZYV,OnlineBackup
3026-ATZYV,StreamingTV
3026-ATZYV,StreamingMovies
3026-ATZYV,InternetService_DSL
4012-YCFAI,PhoneService
4012-YCFAI,OnlineSecurity
4012-YCFAI,OnlineBackup
4012-YCFAI,TechSupport
4012-YCFAI,InternetService_DSL
2506-TNFCO,PhoneService
2506-TNFCO,InternetService_Fiber
9970-QBCDA,PhoneService
8718-PTMEZ,OnlineBackup
8718-PTMEZ,InternetService_DSL
9496-IVVRP,PhoneService
9496-IVVRP,OnlineSecurity
9496-IVVRP,InternetService_DSL
2207-OBZNX,PhoneService
2207-OBZNX,OnlineSecurity
2207-OBZNX,InternetService_DSL
2657-VPXTA,PhoneService
2657-VPXTA,StreamingTV
2657-VPXTA,StreamingMovies
2657-VPXTA,InternetService_Fiber
6551-VLJMV,PhoneService
1221-GHZEP,PhoneService
1221-GHZEP,OnlineSecurity
1221-GHZEP,TechSupport
1221-GHZEP,StreamingMovies
1221-GHZEP,InternetService_DSL
9289-LBQVU,PhoneService
9289-LBQVU,MultipleLines
9289-LBQVU,OnlineBackup
9289-LBQVU,TechSupport
9289-LBQVU,StreamingMovies
9289-LBQVU,InternetService_DSL
6142-VSJQO,PhoneService
6142-VSJQO,InternetService_DSL
3458-IDMFK,PhoneService
6933-FHBZC,PhoneService
6933-FHBZC,OnlineBackup
6933-FHBZC,DeviceProtection
6933-FHBZC,InternetService_DSL
0221-NAUXK,PhoneService
9770-KXGQU,PhoneService
9770-KXGQU,MultipleLines
9770-KXGQU,OnlineSecurity
9770-KXGQU,OnlineBackup
9770-KXGQU,DeviceProtection
9770-KXGQU,StreamingTV
9770-KXGQU,InternetService_Fiber
6437-UKHMV,PhoneService
6437-UKHMV,StreamingTV
6437-UKHMV,InternetService_Fiber
6538-POCHL,PhoneService
6538-POCHL,OnlineBackup
6538-POCHL,DeviceProtection
6538-POCHL,InternetService_Fiber
6726-NNFWD,PhoneService
6726-NNFWD,OnlineBackup
6726-NNFWD,DeviceProtection
6726-NNFWD,StreamingMovies
6726-NNFWD,InternetService_Fiber
3002-WQZWT,PhoneService
3002-WQZWT,MultipleLines
3002-WQZWT,InternetService_Fiber
4277-UDIEF,PhoneService
4277-UDIEF,MultipleLines
4277-UDIEF,OnlineSecurity
4277-UDIEF,TechSupport
4277-UDIEF,StreamingTV
4277-UDIEF,StreamingMovies
4277-UDIEF,InternetService_DSL
1208-NBVFH,PhoneService
1208-NBVFH,DeviceProtection
1208-NBVFH,InternetService_DSL
4912-PIGUY,PhoneService
4912-PIGUY,MultipleLines
4912-PIGUY,StreamingTV
4912-PIGUY,InternetService_Fiber
1114-CENIM,PhoneService
1114-CENIM,MultipleLines
1114-CENIM,OnlineBackup
1114-CENIM,InternetService_DSL
6060-DRTNL,PhoneService
6060-DRTNL,DeviceProtection
6060-DRTNL,StreamingTV
6060-DRTNL,InternetService_Fiber
2725-TTRIQ,PhoneService
2725-TTRIQ,MultipleLines
2725-TTRIQ,OnlineSecurity
2725-TTRIQ,DeviceProtection
2725-TTRIQ,TechSupport
2725-TTRIQ,StreamingTV
2725-TTRIQ,StreamingMovies
2725-TTRIQ,InternetService_DSL
3374-TTZTK,PhoneService
3374-TTZTK,OnlineSecurity
3374-TTZTK,OnlineBackup
3374-TTZTK,DeviceProtection
3374-TTZTK,TechSupport
3374-TTZTK,StreamingTV
3374-TTZTK,StreamingMovies
3374-TTZTK,InternetService_Fiber
8990-ZXLSU,PhoneService
8990-ZXLSU,InternetService_Fiber
2275-RBYQS,PhoneService
2275-RBYQS,InternetService_DSL
8473-VUVJN,PhoneService
8473-VUVJN,MultipleLines
8473-VUVJN,InternetService_Fiber
6289-CPNLD,PhoneService
6289-CPNLD,DeviceProtection
6289-CPNLD,TechSupport
6289-CPNLD,StreamingTV
6289-CPNLD,StreamingMovies
6289-CPNLD,InternetService_DSL
5536-SLHPM,PhoneService
5536-SLHPM,MultipleLines
5536-SLHPM,DeviceProtection
5536-SLHPM,InternetService_Fiber
4419-UJMUS,PhoneService
4419-UJMUS,MultipleLines
4419-UJMUS,TechSupport
4419-UJMUS,StreamingTV
4419-UJMUS,StreamingMovies
4419-UJMUS,InternetService_Fiber
7794-JASDG,PhoneService
7794-JASDG,OnlineSecurity
7794-JASDG,InternetService_DSL
7609-YBPXG,PhoneService
7609-YBPXG,MultipleLines
7609-YBPXG,OnlineSecurity
7609-YBPXG,DeviceProtection
7609-YBPXG,TechSupport
7609-YBPXG,StreamingTV
7609-YBPXG,StreamingMovies
7609-YBPXG,InternetService_DSL
5519-TEEUH,PhoneService
7856-GANIL,PhoneService
7856-GANIL,MultipleLines
7856-GANIL,OnlineBackup
7856-GANIL,DeviceProtection
7856-GANIL,TechSupport
7856-GANIL,StreamingTV
7856-GANIL,InternetService_Fiber
0804-XBFBV,InternetService_DSL
2676-OXPPQ,PhoneService
2676-OXPPQ,OnlineSecurity
2676-OXPPQ,OnlineBackup
2676-OXPPQ,InternetService_DSL
3703-TTEPD,PhoneService
3703-TTEPD,OnlineSecurity
3703-TTEPD,DeviceProtection
3703-TTEPD,StreamingTV
3703-TTEPD,InternetService_DSL
2799-TSLAG,PhoneService
2799-TSLAG,MultipleLines
0196-VULGZ,PhoneService
0196-VULGZ,MultipleLines
0196-VULGZ,StreamingMovies
0196-VULGZ,InternetService_Fiber
8837-VVWLQ,PhoneService
8837-VVWLQ,OnlineSecurity
8837-VVWLQ,StreamingTV
8837-VVWLQ,InternetService_Fiber
2696-NARTR,PhoneService
2696-NARTR,TechSupport
2696-NARTR,InternetService_Fiber
2208-NKVVH,PhoneService
2208-NKVVH,MultipleLines
7614-QVWQL,OnlineBackup
7614-QVWQL,StreamingTV
7614-QVWQL,StreamingMovies
7614-QVWQL,InternetService_DSL
1976-CFOCS,PhoneService
1976-CFOCS,InternetService_DSL
4631-OACRM,PhoneService
4631-OACRM,StreamingMovies
4631-OACRM,InternetService_Fiber
7139-JZFVG,PhoneService
7139-JZFVG,OnlineSecurity
7139-JZFVG,OnlineBackup
7139-JZFVG,DeviceProtection
7139-JZFVG,InternetService_DSL
4987-GQWPO,InternetService_DSL
3755-JBMNH,PhoneService
3755-JBMNH,InternetService_Fiber
1757-TCATG,PhoneService
6345-ULYRW,PhoneService
6345-ULYRW,MultipleLines
6345-ULYRW,OnlineBackup
6345-ULYRW,StreamingMovies
6345-ULYRW,InternetService_Fiber
4776-XSKYQ,TechSupport
4776-XSKYQ,InternetService_DSL
8048-DSDFQ,PhoneService
5753-QQWPW,PhoneService
5753-QQWPW,OnlineSecurity
5753-QQWPW,OnlineBackup
5753-QQWPW,TechSupport
5753-QQWPW,InternetService_DSL
6010-DDPPW,PhoneService
6010-DDPPW,MultipleLines
1809-DMJHQ,PhoneService
1809-DMJHQ,InternetService_DSL
6693-FRIRW,PhoneService
6693-FRIRW,OnlineBackup
6693-FRIRW,DeviceProtection
6693-FRIRW,StreamingTV
6693-FRIRW,StreamingMovies
6693-FRIRW,InternetService_Fiber
6586-MYGKD,PhoneService
6586-MYGKD,MultipleLines
6586-MYGKD,OnlineSecurity
6586-MYGKD,TechSupport
6586-MYGKD,StreamingTV
6586-MYGKD,StreamingMovies
6586-MYGKD,InternetService_DSL
3173-NVMPX,PhoneService
3173-NVMPX,MultipleLines
3173-NVMPX,OnlineBackup
3173-NVMPX,InternetService_DSL
0248-PGHBZ,PhoneService
0248-PGHBZ,OnlineSecurity
0248-PGHBZ,OnlineBackup
0248-PGHBZ,TechSupport
0248-PGHBZ,StreamingTV
0248-PGHBZ,InternetService_Fiber
0623-GDISB,PhoneService
0623-GDISB,OnlineSecurity
0623-GDISB,InternetService_DSL
2892-GESUL,PhoneService
6923-EFPNL,PhoneService
6923-EFPNL,MultipleLines
6923-EFPNL,InternetService_DSL
7472-EQOAV,PhoneService
7472-EQOAV,OnlineSecurity
7472-EQOAV,OnlineBackup
7472-EQOAV,DeviceProtection
7472-EQOAV,InternetService_Fiber
9574-RKJIF,PhoneService
9574-RKJIF,MultipleLines
9574-RKJIF,OnlineSecurity
9574-RKJIF,OnlineBackup
9574-RKJIF,StreamingTV
9574-RKJIF,InternetService_Fiber
2043-WVTQJ,PhoneService
2043-WVTQJ,OnlineSecurity
2043-WVTQJ,DeviceProtection
2043-WVTQJ,InternetService_DSL
8034-RYTVV,PhoneService
8034-RYTVV,MultipleLines
8034-RYTVV,OnlineSecurity
8034-RYTVV,DeviceProtection
8034-RYTVV,InternetService_Fiber
3863-QSTYI,PhoneService
3863-QSTYI,DeviceProtection
3863-QSTYI,TechSupport
3863-QSTYI,StreamingTV
3863-QSTYI,InternetService_DSL
2619-WFQWU,PhoneService
2619-WFQWU,InternetService_Fiber
5044-LRQAQ,PhoneService
5044-LRQAQ,InternetService_Fiber
1716-LSAMB,PhoneService
1716-LSAMB,OnlineSecurity
1716-LSAMB,TechSupport
1716-LSAMB,InternetService_DSL
1333-PBMXB,PhoneService
1333-PBMXB,MultipleLines
6546-OPBBH,PhoneService
6546-OPBBH,MultipleLines
5985-BEHZK,PhoneService
5985-BEHZK,MultipleLines
5985-BEHZK,OnlineBackup
5985-BEHZK,DeviceProtection
5985-BEHZK,StreamingTV
5985-BEHZK,StreamingMovies
5985-BEHZK,InternetService_Fiber
9127-QRZMH,PhoneService
9127-QRZMH,OnlineSecurity
9127-QRZMH,OnlineBackup
9127-QRZMH,TechSupport
9127-QRZMH,InternetService_DSL
5919-VCZYM,PhoneService
9644-KVCNC,PhoneService
9644-KVCNC,MultipleLines
9644-KVCNC,DeviceProtection
9644-KVCNC,StreamingTV
9644-KVCNC,InternetService_Fiber
2137-DQMEV,OnlineSecurity
2137-DQMEV,OnlineBackup
2137-DQMEV,StreamingTV
2137-DQMEV,InternetService_DSL
8174-LNWMW,PhoneService
9279-CJEOJ,PhoneService
9279-CJEOJ,MultipleLines
9279-CJEOJ,StreamingTV
9279-CJEOJ,StreamingMovies
9279-CJEOJ,InternetService_Fiber
7964-VEXDG,PhoneService
7964-VEXDG,MultipleLines
7964-VEXDG,OnlineSecurity
7964-VEXDG,InternetService_Fiber
2404-JIBFC,PhoneService
2404-JIBFC,MultipleLines
2404-JIBFC,OnlineSecurity
2404-JIBFC,DeviceProtection
2404-JIBFC,TechSupport
2404-JIBFC,StreamingTV
2404-JIBFC,StreamingMovies
2404-JIBFC,InternetService_DSL
0778-NELLA,StreamingTV
0778-NELLA,InternetService_DSL
8029-XYPWT,PhoneService
8029-XYPWT,MultipleLines
8029-XYPWT,OnlineSecurity
8029-XYPWT,OnlineBackup
8029-XYPWT,DeviceProtection
8029-XYPWT,TechSupport
8029-XYPWT,StreamingTV
8029-XYPWT,StreamingMovies
8029-XYPWT,InternetService_Fiber
4614-NUVZD,PhoneService
4614-NUVZD,StreamingMovies
4614-NUVZD,InternetService_Fiber
4632-PAOYU,PhoneService
3803-KMQFW,PhoneService
6804-GDMOI,PhoneService
6804-GDMOI,MultipleLines
6804-GDMOI,DeviceProtection
6804-GDMOI,TechSupport
6804-GDMOI,StreamingTV
6804-GDMOI,StreamingMovies
6804-GDMOI,InternetService_Fiber
2990-OGYTD,PhoneService
2990-OGYTD,MultipleLines
2990-OGYTD,OnlineBackup
2990-OGYTD,DeviceProtection
2990-OGYTD,TechSupport
2990-OGYTD,StreamingTV
2990-OGYTD,StreamingMovies
2990-OGYTD,InternetService_DSL
6646-JPPHA,PhoneService
6646-JPPHA,OnlineSecurity
6646-JPPHA,OnlineBackup
6646-JPPHA,InternetService_Fiber
9572-MTILT,PhoneService
9572-MTILT,MultipleLines
9572-MTILT,OnlineSecurity
9572-MTILT,OnlineBackup
9572-MTILT,DeviceProtection
9572-MTILT,TechSupport
9572-MTILT,StreamingTV
9572-MTILT,InternetService_Fiber
7658-UYUQS,PhoneService
7658-UYUQS,DeviceProtection
7658-UYUQS,StreamingTV
7658-UYUQS,InternetService_Fiber
7880-XSOJX,OnlineSecurity
7880-XSOJX,OnlineBackup
7880-XSOJX,TechSupport
7880-XSOJX,InternetService_DSL
9611-CTWIH,PhoneService
9611-CTWIH,StreamingTV
9611-CTWIH,StreamingMovies
9611-CTWIH,InternetService_Fiber
4589-IUAJB,PhoneService
4589-IUAJB,MultipleLines
0329-GTIAJ,PhoneService
0329-GTIAJ,OnlineBackup
0329-GTIAJ,TechSupport
0329-GTIAJ,StreamingTV
0329-GTIAJ,StreamingMovies
0329-GTIAJ,InternetService_Fiber
8746-BFOAJ,PhoneService
8457-XIGKN,PhoneService
6072-NUQCB,PhoneService
6629-CZTTH,PhoneService
6629-CZTTH,StreamingMovies
6629-CZTTH,InternetService_DSL
8838-GPHZP,PhoneService
8750-QWZAJ,PhoneService
5364-EVNIB,PhoneService
5364-EVNIB,OnlineBackup
5364-EVNIB,DeviceProtection
5364-EVNIB,InternetService_Fiber
6918-UMQCG,PhoneService
6918-UMQCG,StreamingTV
6918-UMQCG,InternetService_Fiber
0675-NCDYU,PhoneService
0675-NCDYU,MultipleLines
0675-NCDYU,OnlineSecurity
0675-NCDYU,OnlineBackup
0675-NCDYU,DeviceProtection
0675-NCDYU,TechSupport
0675-NCDYU,StreamingTV
0675-NCDYU,StreamingMovies
0675-NCDYU,InternetService_Fiber
6339-DKLMK,OnlineBackup
6339-DKLMK,InternetService_DSL
1346-PJWTK,PhoneService
1346-PJWTK,OnlineBackup
1346-PJWTK,DeviceProtection
1346-PJWTK,TechSupport
1346-PJWTK,StreamingMovies
1346-PJWTK,InternetService_Fiber
5088-QZLRL,PhoneService
8023-QHAIO,PhoneService
8023-QHAIO,MultipleLines
8023-QHAIO,TechSupport
8023-QHAIO,InternetService_Fiber
4397-FRLTA,PhoneService
3057-VJJQE,PhoneService
3057-VJJQE,MultipleLines
3057-VJJQE,OnlineSecurity
3057-VJJQE,InternetService_DSL
5087-SUURX,DeviceProtection
5087-SUURX,StreamingTV
5087-SUURX,InternetService_DSL
2302-OUZXB,PhoneService
2302-OUZXB,MultipleLines
2302-OUZXB,OnlineBackup
2302-OUZXB,DeviceProtection
2302-OUZXB,StreamingTV
2302-OUZXB,StreamingMovies
2302-OUZXB,InternetService_DSL
8133-ANHHJ,PhoneService
8133-ANHHJ,MultipleLines
8133-ANHHJ,OnlineSecurity
8133-ANHHJ,OnlineBackup
8133-ANHHJ,DeviceProtection
8133-ANHHJ,TechSupport
8133-ANHHJ,StreamingMovies
8133-ANHHJ,InternetService_Fiber
2270-CHBFN,PhoneService
2270-CHBFN,MultipleLines
2270-CHBFN,OnlineSecurity
2270-CHBFN,OnlineBackup
2270-CHBFN,DeviceProtection
2270-CHBFN,TechSupport
2270-CHBFN,InternetService_Fiber
0013-EXCHZ,PhoneService
0013-EXCHZ,TechSupport
0013-EXCHZ,StreamingTV
0013-EXCHZ,InternetService_Fiber
5982-FPVQN,PhoneService
5982-FPVQN,MultipleLines
5982-FPVQN,OnlineBackup
5982-FPVQN,DeviceProtection
5982-FPVQN,StreamingMovies
5982-FPVQN,InternetService_Fiber
9107-UKCKY,PhoneService
9107-UKCKY,MultipleLines
9107-UKCKY,OnlineBackup
9107-UKCKY,DeviceProtection
9107-UKCKY,StreamingTV
9107-UKCKY,StreamingMovies
9107-UKCKY,InternetService_DSL
4654-ULTTN,PhoneService
4654-ULTTN,MultipleLines
4654-ULTTN,OnlineSecurity
4654-ULTTN,DeviceProtection
4654-ULTTN,TechSupport
4654-ULTTN,StreamingMovies
4654-ULTTN,InternetService_DSL
5550-VFRLC,PhoneService
5550-VFRLC,InternetService_Fiber
5546-BYZSM,PhoneService
1492-KGETH,PhoneService
1492-KGETH,MultipleLines
1492-KGETH,OnlineSecurity
1492-KGETH,OnlineBackup
1492-KGETH,DeviceProtection
1492-KGETH,TechSupport
1492-KGETH,StreamingMovies
1492-KGETH,InternetService_DSL
4929-BSTRX,PhoneService
4929-BSTRX,StreamingTV
4929-BSTRX,InternetService_DSL
4163-HFTUK,PhoneService
8215-NGSPE,PhoneService
2225-ZRGSG,PhoneService
2225-ZRGSG,MultipleLines
2225-ZRGSG,OnlineSecurity
2225-ZRGSG,OnlineBackup
2225-ZRGSG,DeviceProtection
2225-ZRGSG,TechSupport
2225-ZRGSG,InternetService_Fiber
8859-YSTWS,PhoneService
5271-YNWVR,PhoneService
5271-YNWVR,MultipleLines
5271-YNWVR,OnlineSecurity
5271-YNWVR,OnlineBackup
5271-YNWVR,DeviceProtection
5271-YNWVR,TechSupport
5271-YNWVR,StreamingTV
5271-YNWVR,StreamingMovies
5271-YNWVR,InternetService_Fiber
7601-DHFWZ,PhoneService
7601-DHFWZ,MultipleLines
2657-ALMWY,PhoneService
2657-ALMWY,OnlineBackup
2657-ALMWY,StreamingMovies
2657-ALMWY,InternetService_Fiber
6330-JKLPC,PhoneService
6330-JKLPC,MultipleLines
6330-JKLPC,OnlineBackup
6330-JKLPC,InternetService_Fiber
4667-OHGKG,PhoneService
1998-VHJHK,PhoneService
1707-HABPF,PhoneService
1707-HABPF,OnlineBackup
1707-HABPF,DeviceProtection
1707-HABPF,StreamingTV
1707-HABPF,InternetService_Fiber
1660-HSOOQ,PhoneService
1660-HSOOQ,DeviceProtection
1660-HSOOQ,InternetService_DSL
7253-UVNDW,PhoneService
7253-UVNDW,DeviceProtection
7253-UVNDW,TechSupport
7253-UVNDW,InternetService_DSL
0487-VVUVK,PhoneService
7228-OMTPN,PhoneService
7228-OMTPN,StreamingTV
7228-OMTPN,StreamingMovies
7228-OMTPN,InternetService_Fiber
5063-IUOKK,PhoneService
4508-OEBEY,PhoneService
4508-OEBEY,OnlineSecurity
4508-OEBEY,OnlineBackup
4508-OEBEY,DeviceProtection
4508-OEBEY,TechSupport
4508-OEBEY,StreamingMovies
4508-OEBEY,InternetService_DSL
0027-KWYKW,PhoneService
0027-KWYKW,MultipleLines
0027-KWYKW,StreamingTV
0027-KWYKW,InternetService_Fiber
2308-STERM,PhoneService
5982-XMDEX,PhoneService
5982-XMDEX,MultipleLines
6284-AHOOQ,PhoneService
6284-AHOOQ,MultipleLines
6284-AHOOQ,TechSupport
6284-AHOOQ,StreamingTV
6284-AHOOQ,InternetService_Fiber
6051-PTVNS,PhoneService
2344-JMOGN,PhoneService
2344-JMOGN,OnlineBackup
2344-JMOGN,DeviceProtection
2344-JMOGN,TechSupport
2344-JMOGN,StreamingTV
2344-JMOGN,InternetService_Fiber
3799-ISUZQ,PhoneService
3799-ISUZQ,InternetService_Fiber
2877-VDUER,TechSupport
2877-VDUER,StreamingTV
2877-VDUER,InternetService_DSL
9152-AMKAK,PhoneService
9152-AMKAK,OnlineSecurity
9152-AMKAK,DeviceProtection
9152-AMKAK,TechSupport
9152-AMKAK,StreamingTV
9152-AMKAK,StreamingMovies
9152-AMKAK,InternetService_DSL
1794-HBQTJ,PhoneService
1794-HBQTJ,OnlineSecurity
1794-HBQTJ,InternetService_DSL
9432-VOFYX,PhoneService
9432-VOFYX,InternetService_Fiber
8049-WJCLQ,PhoneService
8049-WJCLQ,DeviceProtection
8049-WJCLQ,StreamingTV
8049-WJCLQ,InternetService_DSL
6586-PSJOX,PhoneService
6586-PSJOX,DeviceProtection
6586-PSJOX,TechSupport
6586-PSJOX,InternetService_DSL
2460-FPSYH,OnlineSecurity
2460-FPSYH,OnlineBackup
2460-FPSYH,StreamingTV
2460-FPSYH,StreamingMovies
2460-FPSYH,InternetService_DSL
9705-ZJBCG,PhoneService
9705-ZJBCG,OnlineSecurity
9705-ZJBCG,TechSupport
9705-ZJBCG,InternetService_DSL
4818-DRBQT,PhoneService
4818-DRBQT,MultipleLines
4818-DRBQT,OnlineBackup
4818-DRBQT,InternetService_Fiber
1320-HTRDR,PhoneService
1320-HTRDR,MultipleLines
1320-HTRDR,InternetService_Fiber
6847-KJLTS,PhoneService
6847-KJLTS,MultipleLines
6847-KJLTS,TechSupport
6847-KJLTS,StreamingTV
6847-KJLTS,StreamingMovies
6847-KJLTS,InternetService_Fiber
9670-BPNXF,PhoneService
9670-BPNXF,OnlineSecurity
9670-BPNXF,OnlineBackup
9670-BPNXF,TechSupport
9670-BPNXF,InternetService_DSL
3913-FCUUW,PhoneService
3913-FCUUW,MultipleLines
3913-FCUUW,OnlineSecurity
3913-FCUUW,OnlineBackup
3913-FCUUW,DeviceProtection
3913-FCUUW,TechSupport
3913-FCUUW,InternetService_DSL
3301-VKTGC,PhoneService
3301-VKTGC,MultipleLines
3301-VKTGC,OnlineSecurity
3301-VKTGC,OnlineBackup
3301-VKTGC,InternetService_Fiber
1493-AMTIE,PhoneService
9555-SAHUZ,PhoneService
9555-SAHUZ,OnlineSecurity
9555-SAHUZ,OnlineBackup
9555-SAHUZ,InternetService_DSL
0816-TSPHQ,PhoneService
9932-WBWIK,PhoneService
4619-EVPHY,PhoneService
4619-EVPHY,StreamingTV
4619-EVPHY,StreamingMovies
4619-EVPHY,InternetService_Fiber
5286-YHCVC,PhoneService
5286-YHCVC,MultipleLines
5286-YHCVC,OnlineBackup
5286-YHCVC,DeviceProtection
5286-YHCVC,StreamingTV
5286-YHCVC,StreamingMovies
5286-YHCVC,InternetService_Fiber
6424-ELEYH,PhoneService
6424-ELEYH,MultipleLines
6424-ELEYH,InternetService_Fiber
4391-RESHN,PhoneService
4391-RESHN,MultipleLines
4391-RESHN,DeviceProtection
4391-RESHN,TechSupport
4391-RESHN,StreamingTV
4391-RESHN,StreamingMovies
4391-RESHN,InternetService_Fiber
9115-YQHGA,PhoneService
9115-YQHGA,TechSupport
9115-YQHGA,InternetService_DSL
4462-CYWMH,PhoneService
4462-CYWMH,MultipleLines
4462-CYWMH,OnlineBackup
4462-CYWMH,StreamingMovies
4462-CYWMH,InternetService_Fiber
8963-MQVYN,PhoneService
2458-EOMRE,PhoneService
2458-EOMRE,OnlineSecurity
2458-EOMRE,DeviceProtection
2458-EOMRE,StreamingMovies
2458-EOMRE,InternetService_DSL
9334-GWGOW,PhoneService
9334-GWGOW,MultipleLines
9334-GWGOW,InternetService_Fiber
6821-BUXUX,PhoneService
6821-BUXUX,MultipleLines
6821-BUXUX,OnlineSecurity
6821-BUXUX,OnlineBackup
6821-BUXUX,StreamingTV
6821-BUXUX,InternetService_Fiber
5028-HTLJB,PhoneService
9801-GDWGV,PhoneService
9801-GDWGV,MultipleLines
9801-GDWGV,OnlineBackup
9801-GDWGV,DeviceProtection
9801-GDWGV,StreamingTV
9801-GDWGV,StreamingMovies
9801-GDWGV,InternetService_Fiber
6542-LWGXJ,InternetService_DSL
5567-GZKQY,PhoneService
1222-LRYKO,PhoneService
1222-LRYKO,MultipleLines
2320-JRSDE,PhoneService
2087-QAREY,PhoneService
2087-QAREY,OnlineBackup
2087-QAREY,DeviceProtection
2087-QAREY,InternetService_DSL
0601-WZHJF,StreamingTV
0601-WZHJF,StreamingMovies
0601-WZHJF,InternetService_DSL
4423-JWZJN,PhoneService
4423-JWZJN,MultipleLines
4423-JWZJN,DeviceProtection
4423-JWZJN,StreamingMovies
4423-JWZJN,InternetService_Fiber
5143-WMWOG,PhoneService
6490-FGZAT,PhoneService
5393-RXQSZ,PhoneService
5393-RXQSZ,StreamingMovies
5393-RXQSZ,InternetService_Fiber
7452-FOLON,PhoneService
7452-FOLON,MultipleLines
2320-TZRRH,PhoneService
0231-LXVAP,PhoneService
0231-LXVAP,TechSupport
0231-LXVAP,InternetService_Fiber
9444-JTXHZ,PhoneService
9444-JTXHZ,DeviceProtection
9444-JTXHZ,InternetService_Fiber
4942-VZZOM,PhoneService
4942-VZZOM,MultipleLines
4942-VZZOM,OnlineSecurity
4942-VZZOM,StreamingTV
4942-VZZOM,InternetService_DSL
5510-BOIUJ,PhoneService
7502-BNYGS,PhoneService
7502-BNYGS,OnlineBackup
7502-BNYGS,StreamingTV
7502-BNYGS,StreamingMovies
7502-BNYGS,InternetService_DSL
4291-HYEBC,OnlineBackup
4291-HYEBC,StreamingMovies
4291-HYEBC,InternetService_DSL
6147-CBCRA,PhoneService
6047-SUHPR,PhoneService
6047-SUHPR,OnlineSecurity
6047-SUHPR,OnlineBackup
6047-SUHPR,DeviceProtection
6047-SUHPR,InternetService_DSL
4471-KXAUH,PhoneService
4471-KXAUH,MultipleLines
4471-KXAUH,DeviceProtection
4471-KXAUH,TechSupport
4471-KXAUH,InternetService_Fiber
9752-ZNQUT,PhoneService
9752-ZNQUT,OnlineBackup
9752-ZNQUT,InternetService_DSL
7638-QVMVY,PhoneService
7638-QVMVY,StreamingTV
7638-QVMVY,InternetService_Fiber
1576-PFZIW,PhoneService
1576-PFZIW,OnlineSecurity
1576-PFZIW,OnlineBackup
1576-PFZIW,DeviceProtection
1576-PFZIW,StreamingTV
1576-PFZIW,StreamingMovies
1576-PFZIW,InternetService_Fiber
5666-MBJPT,PhoneService
5666-MBJPT,MultipleLines
7312-XSBAT,PhoneService
7312-XSBAT,OnlineSecurity
7312-XSBAT,InternetService_DSL
3096-GKWEB,PhoneService
3096-GKWEB,MultipleLines
3096-GKWEB,StreamingTV
3096-GKWEB,StreamingMovies
3096-GKWEB,InternetService_Fiber
2371-JQHZZ,PhoneService
2371-JQHZZ,MultipleLines
2371-JQHZZ,StreamingTV
2371-JQHZZ,StreamingMovies
2371-JQHZZ,InternetService_Fiber
0674-GCDXG,PhoneService
0674-GCDXG,MultipleLines
0674-GCDXG,OnlineSecurity
0674-GCDXG,DeviceProtection
0674-GCDXG,TechSupport
0674-GCDXG,StreamingMovies
0674-GCDXG,InternetService_DSL
1121-QSIVB,PhoneService
1121-QSIVB,MultipleLines
1121-QSIVB,OnlineBackup
1121-QSIVB,StreamingTV
1121-QSIVB,StreamingMovies
1121-QSIVB,InternetService_DSL
4396-KLSEH,PhoneService
3244-DCJWY,PhoneService
3244-DCJWY,InternetService_Fiber
2824-MYYBN,PhoneService
2824-MYYBN,MultipleLines
2824-MYYBN,StreamingTV
2824-MYYBN,StreamingMovies
2824-MYYBN,InternetService_Fiber
0875-CABNR,PhoneService
0875-CABNR,DeviceProtection
0875-CABNR,StreamingMovies
0875-CABNR,InternetService_Fiber
6345-HOVES,InternetService_DSL
8318-LCNBW,OnlineSecurity
8318-LCNBW,DeviceProtection
8318-LCNBW,StreamingTV
8318-LCNBW,StreamingMovies
8318-LCNBW,InternetService_DSL
6469-QJKZW,PhoneService
0147-ESWWR,PhoneService
0147-ESWWR,MultipleLines
0147-ESWWR,TechSupport
0147-ESWWR,StreamingTV
0147-ESWWR,StreamingMovies
0147-ESWWR,InternetService_Fiber
1217-VASWC,PhoneService
1217-VASWC,OnlineBackup
1217-VASWC,DeviceProtection
1217-VASWC,StreamingTV
1217-VASWC,StreamingMovies
1217-VASWC,InternetService_Fiber
7812-FZHPE,PhoneService
7812-FZHPE,MultipleLines
6370-ZVHDV,PhoneService
6370-ZVHDV,MultipleLines
5915-DGNVC,PhoneService
5915-DGNVC,MultipleLines
5915-DGNVC,OnlineSecurity
5915-DGNVC,OnlineBackup
5915-DGNVC,DeviceProtection
5915-DGNVC,StreamingMovies
5915-DGNVC,InternetService_DSL
6260-XLACS,PhoneService
3566-CAAYU,OnlineBackup
3566-CAAYU,DeviceProtection
3566-CAAYU,TechSupport
3566-CAAYU,StreamingMovies
3566-CAAYU,InternetService_DSL
4983-CCWMC,PhoneService
4983-CCWMC,InternetService_Fiber
9103-CXVOK,PhoneService
2896-TBNBE,PhoneService
2896-TBNBE,OnlineBackup
2896-TBNBE,DeviceProtection
2896-TBNBE,InternetService_Fiber
4797-AXPXK,PhoneService
4797-AXPXK,OnlineSecurity
4797-AXPXK,OnlineBackup
4797-AXPXK,TechSupport
4797-AXPXK,InternetService_DSL
5229-PRWKT,PhoneService
5229-PRWKT,MultipleLines
5229-PRWKT,StreamingMovies
5229-PRWKT,InternetService_Fiber
6982-UQZLY,PhoneService
2522-WLNSF,PhoneService
2522-WLNSF,DeviceProtection
2522-WLNSF,TechSupport
2522-WLNSF,StreamingTV
2522-WLNSF,InternetService_DSL
3841-CONLJ,StreamingMovies
3841-CONLJ,InternetService_DSL
5057-LCOUI,DeviceProtection
5057-LCOUI,StreamingTV
5057-LCOUI,StreamingMovies
5057-LCOUI,InternetService_DSL
0193-ESZXP,PhoneService
0193-ESZXP,OnlineSecurity
0193-ESZXP,OnlineBackup
0193-ESZXP,TechSupport
0193-ESZXP,StreamingTV
0193-ESZXP,StreamingMovies
0193-ESZXP,InternetService_Fiber
4475-NVTLU,PhoneService
4369-HTUIF,PhoneService
4369-HTUIF,OnlineSecurity
4369-HTUIF,StreamingTV
4369-HTUIF,InternetService_Fiber
9386-LDCZR,PhoneService
9386-LDCZR,OnlineSecurity
9386-LDCZR,OnlineBackup
9386-LDCZR,DeviceProtection
9386-LDCZR,TechSupport
9386-LDCZR,InternetService_Fiber
9585-KKMFD,PhoneService
5399-ZIMKF,PhoneService
5399-ZIMKF,OnlineBackup
5399-ZIMKF,InternetService_Fiber
0336-KXKFK,OnlineSecurity
0336-KXKFK,DeviceProtection
0336-KXKFK,TechSupport
0336-KXKFK,StreamingTV
0336-KXKFK,StreamingMovies
0336-KXKFK,InternetService_DSL
5619-XZZKR,PhoneService
3948-FVVRP,PhoneService
3948-FVVRP,OnlineBackup
3948-FVVRP,TechSupport
3948-FVVRP,InternetService_DSL
5327-XOKKY,PhoneService
5327-XOKKY,MultipleLines
5327-XOKKY,DeviceProtection
5327-XOKKY,StreamingTV
5327-XOKKY,StreamingMovies
5327-XOKKY,InternetService_DSL
0983-TATYJ,PhoneService
0983-TATYJ,TechSupport
0983-TATYJ,InternetService_DSL
1813-JYWTO,PhoneService
1813-JYWTO,MultipleLines
1813-JYWTO,OnlineSecurity
1813-JYWTO,InternetService_Fiber
0156-FVPTA,PhoneService
0156-FVPTA,OnlineSecurity
0156-FVPTA,TechSupport
0156-FVPTA,InternetService_DSL
1984-FCOWB,PhoneService
1984-FCOWB,MultipleLines
1984-FCOWB,OnlineBackup
1984-FCOWB,DeviceProtection
1984-FCOWB,TechSupport
1984-FCOWB,StreamingTV
1984-FCOWB,StreamingMovies
1984-FCOWB,InternetService_Fiber
0654-HMSHN,PhoneService
0654-HMSHN,MultipleLines
0654-HMSHN,OnlineBackup
0654-HMSHN,DeviceProtection
0654-HMSHN,StreamingTV
0654-HMSHN,StreamingMovies
0654-HMSHN,InternetService_Fiber
6719-OXYBR,PhoneService
6719-OXYBR,DeviceProtection
6719-OXYBR,StreamingTV
6719-OXYBR,InternetService_Fiber
3312-ZWLGF,PhoneService
3312-ZWLGF,MultipleLines
3312-ZWLGF,TechSupport
3312-ZWLGF,InternetService_Fiber
6476-YHMGA,PhoneService
6476-YHMGA,OnlineBackup
6476-YHMGA,DeviceProtection
6476-YHMGA,TechSupport
6476-YHMGA,StreamingTV
6476-YHMGA,StreamingMovies
6476-YHMGA,InternetService_DSL
5287-QWLKY,PhoneService
5287-QWLKY,MultipleLines
5287-QWLKY,OnlineSecurity
5287-QWLKY,OnlineBackup
5287-QWLKY,StreamingTV
5287-QWLKY,StreamingMovies
5287-QWLKY,InternetService_Fiber
0795-XCCTE,PhoneService
0795-XCCTE,MultipleLines
0168-XZKBB,PhoneService
0168-XZKBB,MultipleLines
0168-XZKBB,StreamingTV
0168-XZKBB,InternetService_Fiber
3785-NRHYR,PhoneService
5196-SGOAK,PhoneService
5196-SGOAK,OnlineBackup
5196-SGOAK,InternetService_Fiber
4537-DKTAL,PhoneService
4537-DKTAL,InternetService_DSL
7072-MBHEV,PhoneService
7072-MBHEV,MultipleLines
7072-MBHEV,DeviceProtection
7072-MBHEV,InternetService_Fiber
5602-BVFMK,PhoneService
6297-NOOPG,PhoneService
6297-NOOPG,MultipleLines
6297-NOOPG,OnlineBackup
6297-NOOPG,DeviceProtection
6297-NOOPG,TechSupport
6297-NOOPG,StreamingTV
6297-NOOPG,StreamingMovies
6297-NOOPG,InternetService_Fiber
1891-UAWWU,PhoneService
1891-UAWWU,MultipleLines
1891-UAWWU,DeviceProtection
1891-UAWWU,StreamingTV
1891-UAWWU,InternetService_Fiber
8204-TIFGJ,PhoneService
8050-DVOJX,PhoneService
8050-DVOJX,MultipleLines
8050-DVOJX,OnlineSecurity
8050-DVOJX,OnlineBackup
8050-DVOJX,DeviceProtection
8050-DVOJX,TechSupport
8050-DVOJX,StreamingMovies
8050-DVOJX,InternetService_DSL
6108-OQZDQ,PhoneService
6108-OQZDQ,MultipleLines
6108-OQZDQ,OnlineBackup
6108-OQZDQ,StreamingTV
6108-OQZDQ,StreamingMovies
6108-OQZDQ,InternetService_Fiber
0363-QJVFX,PhoneService
0363-QJVFX,MultipleLines
0363-QJVFX,OnlineSecurity
0363-QJVFX,OnlineBackup
0363-QJVFX,TechSupport
0363-QJVFX,StreamingTV
0363-QJVFX,StreamingMovies
0363-QJVFX,InternetService_Fiber
8903-XEBGX,PhoneService
8903-XEBGX,StreamingMovies
8903-XEBGX,InternetService_DSL
8169-SAEJD,OnlineSecurity
8169-SAEJD,OnlineBackup
8169-SAEJD,StreamingTV
8169-SAEJD,StreamingMovies
8169-SAEJD,InternetService_DSL
9840-DVNDC,PhoneService
9840-DVNDC,StreamingTV
9840-DVNDC,InternetService_Fiber
1089-XZWHH,PhoneService
2325-WINES,PhoneService
2325-WINES,MultipleLines
2325-WINES,OnlineBackup
2325-WINES,DeviceProtection
2325-WINES,StreamingTV
2325-WINES,StreamingMovies
2325-WINES,InternetService_Fiber
6064-ZATLR,PhoneService
6064-ZATLR,OnlineSecurity
6064-ZATLR,OnlineBackup
6064-ZATLR,InternetService_DSL
3096-JRDSO,PhoneService
3096-JRDSO,MultipleLines
3096-JRDSO,OnlineSecurity
3096-JRDSO,TechSupport
3096-JRDSO,StreamingTV
3096-JRDSO,StreamingMovies
3096-JRDSO,InternetService_Fiber
7824-PANSQ,PhoneService
7824-PANSQ,MultipleLines
7824-PANSQ,TechSupport
7824-PANSQ,InternetService_Fiber
8042-JVNFH,PhoneService
8042-JVNFH,InternetService_Fiber
9648-BCHKM,PhoneService
9648-BCHKM,MultipleLines
2888-ADFAO,PhoneService
8707-HOEDG,PhoneService
8707-HOEDG,MultipleLines
8707-HOEDG,OnlineBackup
8707-HOEDG,DeviceProtection
8707-HOEDG,TechSupport
8707-HOEDG,StreamingTV
8707-HOEDG,StreamingMovies
8707-HOEDG,InternetService_Fiber
3374-LXDEV,PhoneService
3374-LXDEV,MultipleLines
3374-LXDEV,OnlineBackup
3374-LXDEV,DeviceProtection
3374-LXDEV,TechSupport
3374-LXDEV,InternetService_Fiber
4072-IPYLT,PhoneService
4072-IPYLT,OnlineSecurity
4072-IPYLT,InternetService_DSL
7167-PCEYD,PhoneService
4936-YPJNK,PhoneService
1580-BMCMR,PhoneService
1580-BMCMR,OnlineSecurity
1580-BMCMR,StreamingMovies
1580-BMCMR,InternetService_Fiber
4817-KEQSP,PhoneService
6408-WHTEF,PhoneService
6408-WHTEF,MultipleLines
6408-WHTEF,OnlineSecurity
6408-WHTEF,OnlineBackup
6408-WHTEF,DeviceProtection
6408-WHTEF,TechSupport
6408-WHTEF,StreamingTV
6408-WHTEF,StreamingMovies
6408-WHTEF,InternetService_DSL
9251-AWQGT,PhoneService
8749-CLJXC,PhoneService
7989-VCQOH,PhoneService
7989-VCQOH,OnlineSecurity
7989-VCQOH,DeviceProtection
7989-VCQOH,TechSupport
7989-VCQOH,StreamingTV
7989-VCQOH,StreamingMovies
7989-VCQOH,InternetService_DSL
5049-GLYVG,PhoneService
4199-QHJNM,PhoneService
4199-QHJNM,MultipleLines
4199-QHJNM,OnlineBackup
4199-QHJNM,TechSupport
4199-QHJNM,StreamingTV
4199-QHJNM,StreamingMovies
4199-QHJNM,InternetService_Fiber
8882-TLVRW,OnlineSecurity
8882-TLVRW,DeviceProtection
8882-TLVRW,TechSupport
8882-TLVRW,InternetService_DSL
5883-GTGVD,PhoneService
5883-GTGVD,MultipleLines
5883-GTGVD,OnlineBackup
5883-GTGVD,StreamingTV
5883-GTGVD,StreamingMovies
5883-GTGVD,InternetService_Fiber
5135-GRQJV,PhoneService
5135-GRQJV,MultipleLines
5135-GRQJV,OnlineSecurity
5135-GRQJV,OnlineBackup
5135-GRQJV,DeviceProtection
5135-GRQJV,TechSupport
5135-GRQJV,StreamingTV
5135-GRQJV,StreamingMovies
5135-GRQJV,InternetService_Fiber
2384-OVPSA,PhoneService
1371-WEPDS,PhoneService
1371-WEPDS,StreamingMovies
1371-WEPDS,InternetService_DSL
3580-GICBM,PhoneService
3580-GICBM,MultipleLines
4817-QRJSX,PhoneService
4817-QRJSX,MultipleLines
4817-QRJSX,OnlineBackup
4817-QRJSX,InternetService_Fiber
9730-DRTMJ,PhoneService
9730-DRTMJ,MultipleLines
9730-DRTMJ,OnlineSecurity
9730-DRTMJ,TechSupport
9730-DRTMJ,StreamingTV
9730-DRTMJ,InternetService_DSL
4686-UXDML,PhoneService
4686-UXDML,MultipleLines
4686-UXDML,OnlineBackup
4686-UXDML,StreamingTV
4686-UXDML,StreamingMovies
4686-UXDML,InternetService_Fiber
3349-ANQNH,PhoneService
3349-ANQNH,MultipleLines
3349-ANQNH,DeviceProtection
3349-ANQNH,StreamingTV
3349-ANQNH,StreamingMovies
3349-ANQNH,InternetService_Fiber
2398-YPMUR,PhoneService
2398-YPMUR,InternetService_Fiber
0932-YIXYU,PhoneService
7480-SPLEF,PhoneService
7480-SPLEF,MultipleLines
7636-XUHWW,PhoneService
1431-CYWMH,PhoneService
5937-EORGB,PhoneService
5937-EORGB,MultipleLines
5937-EORGB,OnlineSecurity
5937-EORGB,DeviceProtection
5937-EORGB,StreamingTV
5937-EORGB,InternetService_Fiber
6349-JDHQP,PhoneService
5539-HIVAK,PhoneService
5539-HIVAK,MultipleLines
5847-MXBEO,PhoneService
9985-MWVIX,PhoneService
9985-MWVIX,InternetService_Fiber
4583-PARNH,PhoneService
4583-PARNH,DeviceProtection
4583-PARNH,TechSupport
4583-PARNH,StreamingMovies
4583-PARNH,InternetService_Fiber
1116-FRYVH,OnlineSecurity
1116-FRYVH,OnlineBackup
1116-FRYVH,TechSupport
1116-FRYVH,InternetService_DSL
1421-HCERK,PhoneService
1421-HCERK,MultipleLines
1421-HCERK,OnlineSecurity
1421-HCERK,OnlineBackup
1421-HCERK,DeviceProtection
1421-HCERK,TechSupport
1421-HCERK,StreamingTV
1421-HCERK,InternetService_Fiber
9633-XQABV,PhoneService
9633-XQABV,InternetService_Fiber
0716-BQNDX,PhoneService
0716-BQNDX,MultipleLines
0716-BQNDX,OnlineSecurity
0716-BQNDX,TechSupport
0716-BQNDX,StreamingMovies
0716-BQNDX,InternetService_Fiber
1265-XTECC,PhoneService
1265-XTECC,MultipleLines
1265-XTECC,OnlineSecurity
1265-XTECC,OnlineBackup
1265-XTECC,StreamingMovies
1265-XTECC,InternetService_Fiber
1183-CANVH,PhoneService
1183-CANVH,TechSupport
1183-CANVH,StreamingTV
1183-CANVH,InternetService_DSL
1972-XMUWV,PhoneService
1972-XMUWV,TechSupport
1972-XMUWV,StreamingTV
1972-XMUWV,InternetService_DSL
8679-LZBMD,PhoneService
8679-LZBMD,StreamingTV
8679-LZBMD,StreamingMovies
8679-LZBMD,InternetService_Fiber
3407-JMJQQ,PhoneService
3407-JMJQQ,MultipleLines
3407-JMJQQ,OnlineSecurity
3407-JMJQQ,OnlineBackup
3407-JMJQQ,DeviceProtection
3407-JMJQQ,StreamingTV
3407-JMJQQ,StreamingMovies
3407-JMJQQ,InternetService_Fiber
6252-DFGTK,PhoneService
6252-DFGTK,MultipleLines
6252-DFGTK,OnlineSecurity
6252-DFGTK,DeviceProtection
6252-DFGTK,TechSupport
6252-DFGTK,InternetService_DSL
1539-LNKHM,PhoneService
8645-KOMJQ,PhoneService
8645-KOMJQ,MultipleLines
8645-KOMJQ,OnlineBackup
8645-KOMJQ,DeviceProtection
8645-KOMJQ,TechSupport
8645-KOMJQ,StreamingTV
8645-KOMJQ,StreamingMovies
8645-KOMJQ,InternetService_DSL
0289-IVARM,PhoneService
0289-IVARM,OnlineSecurity
0289-IVARM,OnlineBackup
0289-IVARM,DeviceProtection
0289-IVARM,InternetService_DSL
9761-XUJWD,PhoneService
9761-XUJWD,OnlineBackup
9761-XUJWD,TechSupport
9761-XUJWD,StreamingMovies
9761-XUJWD,InternetService_DSL
4057-FKCZK,PhoneService
4057-FKCZK,MultipleLines
4057-FKCZK,StreamingTV
4057-FKCZK,InternetService_Fiber
4291-TPNFG,PhoneService
4291-TPNFG,MultipleLines
4291-TPNFG,OnlineSecurity
4291-TPNFG,OnlineBackup
4291-TPNFG,DeviceProtection
4291-TPNFG,TechSupport
4291-TPNFG,StreamingMovies
4291-TPNFG,InternetService_DSL
6087-YPWHO,PhoneService
6087-YPWHO,MultipleLines
6087-YPWHO,OnlineSecurity
6087-YPWHO,OnlineBackup
6087-YPWHO,DeviceProtection
6087-YPWHO,TechSupport
6087-YPWHO,InternetService_DSL
3090-QFUVD,PhoneService
2237-ZFSMY,PhoneService
2237-ZFSMY,OnlineSecurity
2237-ZFSMY,DeviceProtection
2237-ZFSMY,TechSupport
2237-ZFSMY,StreamingTV
2237-ZFSMY,InternetService_Fiber
1722-LDZJS,PhoneService
1818-ESQMW,PhoneService
1818-ESQMW,DeviceProtection
1818-ESQMW,TechSupport
1818-ESQMW,StreamingMovies
1818-ESQMW,InternetService_Fiber
4871-JTKJF,PhoneService
4871-JTKJF,InternetService_Fiber
1415-YFWLT,PhoneService
1415-YFWLT,StreamingTV
1415-YFWLT,StreamingMovies
1415-YFWLT,InternetService_Fiber
7401-RUBNK,PhoneService
7401-RUBNK,OnlineSecurity
7401-RUBNK,InternetService_Fiber
0506-YLVKJ,PhoneService
8661-BOYNW,PhoneService
8661-BOYNW,MultipleLines
8661-BOYNW,OnlineSecurity
8661-BOYNW,DeviceProtection
8661-BOYNW,TechSupport
8661-BOYNW,StreamingTV
8661-BOYNW,StreamingMovies
8661-BOYNW,InternetService_DSL
6711-VTNRE,PhoneService
6711-VTNRE,DeviceProtection
6711-VTNRE,TechSupport
6711-VTNRE,StreamingMovies
6711-VTNRE,InternetService_Fiber
4815-GBTCD,InternetService_DSL
2805-AUFQN,PhoneService
0980-PVMRC,OnlineBackup
0980-PVMRC,StreamingTV
0980-PVMRC,StreamingMovies
0980-PVMRC,InternetService_DSL
7233-DRTRF,PhoneService
7233-DRTRF,MultipleLines
7233-DRTRF,OnlineBackup
7233-DRTRF,DeviceProtection
7233-DRTRF,StreamingTV
7233-DRTRF,StreamingMovies
7233-DRTRF,InternetService_Fiber
3500-RMZLT,PhoneService
3500-RMZLT,OnlineSecurity
3500-RMZLT,DeviceProtection
3500-RMZLT,TechSupport
3500-RMZLT,StreamingMovies
3500-RMZLT,InternetService_Fiber
3873-NFTGI,PhoneService
3873-NFTGI,MultipleLines
3873-NFTGI,OnlineBackup
3873-NFTGI,InternetService_DSL
1162-ECVII,PhoneService
1162-ECVII,MultipleLines
1162-ECVII,OnlineBackup
1162-ECVII,DeviceProtection
1162-ECVII,TechSupport
1162-ECVII,StreamingTV
1162-ECVII,StreamingMovies
1162-ECVII,InternetService_Fiber
7048-GXDAY,PhoneService
7048-GXDAY,MultipleLines
7048-GXDAY,OnlineSecurity
7048-GXDAY,OnlineBackup
7048-GXDAY,StreamingTV
7048-GXDAY,StreamingMovies
7048-GXDAY,InternetService_Fiber
8571-ZCMCX,OnlineSecurity
8571-ZCMCX,OnlineBackup
8571-ZCMCX,DeviceProtection
8571-ZCMCX,StreamingTV
8571-ZCMCX,StreamingMovies
8571-ZCMCX,InternetService_DSL
1169-WCVAK,PhoneService
1169-WCVAK,MultipleLines
1169-WCVAK,OnlineSecurity
1169-WCVAK,OnlineBackup
1169-WCVAK,TechSupport
1169-WCVAK,InternetService_Fiber
4548-SDBKE,PhoneService
4548-SDBKE,MultipleLines
4548-SDBKE,StreamingTV
4548-SDBKE,InternetService_Fiber
8066-POXGX,StreamingMovies
8066-POXGX,InternetService_DSL
7129-CAKJW,PhoneService
7129-CAKJW,MultipleLines
7129-CAKJW,DeviceProtection
7129-CAKJW,InternetService_Fiber
8695-ARGXZ,PhoneService
8695-ARGXZ,MultipleLines
8695-ARGXZ,InternetService_Fiber
3570-YUEKJ,PhoneService
3570-YUEKJ,OnlineBackup
3570-YUEKJ,InternetService_DSL
4143-OOBWZ,PhoneService
4143-OOBWZ,MultipleLines
4143-OOBWZ,OnlineBackup
4143-OOBWZ,InternetService_Fiber
1555-HAPSU,PhoneService
1555-HAPSU,MultipleLines
1697-NVVGY,PhoneService
1697-NVVGY,OnlineSecurity
1697-NVVGY,DeviceProtection
1697-NVVGY,StreamingTV
1697-NVVGY,InternetService_DSL
7854-EKTJL,PhoneService
8464-EETCQ,PhoneService
2419-FSORS,PhoneService
2419-FSORS,MultipleLines
2419-FSORS,OnlineBackup
2419-FSORS,DeviceProtection
2419-FSORS,TechSupport
2419-FSORS,StreamingTV
2419-FSORS,StreamingMovies
2419-FSORS,InternetService_Fiber
8132-YPVBX,PhoneService
8132-YPVBX,OnlineBackup
8132-YPVBX,StreamingMovies
8132-YPVBX,InternetService_Fiber
9102-IAYHT,PhoneService
9102-IAYHT,MultipleLines
9102-IAYHT,StreamingMovies
9102-IAYHT,InternetService_Fiber
6754-LZUKA,PhoneService
6754-LZUKA,MultipleLines
6754-LZUKA,OnlineBackup
6754-LZUKA,DeviceProtection
6754-LZUKA,StreamingTV
6754-LZUKA,StreamingMovies
6754-LZUKA,InternetService_DSL
3422-LYEPQ,PhoneService
3422-LYEPQ,InternetService_Fiber
8099-MZPUJ,PhoneService
8099-MZPUJ,MultipleLines
8099-MZPUJ,OnlineSecurity
8099-MZPUJ,OnlineBackup
8099-MZPUJ,DeviceProtection
8099-MZPUJ,TechSupport
8099-MZPUJ,StreamingTV
8099-MZPUJ,StreamingMovies
8099-MZPUJ,InternetService_Fiber
0787-LHDYT,PhoneService
2642-DTVCO,PhoneService
2642-DTVCO,MultipleLines
2642-DTVCO,StreamingMovies
2642-DTVCO,InternetService_Fiber
0374-IOEGQ,PhoneService
0374-IOEGQ,InternetService_DSL
4361-JEIVL,PhoneService
4361-JEIVL,InternetService_DSL
3197-NNYNB,PhoneService
3197-NNYNB,MultipleLines
3197-NNYNB,OnlineBackup
3197-NNYNB,DeviceProtection
3197-NNYNB,StreamingTV
3197-NNYNB,StreamingMovies
3197-NNYNB,InternetService_Fiber
3396-DKDEL,PhoneService
3396-DKDEL,MultipleLines
3396-DKDEL,OnlineSecurity
3396-DKDEL,OnlineBackup
3396-DKDEL,DeviceProtection
3396-DKDEL,TechSupport
3396-DKDEL,StreamingTV
3396-DKDEL,StreamingMovies
3396-DKDEL,InternetService_Fiber
1752-OZXFY,PhoneService
1752-OZXFY,OnlineSecurity
1752-OZXFY,StreamingTV
1752-OZXFY,InternetService_DSL
9066-QRSDU,PhoneService
9066-QRSDU,MultipleLines
9112-WSNPU,PhoneService
9112-WSNPU,InternetService_Fiber
9867-NNXLC,PhoneService
5321-NTRKC,PhoneService
5321-NTRKC,MultipleLines
5321-NTRKC,OnlineBackup
5321-NTRKC,DeviceProtection
5321-NTRKC,StreamingTV
5321-NTRKC,StreamingMovies
5321-NTRKC,InternetService_DSL
1363-TXLSL,PhoneService
1363-TXLSL,InternetService_Fiber
9507-EXLTT,PhoneService
9507-EXLTT,StreamingTV
9507-EXLTT,InternetService_Fiber
3161-GETRM,PhoneService
3161-GETRM,MultipleLines
3161-GETRM,DeviceProtection
3161-GETRM,StreamingMovies
3161-GETRM,InternetService_Fiber
0402-OAMEN,PhoneService
0402-OAMEN,MultipleLines
6933-VLYFX,OnlineSecurity
6933-VLYFX,DeviceProtection
6933-VLYFX,TechSupport
6933-VLYFX,StreamingTV
6933-VLYFX,StreamingMovies
6933-VLYFX,InternetService_DSL
6754-WKSHP,PhoneService
6754-WKSHP,MultipleLines
9846-GKXAS,PhoneService
9846-GKXAS,StreamingTV
9846-GKXAS,StreamingMovies
9846-GKXAS,InternetService_Fiber
6017-PPLPX,PhoneService
6017-PPLPX,InternetService_Fiber
4976-LNFVV,OnlineBackup
4976-LNFVV,DeviceProtection
4976-LNFVV,InternetService_DSL
5055-MGMGF,PhoneService
5055-MGMGF,MultipleLines
5055-MGMGF,OnlineSecurity
5055-MGMGF,DeviceProtection
5055-MGMGF,StreamingTV
5055-MGMGF,StreamingMovies
5055-MGMGF,InternetService_Fiber
4641-FROLU,PhoneService
2862-JVEOY,PhoneService
2969-QWUBZ,OnlineBackup
2969-QWUBZ,StreamingTV
2969-QWUBZ,StreamingMovies
2969-QWUBZ,InternetService_DSL
9822-BIIGN,PhoneService
9822-BIIGN,MultipleLines
9822-BIIGN,OnlineSecurity
9822-BIIGN,TechSupport
9822-BIIGN,StreamingMovies
9822-BIIGN,InternetService_DSL
2077-MPJQO,PhoneService
2077-MPJQO,MultipleLines
2077-MPJQO,InternetService_Fiber
1534-OULXE,PhoneService
1534-OULXE,OnlineSecurity
1534-OULXE,InternetService_DSL
7136-RVDTZ,StreamingTV
7136-RVDTZ,StreamingMovies
7136-RVDTZ,InternetService_DSL
2971-SGAFL,PhoneService
2971-SGAFL,MultipleLines
2971-SGAFL,OnlineSecurity
2971-SGAFL,DeviceProtection
2971-SGAFL,StreamingTV
2971-SGAFL,StreamingMovies
2971-SGAFL,InternetService_DSL
1480-IVEVR,PhoneService
1480-IVEVR,MultipleLines
1480-IVEVR,DeviceProtection
1480-IVEVR,InternetService_Fiber
2905-KFQUV,PhoneService
2905-KFQUV,InternetService_Fiber
4581-SSPWD,PhoneService
4581-SSPWD,MultipleLines
4581-SSPWD,InternetService_Fiber
3370-HXOPH,PhoneService
3370-HXOPH,MultipleLines
3370-HXOPH,InternetService_Fiber
9391-YZEJW,PhoneService
9391-YZEJW,MultipleLines
9391-YZEJW,StreamingTV
9391-YZEJW,StreamingMovies
9391-YZEJW,InternetService_Fiber
9958-MEKUC,PhoneService
9958-MEKUC,MultipleLines
9958-MEKUC,OnlineSecurity
9958-MEKUC,OnlineBackup
9958-MEKUC,DeviceProtection
9958-MEKUC,TechSupport
9958-MEKUC,StreamingMovies
9958-MEKUC,InternetService_Fiber
0281-CNTZX,PhoneService
6927-WTFIV,PhoneService
6927-WTFIV,InternetService_Fiber
4118-CEVPF,PhoneService
4118-CEVPF,MultipleLines
4118-CEVPF,OnlineSecurity
4118-CEVPF,OnlineBackup
4118-CEVPF,DeviceProtection
4118-CEVPF,TechSupport
4118-CEVPF,StreamingTV
4118-CEVPF,StreamingMovies
4118-CEVPF,InternetService_Fiber
3398-ZOUAA,PhoneService
3398-ZOUAA,InternetService_Fiber
9114-VEPUF,PhoneService
9114-VEPUF,MultipleLines
9114-VEPUF,OnlineSecurity
9114-VEPUF,OnlineBackup
9114-VEPUF,StreamingMovies
9114-VEPUF,InternetService_Fiber
7876-BEUTG,PhoneService
7876-BEUTG,MultipleLines
7876-BEUTG,InternetService_DSL
2338-BQEZT,PhoneService
2338-BQEZT,OnlineSecurity
2338-BQEZT,InternetService_DSL
9873-MNDKV,PhoneService
9873-MNDKV,InternetService_DSL
0378-NHQXU,PhoneService
0378-NHQXU,MultipleLines
0378-NHQXU,DeviceProtection
0378-NHQXU,StreamingTV
0378-NHQXU,InternetService_Fiber
8241-JUIQO,PhoneService
2194-IIQOF,PhoneService
2194-IIQOF,MultipleLines
2194-IIQOF,OnlineSecurity
2194-IIQOF,OnlineBackup
2194-IIQOF,DeviceProtection
2194-IIQOF,TechSupport
2194-IIQOF,StreamingTV
2194-IIQOF,StreamingMovies
2194-IIQOF,InternetService_DSL
4512-ZUIYL,PhoneService
4512-ZUIYL,InternetService_Fiber
9631-RXVJM,PhoneService
9584-EXCDZ,PhoneService
9584-EXCDZ,InternetService_Fiber
7969-AULMZ,PhoneService
7969-AULMZ,MultipleLines
7969-AULMZ,StreamingTV
7969-AULMZ,StreamingMovies
7969-AULMZ,InternetService_Fiber
5093-FEGLU,PhoneService
2621-UDNLU,PhoneService
7526-IVLYU,PhoneService
2428-HYUNX,PhoneService
9214-EKVXR,PhoneService
9214-EKVXR,InternetService_DSL
3410-MHHUM,PhoneService
3410-MHHUM,MultipleLines
3410-MHHUM,OnlineBackup
3410-MHHUM,DeviceProtection
3410-MHHUM,StreamingMovies
3410-MHHUM,InternetService_Fiber
0568-ONFPC,PhoneService
0568-ONFPC,MultipleLines
0733-VUNUW,PhoneService
0733-VUNUW,MultipleLines
0733-VUNUW,OnlineSecurity
0733-VUNUW,InternetService_DSL
4550-EVXNY,PhoneService
4550-EVXNY,InternetService_Fiber
2122-YWVYA,PhoneService
2122-YWVYA,OnlineSecurity
2122-YWVYA,InternetService_Fiber
2968-SSGAA,PhoneService
2968-SSGAA,MultipleLines
2968-SSGAA,DeviceProtection
2968-SSGAA,StreamingTV
2968-SSGAA,StreamingMovies
2968-SSGAA,InternetService_Fiber
2296-DKZFP,PhoneService
2296-DKZFP,OnlineSecurity
2296-DKZFP,OnlineBackup
2296-DKZFP,DeviceProtection
2296-DKZFP,StreamingMovies
2296-DKZFP,InternetService_DSL
4844-JJWUY,PhoneService
4844-JJWUY,OnlineBackup
4844-JJWUY,StreamingMovies
4844-JJWUY,InternetService_Fiber
6777-TGHTM,PhoneService
6777-TGHTM,MultipleLines
6777-TGHTM,OnlineSecurity
6777-TGHTM,DeviceProtection
6777-TGHTM,StreamingTV
6777-TGHTM,StreamingMovies
6777-TGHTM,InternetService_Fiber
8909-BOLNL,PhoneService
6603-YRDCJ,PhoneService
6603-YRDCJ,OnlineSecurity
6603-YRDCJ,OnlineBackup
6603-YRDCJ,TechSupport
6603-YRDCJ,InternetService_DSL
3538-WZPHD,OnlineBackup
3538-WZPHD,InternetService_DSL
3229-USWAR,PhoneService
3229-USWAR,OnlineSecurity
3229-USWAR,DeviceProtection
3229-USWAR,TechSupport
3229-USWAR,StreamingTV
3229-USWAR,StreamingMovies
3229-USWAR,InternetService_DSL
2138-VFAPZ,PhoneService
6131-JLWZM,PhoneService
4785-QRJHC,OnlineBackup
4785-QRJHC,DeviceProtection
4785-QRJHC,TechSupport
4785-QRJHC,StreamingTV
4785-QRJHC,StreamingMovies
4785-QRJHC,InternetService_DSL
0269-XFESX,PhoneService
0269-XFESX,MultipleLines
1709-EJDOX,PhoneService
4316-XCSLJ,PhoneService
4316-XCSLJ,OnlineSecurity
4316-XCSLJ,InternetService_DSL
8610-WFCJF,PhoneService
8610-WFCJF,MultipleLines
8610-WFCJF,StreamingTV
8610-WFCJF,StreamingMovies
8610-WFCJF,InternetService_Fiber
9693-XMUOB,OnlineBackup
9693-XMUOB,StreamingTV
9693-XMUOB,StreamingMovies
9693-XMUOB,InternetService_DSL
0383-CLDDA,PhoneService
0383-CLDDA,MultipleLines
0383-CLDDA,OnlineSecurity
0383-CLDDA,DeviceProtection
0383-CLDDA,TechSupport
0383-CLDDA,StreamingTV
0383-CLDDA,StreamingMovies
0383-CLDDA,InternetService_DSL
4905-JEFDW,DeviceProtection
4905-JEFDW,StreamingTV
4905-JEFDW,InternetService_DSL
2709-UQGNP,PhoneService
2709-UQGNP,OnlineSecurity
2709-UQGNP,InternetService_DSL
3549-ZTMNH,PhoneService
3549-ZTMNH,MultipleLines
7881-INRLC,PhoneService
7881-INRLC,MultipleLines
7881-INRLC,OnlineBackup
7881-INRLC,StreamingTV
7881-INRLC,StreamingMovies
7881-INRLC,InternetService_Fiber
8033-ATFAS,PhoneService
8033-ATFAS,DeviceProtection
8033-ATFAS,StreamingTV
8033-ATFAS,InternetService_DSL
1635-NZATJ,PhoneService
1635-NZATJ,MultipleLines
0562-HKHML,PhoneService
0562-HKHML,MultipleLines
8277-RVRSV,PhoneService
8277-RVRSV,MultipleLines
9943-VSZUV,PhoneService
9943-VSZUV,MultipleLines
9943-VSZUV,InternetService_Fiber
0117-LFRMW,OnlineSecurity
0117-LFRMW,OnlineBackup
0117-LFRMW,DeviceProtection
0117-LFRMW,InternetService_DSL
6172-FECYY,PhoneService
6172-FECYY,MultipleLines
6172-FECYY,StreamingTV
6172-FECYY,InternetService_Fiber
7054-ENNGU,PhoneService
7054-ENNGU,OnlineBackup
7054-ENNGU,InternetService_DSL
1455-HFBXA,PhoneService
1455-HFBXA,MultipleLines
1455-HFBXA,OnlineSecurity
1455-HFBXA,DeviceProtection
1455-HFBXA,TechSupport
1455-HFBXA,InternetService_Fiber
9402-CXWPL,PhoneService
9402-CXWPL,MultipleLines
9402-CXWPL,OnlineBackup
9402-CXWPL,StreamingTV
9402-CXWPL,StreamingMovies
9402-CXWPL,InternetService_Fiber
1628-BIZYP,PhoneService
1628-BIZYP,OnlineBackup
1628-BIZYP,StreamingMovies
1628-BIZYP,InternetService_Fiber
1965-AKTSX,PhoneService
1965-AKTSX,MultipleLines
1965-AKTSX,OnlineBackup
1965-AKTSX,InternetService_Fiber
0082-LDZUE,PhoneService
0082-LDZUE,InternetService_DSL
4786-UKSNZ,PhoneService
5343-SGUBI,PhoneService
5343-SGUBI,MultipleLines
5343-SGUBI,OnlineBackup
5343-SGUBI,InternetService_Fiber
0856-NAOES,PhoneService
0856-NAOES,DeviceProtection
0856-NAOES,StreamingTV
0856-NAOES,InternetService_DSL
1976-AZZPJ,OnlineSecurity
1976-AZZPJ,OnlineBackup
1976-AZZPJ,InternetService_DSL
7248-VZQLC,PhoneService
7248-VZQLC,MultipleLines
7248-VZQLC,OnlineBackup
7248-VZQLC,DeviceProtection
7248-VZQLC,InternetService_Fiber
6156-UZDLF,PhoneService
6156-UZDLF,OnlineSecurity
6156-UZDLF,DeviceProtection
6156-UZDLF,TechSupport
6156-UZDLF,InternetService_Fiber
3099-OONVS,PhoneService
3099-OONVS,OnlineSecurity
3099-OONVS,TechSupport
3099-OONVS,InternetService_DSL
9500-WBGRP,PhoneService
5183-KLYEM,PhoneService
5183-KLYEM,MultipleLines
5183-KLYEM,OnlineSecurity
5183-KLYEM,OnlineBackup
5183-KLYEM,DeviceProtection
5183-KLYEM,TechSupport
5183-KLYEM,StreamingTV
5183-KLYEM,StreamingMovies
5183-KLYEM,InternetService_Fiber
5144-PQCDZ,PhoneService
8514-VZHEB,PhoneService
6625-IUTTT,PhoneService
6625-IUTTT,OnlineSecurity
6625-IUTTT,DeviceProtection
6625-IUTTT,StreamingMovies
6625-IUTTT,InternetService_DSL
9355-NPPFS,PhoneService
9355-NPPFS,StreamingMovies
9355-NPPFS,InternetService_Fiber
0068-FIGTF,PhoneService
0068-FIGTF,OnlineBackup
0068-FIGTF,DeviceProtection
0068-FIGTF,TechSupport
0068-FIGTF,StreamingTV
0068-FIGTF,StreamingMovies
0068-FIGTF,InternetService_DSL
5965-GGPRW,PhoneService
5965-GGPRW,MultipleLines
5965-GGPRW,OnlineSecurity
5965-GGPRW,DeviceProtection
5965-GGPRW,StreamingTV
5965-GGPRW,StreamingMovies
5965-GGPRW,InternetService_Fiber
8035-PWSEV,PhoneService
8035-PWSEV,DeviceProtection
8035-PWSEV,TechSupport
8035-PWSEV,StreamingMovies
8035-PWSEV,InternetService_Fiber
2236-HILPA,PhoneService
1840-BIUOG,PhoneService
1840-BIUOG,MultipleLines
1840-BIUOG,OnlineBackup
1840-BIUOG,TechSupport
1840-BIUOG,StreamingTV
1840-BIUOG,InternetService_DSL
1356-MKYSK,PhoneService
1356-MKYSK,OnlineSecurity
1356-MKYSK,DeviceProtection
1356-MKYSK,TechSupport
1356-MKYSK,StreamingTV
1356-MKYSK,StreamingMovies
1356-MKYSK,InternetService_DSL
6080-LNESI,PhoneService
6080-LNESI,MultipleLines
1830-IPXVJ,PhoneService
5828-DWPIL,PhoneService
5828-DWPIL,MultipleLines
5828-DWPIL,OnlineSecurity
5828-DWPIL,OnlineBackup
5828-DWPIL,DeviceProtection
5828-DWPIL,InternetService_Fiber
8398-TBIYD,PhoneService
8398-TBIYD,MultipleLines
8398-TBIYD,OnlineSecurity
8398-TBIYD,TechSupport
8398-TBIYD,InternetService_Fiber
0011-IGKFF,PhoneService
0011-IGKFF,OnlineBackup
0011-IGKFF,DeviceProtection
0011-IGKFF,StreamingTV
0011-IGKFF,StreamingMovies
0011-IGKFF,InternetService_Fiber
4192-GORJT,PhoneService
4192-GORJT,DeviceProtection
4192-GORJT,StreamingTV
4192-GORJT,StreamingMovies
4192-GORJT,InternetService_Fiber
6496-SLWHQ,PhoneService
6496-SLWHQ,MultipleLines
6496-SLWHQ,OnlineBackup
6496-SLWHQ,DeviceProtection
6496-SLWHQ,StreamingTV
6496-SLWHQ,StreamingMovies
6496-SLWHQ,InternetService_Fiber
9912-GVSEQ,PhoneService
9912-GVSEQ,MultipleLines
9912-GVSEQ,OnlineBackup
9912-GVSEQ,DeviceProtection
9912-GVSEQ,StreamingMovies
9912-GVSEQ,InternetService_Fiber
2931-FSOHN,PhoneService
2931-FSOHN,OnlineBackup
2931-FSOHN,StreamingTV
2931-FSOHN,InternetService_DSL
9418-RUKPH,PhoneService
5383-MMTWC,PhoneService
5383-MMTWC,MultipleLines
5383-MMTWC,StreamingMovies
5383-MMTWC,InternetService_Fiber
9971-ZWPBF,PhoneService
9971-ZWPBF,MultipleLines
9971-ZWPBF,OnlineBackup
9971-ZWPBF,DeviceProtection
9971-ZWPBF,TechSupport
9971-ZWPBF,StreamingTV
9971-ZWPBF,StreamingMovies
9971-ZWPBF,InternetService_Fiber
4712-AUQZO,OnlineSecurity
4712-AUQZO,DeviceProtection
4712-AUQZO,InternetService_DSL
9711-FJTBX,PhoneService
9711-FJTBX,OnlineBackup
9711-FJTBX,DeviceProtection
9711-FJTBX,TechSupport
9711-FJTBX,InternetService_Fiber
2908-ZTPNF,OnlineBackup
2908-ZTPNF,TechSupport
2908-ZTPNF,InternetService_DSL
7240-ETPTR,DeviceProtection
7240-ETPTR,StreamingTV
7240-ETPTR,StreamingMovies
7240-ETPTR,InternetService_DSL
2202-CUYXZ,PhoneService
2202-CUYXZ,DeviceProtection
2202-CUYXZ,StreamingTV
2202-CUYXZ,InternetService_Fiber
5995-OIGLP,PhoneService
5995-OIGLP,OnlineSecurity
5995-OIGLP,TechSupport
5995-OIGLP,InternetService_DSL
8421-WZOOW,PhoneService
8421-WZOOW,OnlineBackup
8421-WZOOW,DeviceProtection
8421-WZOOW,TechSupport
8421-WZOOW,StreamingTV
8421-WZOOW,InternetService_Fiber
6261-RCVNS,PhoneService
6261-RCVNS,OnlineSecurity
6261-RCVNS,OnlineBackup
6261-RCVNS,DeviceProtection
6261-RCVNS,TechSupport
6261-RCVNS,StreamingMovies
6261-RCVNS,InternetService_DSL
7951-QKZPL,PhoneService
7951-QKZPL,MultipleLines
1414-YADCW,PhoneService
1414-YADCW,OnlineSecurity
1414-YADCW,OnlineBackup
1414-YADCW,TechSupport
1414-YADCW,InternetService_Fiber
8756-RDDLT,OnlineBackup
8756-RDDLT,TechSupport
8756-RDDLT,StreamingMovies
8756-RDDLT,InternetService_DSL
2862-PFNIK,InternetService_DSL
5816-QVHRX,PhoneService
5816-QVHRX,MultipleLines
5816-QVHRX,TechSupport
5816-QVHRX,StreamingTV
5816-QVHRX,StreamingMovies
5816-QVHRX,InternetService_Fiber
4430-YHXGG,PhoneService
4430-YHXGG,MultipleLines
6888-SBYAI,PhoneService
6888-SBYAI,OnlineSecurity
6888-SBYAI,InternetService_DSL
7395-XWZOY,OnlineSecurity
7395-XWZOY,OnlineBackup
7395-XWZOY,DeviceProtection
7395-XWZOY,TechSupport
7395-XWZOY,StreamingTV
7395-XWZOY,InternetService_DSL
7169-YWAMK,PhoneService
7169-YWAMK,OnlineSecurity
7169-YWAMK,OnlineBackup
7169-YWAMK,TechSupport
7169-YWAMK,StreamingTV
7169-YWAMK,InternetService_DSL
3640-PHQXK,PhoneService
3640-PHQXK,MultipleLines
3640-PHQXK,DeviceProtection
3640-PHQXK,StreamingMovies
3640-PHQXK,InternetService_Fiber
6877-LGWXO,PhoneService
6877-LGWXO,StreamingMovies
6877-LGWXO,InternetService_Fiber
6859-RKMZJ,PhoneService
6859-RKMZJ,StreamingTV
6859-RKMZJ,InternetService_DSL
2729-VNVAP,PhoneService
2957-JIRMN,PhoneService
2957-JIRMN,MultipleLines
2957-JIRMN,StreamingTV
2957-JIRMN,InternetService_Fiber
2049-BAFNW,DeviceProtection
2049-BAFNW,TechSupport
2049-BAFNW,InternetService_DSL
3842-QTGDL,PhoneService
3842-QTGDL,OnlineSecurity
3842-QTGDL,OnlineBackup
3842-QTGDL,InternetService_Fiber
7163-OCEQI,PhoneService
7163-OCEQI,MultipleLines
7163-OCEQI,DeviceProtection
7163-OCEQI,TechSupport
7163-OCEQI,StreamingTV
7163-OCEQI,StreamingMovies
7163-OCEQI,InternetService_DSL
9782-LGXMC,PhoneService
9782-LGXMC,OnlineSecurity
9782-LGXMC,DeviceProtection
9782-LGXMC,TechSupport
9782-LGXMC,InternetService_DSL
5975-BAICR,PhoneService
5975-BAICR,OnlineSecurity
5975-BAICR,DeviceProtection
5975-BAICR,StreamingMovies
5975-BAICR,InternetService_DSL
8019-ENHXU,PhoneService
8019-ENHXU,MultipleLines
8019-ENHXU,OnlineBackup
8019-ENHXU,DeviceProtection
8019-ENHXU,TechSupport
8019-ENHXU,StreamingMovies
8019-ENHXU,InternetService_Fiber
5167-GBFRE,InternetService_DSL
9033-EOXWV,PhoneService
9033-EOXWV,MultipleLines
9033-EOXWV,TechSupport
9033-EOXWV,StreamingTV
9033-EOXWV,StreamingMovies
9033-EOXWV,InternetService_DSL
4673-KKSLS,PhoneService
4673-KKSLS,OnlineSecurity
4673-KKSLS,DeviceProtection
4673-KKSLS,TechSupport
4673-KKSLS,InternetService_Fiber
4853-OITSN,PhoneService
4853-OITSN,MultipleLines
4853-OITSN,OnlineSecurity
4853-OITSN,StreamingMovies
4853-OITSN,InternetService_Fiber
9800-OUIGR,PhoneService
1324-NLTJE,PhoneService
1324-NLTJE,MultipleLines
1324-NLTJE,TechSupport
1324-NLTJE,InternetService_DSL
2324-EFHVG,PhoneService
2324-EFHVG,MultipleLines
2324-EFHVG,OnlineBackup
2324-EFHVG,DeviceProtection
2324-EFHVG,StreamingTV
2324-EFHVG,StreamingMovies
2324-EFHVG,InternetService_Fiber
7094-MSZAO,PhoneService
1522-VVDMG,PhoneService
1522-VVDMG,OnlineBackup
1522-VVDMG,TechSupport
1522-VVDMG,StreamingTV
1522-VVDMG,InternetService_Fiber
6907-CQGPN,OnlineBackup
6907-CQGPN,TechSupport
6907-CQGPN,InternetService_DSL
0780-XNZFN,PhoneService
0239-OXEXL,PhoneService
0239-OXEXL,MultipleLines
0239-OXEXL,OnlineSecurity
0239-OXEXL,OnlineBackup
0239-OXEXL,InternetService_Fiber
2675-IJRGJ,PhoneService
7049-GKVZY,PhoneService
7049-GKVZY,OnlineSecurity
7049-GKVZY,OnlineBackup
7049-GKVZY,TechSupport
7049-GKVZY,StreamingTV
7049-GKVZY,StreamingMovies
7049-GKVZY,InternetService_DSL
8577-QSOCG,PhoneService
3721-CNZHX,PhoneService
0212-ISBBF,OnlineBackup
0212-ISBBF,StreamingTV
0212-ISBBF,StreamingMovies
0212-ISBBF,InternetService_DSL
9185-TQCVP,PhoneService
9185-TQCVP,MultipleLines
9185-TQCVP,StreamingMovies
9185-TQCVP,InternetService_Fiber
3585-YNADK,PhoneService
3585-YNADK,MultipleLines
3585-YNADK,OnlineBackup
3585-YNADK,DeviceProtection
3585-YNADK,TechSupport
3585-YNADK,StreamingTV
3585-YNADK,InternetService_DSL
5271-DBYSJ,PhoneService
5271-DBYSJ,StreamingMovies
5271-DBYSJ,InternetService_Fiber
1099-GODLO,PhoneService
6828-HMKWP,PhoneService
5567-WSELE,PhoneService
5567-WSELE,MultipleLines
5567-WSELE,StreamingTV
5567-WSELE,StreamingMovies
5567-WSELE,InternetService_Fiber
1472-TNCWL,PhoneService
1472-TNCWL,OnlineBackup
1472-TNCWL,StreamingTV
1472-TNCWL,StreamingMovies
1472-TNCWL,InternetService_Fiber
8063-RJYNF,PhoneService
8063-RJYNF,OnlineSecurity
8063-RJYNF,StreamingTV
8063-RJYNF,StreamingMovies
8063-RJYNF,InternetService_Fiber
0687-ZVTHB,PhoneService
0687-ZVTHB,MultipleLines
0687-ZVTHB,OnlineSecurity
0687-ZVTHB,OnlineBackup
0687-ZVTHB,DeviceProtection
0687-ZVTHB,StreamingMovies
0687-ZVTHB,InternetService_DSL
2080-GKCWQ,PhoneService
2080-GKCWQ,OnlineBackup
2080-GKCWQ,InternetService_Fiber
9661-ACXBS,PhoneService
9661-ACXBS,MultipleLines
9661-ACXBS,OnlineSecurity
9661-ACXBS,DeviceProtection
9661-ACXBS,StreamingTV
9661-ACXBS,StreamingMovies
9661-ACXBS,InternetService_Fiber
2193-SFWQW,PhoneService
2193-SFWQW,OnlineSecurity
2193-SFWQW,OnlineBackup
2193-SFWQW,DeviceProtection
2193-SFWQW,TechSupport
2193-SFWQW,StreamingTV
2193-SFWQW,StreamingMovies
2193-SFWQW,InternetService_Fiber
5656-JAMLX,PhoneService
3462-BJQQA,PhoneService
3462-BJQQA,MultipleLines
3462-BJQQA,OnlineBackup
3462-BJQQA,StreamingTV
3462-BJQQA,InternetService_Fiber
0442-TDYUO,PhoneService
6733-LRIZX,PhoneService
6733-LRIZX,MultipleLines
6733-LRIZX,OnlineSecurity
6733-LRIZX,DeviceProtection
6733-LRIZX,TechSupport
6733-LRIZX,StreamingTV
6733-LRIZX,StreamingMovies
6733-LRIZX,InternetService_Fiber
9503-XJUME,PhoneService
4367-NHWMM,InternetService_DSL
3727-RJMEO,PhoneService
3727-RJMEO,MultipleLines
3727-RJMEO,StreamingTV
3727-RJMEO,InternetService_Fiber
3779-OSWCF,PhoneService
3779-OSWCF,MultipleLines
3779-OSWCF,OnlineSecurity
3779-OSWCF,OnlineBackup
3779-OSWCF,DeviceProtection
3779-OSWCF,TechSupport
3779-OSWCF,StreamingTV
3779-OSWCF,StreamingMovies
3779-OSWCF,InternetService_DSL
6736-DHUQI,PhoneService
6736-DHUQI,OnlineSecurity
6736-DHUQI,OnlineBackup
6736-DHUQI,DeviceProtection
6736-DHUQI,InternetService_Fiber
3915-ODIYG,PhoneService
3915-ODIYG,MultipleLines
3915-ODIYG,OnlineSecurity
3915-ODIYG,OnlineBackup
3915-ODIYG,StreamingMovies
3915-ODIYG,InternetService_DSL
1360-RCYRT,TechSupport
1360-RCYRT,InternetService_DSL
2724-FJDYW,DeviceProtection
2724-FJDYW,TechSupport
2724-FJDYW,StreamingTV
2724-FJDYW,StreamingMovies
2724-FJDYW,InternetService_DSL
4451-RWASJ,PhoneService
6646-VRFOL,PhoneService
6646-VRFOL,MultipleLines
6646-VRFOL,OnlineBackup
6646-VRFOL,DeviceProtection
6646-VRFOL,StreamingTV
6646-VRFOL,StreamingMovies
6646-VRFOL,InternetService_Fiber
3460-TJBWI,PhoneService
3460-TJBWI,MultipleLines
5917-HBSDW,PhoneService
5685-IIXLY,PhoneService
5685-IIXLY,OnlineBackup
5685-IIXLY,StreamingMovies
5685-IIXLY,InternetService_Fiber
5671-UUNXD,PhoneService
5671-UUNXD,MultipleLines
5671-UUNXD,TechSupport
5671-UUNXD,StreamingTV
5671-UUNXD,StreamingMovies
5671-UUNXD,InternetService_Fiber
0956-ACVZC,PhoneService
0956-ACVZC,DeviceProtection
0956-ACVZC,StreamingTV
0956-ACVZC,StreamingMovies
0956-ACVZC,InternetService_Fiber
2325-NBPZG,PhoneService
2325-NBPZG,OnlineSecurity
2325-NBPZG,InternetService_Fiber
4250-ZBWLV,PhoneService
4250-ZBWLV,MultipleLines
4250-ZBWLV,OnlineBackup
4250-ZBWLV,DeviceProtection
4250-ZBWLV,TechSupport
4250-ZBWLV,StreamingTV
4250-ZBWLV,StreamingMovies
4250-ZBWLV,InternetService_Fiber
4482-FTFFX,PhoneService
4482-FTFFX,DeviceProtection
4482-FTFFX,TechSupport
4482-FTFFX,InternetService_DSL
8859-DZTGQ,PhoneService
0440-MOGPM,PhoneService
0440-MOGPM,MultipleLines
0440-MOGPM,OnlineBackup
0440-MOGPM,DeviceProtection
0440-MOGPM,StreamingTV
0440-MOGPM,StreamingMovies
0440-MOGPM,InternetService_DSL
0020-JDNXP,OnlineSecurity
0020-JDNXP,DeviceProtection
0020-JDNXP,TechSupport
0020-JDNXP,StreamingTV
0020-JDNXP,StreamingMovies
0020-JDNXP,InternetService_DSL
3752-CQSJI,PhoneService
5025-GOOKI,PhoneService
4698-KVLLG,PhoneService
5095-AESKG,PhoneService
5095-AESKG,MultipleLines
5095-AESKG,OnlineBackup
5095-AESKG,StreamingMovies
5095-AESKG,InternetService_Fiber
2887-JPYLU,PhoneService
2887-JPYLU,InternetService_DSL
4770-QAZXN,PhoneService
4896-CPRPF,PhoneService
4896-CPRPF,MultipleLines
1871-MOWRM,PhoneService
1871-MOWRM,OnlineSecurity
1871-MOWRM,TechSupport
1871-MOWRM,InternetService_Fiber
9714-EDSUC,PhoneService
9714-EDSUC,OnlineSecurity
9714-EDSUC,OnlineBackup
9714-EDSUC,TechSupport
9714-EDSUC,StreamingMovies
9714-EDSUC,InternetService_Fiber
2027-OAQQC,DeviceProtection
2027-OAQQC,StreamingTV
2027-OAQQC,StreamingMovies
2027-OAQQC,InternetService_DSL
0282-NVSJS,TechSupport
0282-NVSJS,InternetService_DSL
9090-SGQXL,PhoneService
9090-SGQXL,MultipleLines
9090-SGQXL,OnlineBackup
9090-SGQXL,DeviceProtection
9090-SGQXL,StreamingTV
9090-SGQXL,StreamingMovies
9090-SGQXL,InternetService_Fiber
6595-YGXIT,PhoneService
6595-YGXIT,MultipleLines
6595-YGXIT,OnlineBackup
6595-YGXIT,StreamingTV
6595-YGXIT,InternetService_Fiber
7353-YOWFP,PhoneService
9835-ZIITK,PhoneService
9835-ZIITK,MultipleLines
9835-ZIITK,OnlineBackup
9835-ZIITK,DeviceProtection
9835-ZIITK,TechSupport
9835-ZIITK,StreamingTV
9835-ZIITK,StreamingMovies
9835-ZIITK,InternetService_Fiber
8008-ESFLK,PhoneService
8008-ESFLK,OnlineSecurity
8008-ESFLK,OnlineBackup
8008-ESFLK,DeviceProtection
8008-ESFLK,TechSupport
8008-ESFLK,StreamingTV
8008-ESFLK,StreamingMovies
8008-ESFLK,InternetService_Fiber
7537-CBQUZ,PhoneService
7537-CBQUZ,MultipleLines
7537-CBQUZ,OnlineSecurity
7537-CBQUZ,OnlineBackup
7537-CBQUZ,DeviceProtection
7537-CBQUZ,StreamingTV
7537-CBQUZ,StreamingMovies
7537-CBQUZ,InternetService_Fiber
1555-DJEQW,PhoneService
1555-DJEQW,MultipleLines
1555-DJEQW,OnlineSecurity
1555-DJEQW,OnlineBackup
1555-DJEQW,DeviceProtection
1555-DJEQW,TechSupport
1555-DJEQW,StreamingTV
1555-DJEQW,StreamingMovies
1555-DJEQW,InternetService_Fiber
5649-TJHOV,StreamingMovies
5649-TJHOV,InternetService_DSL
0519-XUZJU,PhoneService
0519-XUZJU,InternetService_Fiber
3363-EWLGO,PhoneService
4750-UKWJK,PhoneService
6338-AVWCY,DeviceProtection
6338-AVWCY,StreamingTV
6338-AVWCY,InternetService_DSL
1689-YQBYY,PhoneService
1689-YQBYY,MultipleLines
1689-YQBYY,InternetService_Fiber
4487-ZYJZK,PhoneService
2959-FENLU,PhoneService
2959-FENLU,DeviceProtection
2959-FENLU,StreamingMovies
2959-FENLU,InternetService_Fiber
0708-LGSMF,PhoneService
0708-LGSMF,MultipleLines
0708-LGSMF,OnlineSecurity
0708-LGSMF,StreamingMovies
0708-LGSMF,InternetService_DSL
9253-QXKBE,PhoneService
9253-QXKBE,MultipleLines
9253-QXKBE,StreamingTV
9253-QXKBE,StreamingMovies
9253-QXKBE,InternetService_Fiber
7634-HLQJR,PhoneService
0487-RPVUM,PhoneService
0487-RPVUM,MultipleLines
0487-RPVUM,OnlineSecurity
0487-RPVUM,DeviceProtection
0487-RPVUM,TechSupport
0487-RPVUM,StreamingTV
0487-RPVUM,InternetService_Fiber
4079-ULGFR,PhoneService
2516-XSJKX,PhoneService
2516-XSJKX,OnlineSecurity
2516-XSJKX,OnlineBackup
2516-XSJKX,TechSupport
2516-XSJKX,StreamingTV
2516-XSJKX,StreamingMovies
2516-XSJKX,InternetService_DSL
0057-QBUQH,PhoneService
0057-QBUQH,MultipleLines
9445-SZLCH,PhoneService
9445-SZLCH,MultipleLines
9445-SZLCH,OnlineBackup
9445-SZLCH,DeviceProtection
9445-SZLCH,StreamingTV
9445-SZLCH,InternetService_Fiber
6599-SFQVE,PhoneService
6599-SFQVE,StreamingMovies
6599-SFQVE,InternetService_DSL
8331-ZXFOE,PhoneService
8331-ZXFOE,MultipleLines
8331-ZXFOE,OnlineSecurity
8331-ZXFOE,OnlineBackup
8331-ZXFOE,DeviceProtection
8331-ZXFOE,TechSupport
8331-ZXFOE,InternetService_DSL
4003-FUSHP,PhoneService
4003-FUSHP,TechSupport
4003-FUSHP,StreamingTV
4003-FUSHP,InternetService_DSL
0356-ERHVT,PhoneService
0356-ERHVT,InternetService_DSL
7325-ENZFI,OnlineSecurity
7325-ENZFI,OnlineBackup
7325-ENZFI,TechSupport
7325-ENZFI,InternetService_DSL
4884-ZTHVF,PhoneService
4884-ZTHVF,OnlineBackup
4884-ZTHVF,StreamingTV
4884-ZTHVF,InternetService_Fiber
3920-HIHMQ,PhoneService
3920-HIHMQ,MultipleLines
3920-HIHMQ,InternetService_DSL
3055-OYMSE,PhoneService
3055-OYMSE,OnlineBackup
3055-OYMSE,InternetService_Fiber
0613-WUXUM,PhoneService
7568-PODML,StreamingTV
7568-PODML,StreamingMovies
7568-PODML,InternetService_DSL
4458-KVRBJ,PhoneService
4458-KVRBJ,MultipleLines
5349-IECLD,PhoneService
5349-IECLD,DeviceProtection
5349-IECLD,StreamingTV
5349-IECLD,StreamingMovies
5349-IECLD,InternetService_Fiber
1397-XKKWR,OnlineSecurity
1397-XKKWR,DeviceProtection
1397-XKKWR,InternetService_DSL
3945-GFWQL,PhoneService
3945-GFWQL,InternetService_DSL
8097-OMULG,PhoneService
8097-OMULG,OnlineBackup
8097-OMULG,DeviceProtection
8097-OMULG,TechSupport
8097-OMULG,StreamingTV
8097-OMULG,StreamingMovies
8097-OMULG,InternetService_DSL
6013-BHCAW,PhoneService
6013-BHCAW,MultipleLines
6013-BHCAW,DeviceProtection
6013-BHCAW,TechSupport
6013-BHCAW,StreamingTV
6013-BHCAW,StreamingMovies
6013-BHCAW,InternetService_DSL
0401-WDBXM,PhoneService
0401-WDBXM,MultipleLines
0401-WDBXM,OnlineSecurity
0401-WDBXM,DeviceProtection
0401-WDBXM,StreamingTV
0401-WDBXM,StreamingMovies
0401-WDBXM,InternetService_Fiber
3387-PLKUI,PhoneService
6096-EGVTU,PhoneService
6096-EGVTU,MultipleLines
3797-VTIDR,InternetService_DSL
5081-NWSUP,PhoneService
5081-NWSUP,OnlineBackup
5081-NWSUP,TechSupport
5081-NWSUP,StreamingMovies
5081-NWSUP,InternetService_DSL
2580-ATZSQ,PhoneService
2580-ATZSQ,OnlineSecurity
2580-ATZSQ,OnlineBackup
2580-ATZSQ,DeviceProtection
2580-ATZSQ,InternetService_DSL
8085-MSNLK,PhoneService
8085-MSNLK,MultipleLines
8085-MSNLK,OnlineSecurity
8085-MSNLK,OnlineBackup
8085-MSNLK,DeviceProtection
8085-MSNLK,TechSupport
8085-MSNLK,StreamingTV
8085-MSNLK,StreamingMovies
8085-MSNLK,InternetService_Fiber
9691-HKOVS,PhoneService
9691-HKOVS,MultipleLines
9691-HKOVS,OnlineSecurity
9691-HKOVS,OnlineBackup
9691-HKOVS,DeviceProtection
9691-HKOVS,TechSupport
9691-HKOVS,StreamingTV
9691-HKOVS,StreamingMovies
9691-HKOVS,InternetService_DSL
9881-VCZEP,PhoneService
9881-VCZEP,MultipleLines
9881-VCZEP,OnlineBackup
9881-VCZEP,InternetService_DSL
9526-BIHHD,OnlineSecurity
9526-BIHHD,InternetService_DSL
8757-TFHHJ,PhoneService
8757-TFHHJ,OnlineSecurity
8757-TFHHJ,InternetService_DSL
4523-WXCEF,PhoneService
4523-WXCEF,MultipleLines
4523-WXCEF,OnlineBackup
4523-WXCEF,StreamingTV
4523-WXCEF,StreamingMovies
4523-WXCEF,InternetService_Fiber
1468-DEFNC,PhoneService
1468-DEFNC,MultipleLines
5119-KEPFY,PhoneService
5119-KEPFY,MultipleLines
5119-KEPFY,StreamingTV
5119-KEPFY,StreamingMovies
5119-KEPFY,InternetService_Fiber
8364-TRMMK,PhoneService
8364-TRMMK,MultipleLines
8364-TRMMK,InternetService_DSL
0916-KNFAJ,PhoneService
0916-KNFAJ,MultipleLines
0916-KNFAJ,OnlineSecurity
0916-KNFAJ,DeviceProtection
0916-KNFAJ,StreamingMovies
0916-KNFAJ,InternetService_DSL
8319-QBEHW,OnlineBackup
8319-QBEHW,StreamingTV
8319-QBEHW,InternetService_DSL
3063-QFSZL,PhoneService
3063-QFSZL,StreamingMovies
3063-QFSZL,InternetService_DSL
8775-LHDJH,PhoneService
8775-LHDJH,MultipleLines
8775-LHDJH,OnlineBackup
8775-LHDJH,StreamingTV
8775-LHDJH,InternetService_Fiber
9625-QNLUX,PhoneService
9625-QNLUX,OnlineSecurity
9625-QNLUX,OnlineBackup
9625-QNLUX,DeviceProtection
9625-QNLUX,StreamingTV
9625-QNLUX,StreamingMovies
9625-QNLUX,InternetService_Fiber
3097-NQYSN,PhoneService
3097-NQYSN,MultipleLines
3097-NQYSN,StreamingTV
3097-NQYSN,InternetService_Fiber
4024-CSNBY,PhoneService
4024-CSNBY,MultipleLines
4024-CSNBY,OnlineSecurity
4024-CSNBY,OnlineBackup
4024-CSNBY,DeviceProtection
4024-CSNBY,TechSupport
4024-CSNBY,InternetService_Fiber
7110-BDTWG,DeviceProtection
7110-BDTWG,TechSupport
7110-BDTWG,StreamingMovies
7110-BDTWG,InternetService_DSL
7493-GVFIO,PhoneService
0690-SRQID,PhoneService
9605-WGJVW,PhoneService
9605-WGJVW,InternetService_Fiber
9114-DPSIA,PhoneService
9114-DPSIA,MultipleLines
9114-DPSIA,OnlineSecurity
9114-DPSIA,OnlineBackup
9114-DPSIA,DeviceProtection
9114-DPSIA,TechSupport
9114-DPSIA,StreamingMovies
9114-DPSIA,InternetService_DSL
4700-UBQMV,PhoneService
4700-UBQMV,MultipleLines
4700-UBQMV,OnlineSecurity
4700-UBQMV,StreamingTV
4700-UBQMV,StreamingMovies
4700-UBQMV,InternetService_DSL
7711-GQBZC,PhoneService
7711-GQBZC,MultipleLines
3565-UNOCC,PhoneService
3565-UNOCC,MultipleLines
3565-UNOCC,DeviceProtection
3565-UNOCC,StreamingTV
3565-UNOCC,StreamingMovies
3565-UNOCC,InternetService_Fiber
4627-MIHJH,PhoneService
4627-MIHJH,MultipleLines
4627-MIHJH,OnlineSecurity
4627-MIHJH,DeviceProtection
4627-MIHJH,TechSupport
4627-MIHJH,StreamingTV
4627-MIHJH,StreamingMovies
4627-MIHJH,InternetService_Fiber
9795-NREXC,PhoneService
9795-NREXC,MultipleLines
9795-NREXC,OnlineSecurity
9795-NREXC,DeviceProtection
9795-NREXC,TechSupport
9795-NREXC,StreamingTV
9795-NREXC,StreamingMovies
9795-NREXC,InternetService_DSL
8573-CGOCC,PhoneService
7356-AYNJP,PhoneService
7356-AYNJP,MultipleLines
9249-FXSCK,PhoneService
9249-FXSCK,MultipleLines
9249-FXSCK,OnlineSecurity
9249-FXSCK,OnlineBackup
9249-FXSCK,TechSupport
9249-FXSCK,StreamingTV
9249-FXSCK,StreamingMovies
9249-FXSCK,InternetService_Fiber
5493-SDRDQ,PhoneService
5493-SDRDQ,OnlineSecurity
5493-SDRDQ,DeviceProtection
5493-SDRDQ,InternetService_DSL
6286-SUUWT,PhoneService
4819-HJPIW,InternetService_DSL
8654-DHAOW,PhoneService
8654-DHAOW,MultipleLines
8654-DHAOW,OnlineBackup
8654-DHAOW,InternetService_DSL
5438-QMDDL,PhoneService
5438-QMDDL,OnlineBackup
5438-QMDDL,StreamingMovies
5438-QMDDL,InternetService_DSL
9812-GHVRI,PhoneService
9812-GHVRI,MultipleLines
9812-GHVRI,StreamingMovies
9812-GHVRI,InternetService_Fiber
5553-AOINX,PhoneService
5553-AOINX,MultipleLines
5553-AOINX,OnlineBackup
5553-AOINX,DeviceProtection
5553-AOINX,StreamingTV
5553-AOINX,StreamingMovies
5553-AOINX,InternetService_Fiber
1228-ZLNBX,PhoneService
1228-ZLNBX,MultipleLines
1228-ZLNBX,InternetService_Fiber
4226-KKDON,PhoneService
4226-KKDON,OnlineBackup
4226-KKDON,TechSupport
4226-KKDON,StreamingTV
4226-KKDON,InternetService_DSL
3831-YCPUO,PhoneService
3831-YCPUO,OnlineSecurity
3831-YCPUO,OnlineBackup
3831-YCPUO,DeviceProtection
3831-YCPUO,TechSupport
3831-YCPUO,StreamingTV
3831-YCPUO,StreamingMovies
3831-YCPUO,InternetService_Fiber
7445-WMRBW,PhoneService
7445-WMRBW,MultipleLines
7445-WMRBW,OnlineBackup
7445-WMRBW,DeviceProtection
7445-WMRBW,TechSupport
7445-WMRBW,StreamingTV
7445-WMRBW,InternetService_DSL
3308-DGHKL,PhoneService
9924-JPRMC,PhoneService
9924-JPRMC,MultipleLines
9924-JPRMC,OnlineSecurity
9924-JPRMC,OnlineBackup
9924-JPRMC,DeviceProtection
9924-JPRMC,TechSupport
9924-JPRMC,StreamingTV
9924-JPRMC,StreamingMovies
9924-JPRMC,InternetService_Fiber
0080-EMYVY,PhoneService
0080-EMYVY,OnlineBackup
0080-EMYVY,InternetService_DSL
6218-KNUBD,PhoneService
6218-KNUBD,OnlineBackup
6218-KNUBD,StreamingTV
6218-KNUBD,InternetService_DSL
7337-CINUD,PhoneService
7609-NRNCA,PhoneService
0623-EJQEG,PhoneService
0623-EJQEG,MultipleLines
0623-EJQEG,OnlineSecurity
0623-EJQEG,TechSupport
0623-EJQEG,StreamingMovies
0623-EJQEG,InternetService_Fiber
7153-CHRBV,PhoneService
7153-CHRBV,OnlineSecurity
7153-CHRBV,DeviceProtection
7153-CHRBV,TechSupport
7153-CHRBV,InternetService_DSL
0871-URUWO,PhoneService
0871-URUWO,MultipleLines
0871-URUWO,DeviceProtection
0871-URUWO,StreamingTV
0871-URUWO,StreamingMovies
0871-URUWO,InternetService_Fiber
9190-MFJLN,PhoneService
9190-MFJLN,DeviceProtection
9190-MFJLN,StreamingTV
9190-MFJLN,StreamingMovies
9190-MFJLN,InternetService_Fiber
6198-PNNSZ,PhoneService
6198-PNNSZ,MultipleLines
6198-PNNSZ,OnlineSecurity
6198-PNNSZ,OnlineBackup
6198-PNNSZ,DeviceProtection
6198-PNNSZ,StreamingTV
6198-PNNSZ,StreamingMovies
6198-PNNSZ,InternetService_Fiber
3317-VLGQT,PhoneService
3317-VLGQT,StreamingMovies
3317-VLGQT,InternetService_Fiber
4132-POCZS,OnlineSecurity
4132-POCZS,StreamingMovies
4132-POCZS,InternetService_DSL
5614-DNZCE,PhoneService
5614-DNZCE,OnlineSecurity
5614-DNZCE,OnlineBackup
5614-DNZCE,DeviceProtection
5614-DNZCE,TechSupport
5614-DNZCE,InternetService_DSL
1095-JUDTC,PhoneService
1095-JUDTC,MultipleLines
1095-JUDTC,OnlineBackup
1095-JUDTC,TechSupport
1095-JUDTC,StreamingTV
1095-JUDTC,InternetService_Fiber
3896-RCYYE,DeviceProtection
3896-RCYYE,TechSupport
3896-RCYYE,StreamingTV
3896-RCYYE,StreamingMovies
3896-RCYYE,InternetService_DSL
9638-JIQYA,InternetService_DSL
3258-SANFR,PhoneService
3258-SANFR,InternetService_DSL
3726-TBHQT,PhoneService
3726-TBHQT,MultipleLines
3726-TBHQT,OnlineSecurity
3726-TBHQT,OnlineBackup
3726-TBHQT,DeviceProtection
3726-TBHQT,TechSupport
3726-TBHQT,StreamingTV
3726-TBHQT,StreamingMovies
3726-TBHQT,InternetService_Fiber
3190-ITQXP,PhoneService
0870-VEMYL,PhoneService
0870-VEMYL,OnlineSecurity
0870-VEMYL,TechSupport
0870-VEMYL,InternetService_DSL
4833-QTJNO,PhoneService
4833-QTJNO,MultipleLines
4833-QTJNO,OnlineSecurity
4833-QTJNO,OnlineBackup
4833-QTJNO,InternetService_Fiber
3039-MJSLN,PhoneService
0178-CIIKR,PhoneService
5385-SUIRI,PhoneService
5385-SUIRI,MultipleLines
5385-SUIRI,OnlineSecurity
5385-SUIRI,DeviceProtection
5385-SUIRI,StreamingTV
5385-SUIRI,StreamingMovies
5385-SUIRI,InternetService_Fiber
3982-XWFZQ,PhoneService
3982-XWFZQ,MultipleLines
3982-XWFZQ,InternetService_DSL
5774-QPLTF,PhoneService
2322-VCZHZ,PhoneService
2322-VCZHZ,OnlineSecurity
2322-VCZHZ,OnlineBackup
2322-VCZHZ,StreamingMovies
2322-VCZHZ,InternetService_Fiber
5010-IPEAQ,OnlineSecurity
5010-IPEAQ,OnlineBackup
5010-IPEAQ,DeviceProtection
5010-IPEAQ,TechSupport
5010-IPEAQ,StreamingTV
5010-IPEAQ,InternetService_DSL
4009-ALQFH,PhoneService
4009-ALQFH,OnlineBackup
4009-ALQFH,DeviceProtection
4009-ALQFH,StreamingTV
4009-ALQFH,StreamingMovies
4009-ALQFH,InternetService_Fiber
6383-ZTSIW,PhoneService
6383-ZTSIW,OnlineSecurity
6383-ZTSIW,OnlineBackup
6383-ZTSIW,StreamingTV
6383-ZTSIW,StreamingMovies
6383-ZTSIW,InternetService_Fiber
8990-YOZLV,PhoneService
8990-YOZLV,MultipleLines
8990-YOZLV,OnlineSecurity
8990-YOZLV,OnlineBackup
8990-YOZLV,TechSupport
8990-YOZLV,InternetService_DSL
3069-SSVSN,InternetService_DSL
5222-IMUKT,PhoneService
5222-IMUKT,StreamingTV
5222-IMUKT,StreamingMovies
5222-IMUKT,InternetService_Fiber
3627-FCRDW,PhoneService
3627-FCRDW,InternetService_Fiber
7562-GSUHK,PhoneService
7562-GSUHK,OnlineBackup
7562-GSUHK,DeviceProtection
7562-GSUHK,StreamingMovies
7562-GSUHK,InternetService_Fiber
6685-XSHHU,PhoneService
8901-UPRHR,PhoneService
8901-UPRHR,MultipleLines
8901-UPRHR,OnlineBackup
8901-UPRHR,DeviceProtection
8901-UPRHR,TechSupport
8901-UPRHR,StreamingTV
8901-UPRHR,StreamingMovies
8901-UPRHR,InternetService_Fiber
4903-UYAVB,PhoneService
0118-JPNOY,PhoneService
0118-JPNOY,OnlineSecurity
0118-JPNOY,StreamingTV
0118-JPNOY,InternetService_Fiber
6776-TLWOI,PhoneService
3845-FXCYS,PhoneService
5857-XRECV,PhoneService
0725-CXOTM,PhoneService
0725-CXOTM,MultipleLines
0725-CXOTM,OnlineSecurity
0725-CXOTM,DeviceProtection
0725-CXOTM,TechSupport
0725-CXOTM,StreamingTV
0725-CXOTM,StreamingMovies
0725-CXOTM,InternetService_DSL
4343-EJVQB,PhoneService
4343-EJVQB,OnlineSecurity
4343-EJVQB,InternetService_Fiber
9000-PLFUZ,OnlineBackup
9000-PLFUZ,StreamingTV
9000-PLFUZ,StreamingMovies
9000-PLFUZ,InternetService_DSL
3427-GGZZI,PhoneService
3427-GGZZI,MultipleLines
3427-GGZZI,OnlineBackup
3427-GGZZI,StreamingMovies
3427-GGZZI,InternetService_Fiber
7779-ORAEL,PhoneService
7779-ORAEL,MultipleLines
7779-ORAEL,OnlineSecurity
7779-ORAEL,DeviceProtection
7779-ORAEL,TechSupport
7779-ORAEL,StreamingMovies
7779-ORAEL,InternetService_DSL
0644-OQMDK,PhoneService
0644-OQMDK,InternetService_Fiber
4077-CROMM,PhoneService
4077-CROMM,MultipleLines
4077-CROMM,DeviceProtection
4077-CROMM,TechSupport
4077-CROMM,StreamingTV
4077-CROMM,StreamingMovies
4077-CROMM,InternetService_Fiber
3154-CFSZG,PhoneService
3154-CFSZG,OnlineSecurity
3154-CFSZG,DeviceProtection
3154-CFSZG,StreamingMovies
3154-CFSZG,InternetService_Fiber
2868-MZAGQ,PhoneService
2868-MZAGQ,StreamingMovies
2868-MZAGQ,InternetService_Fiber
4847-QNOKA,PhoneService
4847-QNOKA,InternetService_DSL
2220-IAHLS,PhoneService
1658-XUHBX,PhoneService
1658-XUHBX,MultipleLines
1658-XUHBX,DeviceProtection
1658-XUHBX,StreamingMovies
1658-XUHBX,InternetService_Fiber
6379-RXJRQ,PhoneService
6379-RXJRQ,InternetService_Fiber
2378-HTWFW,PhoneService
2378-HTWFW,MultipleLines
2378-HTWFW,OnlineSecurity
2378-HTWFW,StreamingMovies
2378-HTWFW,InternetService_Fiber
8650-RHRKE,DeviceProtection
8650-RHRKE,InternetService_DSL
4377-VDHYI,PhoneService
4377-VDHYI,OnlineSecurity
4377-VDHYI,OnlineBackup
4377-VDHYI,StreamingMovies
4377-VDHYI,InternetService_Fiber
0475-RIJEP,PhoneService
0475-RIJEP,MultipleLines
0475-RIJEP,OnlineBackup
0475-RIJEP,InternetService_Fiber
1260-TTRXI,PhoneService
1260-TTRXI,StreamingMovies
1260-TTRXI,InternetService_DSL
3719-TDVQB,PhoneService
6328-ZPBGN,PhoneService
6328-ZPBGN,MultipleLines
6328-ZPBGN,StreamingTV
6328-ZPBGN,StreamingMovies
6328-ZPBGN,InternetService_Fiber
0201-MIBOL,PhoneService
0201-MIBOL,MultipleLines
0201-MIBOL,OnlineSecurity
0201-MIBOL,StreamingTV
0201-MIBOL,StreamingMovies
0201-MIBOL,InternetService_Fiber
4937-QPZPO,PhoneService
4937-QPZPO,MultipleLines
4937-QPZPO,DeviceProtection
4937-QPZPO,StreamingTV
4937-QPZPO,StreamingMovies
4937-QPZPO,InternetService_Fiber
2925-VDZHY,PhoneService
2925-VDZHY,MultipleLines
2925-VDZHY,OnlineSecurity
2925-VDZHY,OnlineBackup
2925-VDZHY,DeviceProtection
2925-VDZHY,TechSupport
2925-VDZHY,StreamingTV
2925-VDZHY,StreamingMovies
2925-VDZHY,InternetService_DSL
6981-TDRFT,DeviceProtection
6981-TDRFT,TechSupport
6981-TDRFT,StreamingTV
6981-TDRFT,StreamingMovies
6981-TDRFT,InternetService_DSL
3413-CSSTH,PhoneService
3413-CSSTH,MultipleLines
3413-CSSTH,DeviceProtection
3413-CSSTH,InternetService_DSL
8033-VCZGH,PhoneService
8033-VCZGH,MultipleLines
8033-VCZGH,OnlineSecurity
8033-VCZGH,DeviceProtection
8033-VCZGH,StreamingTV
8033-VCZGH,StreamingMovies
8033-VCZGH,InternetService_Fiber
4789-KWMXN,PhoneService
4789-KWMXN,MultipleLines
4789-KWMXN,OnlineSecurity
4789-KWMXN,DeviceProtection
4789-KWMXN,TechSupport
4789-KWMXN,StreamingTV
4789-KWMXN,StreamingMovies
4789-KWMXN,InternetService_Fiber
0224-NIJLP,PhoneService
7542-CYDDM,PhoneService
4718-WXBGI,PhoneService
4718-WXBGI,MultipleLines
4718-WXBGI,OnlineSecurity
4718-WXBGI,OnlineBackup
4718-WXBGI,DeviceProtection
4718-WXBGI,TechSupport
4718-WXBGI,StreamingTV
4718-WXBGI,StreamingMovies
4718-WXBGI,InternetService_DSL
2867-UIMSS,PhoneService
2867-UIMSS,StreamingMovies
2867-UIMSS,InternetService_Fiber
8495-PRWFH,PhoneService
8495-PRWFH,MultipleLines
8495-PRWFH,DeviceProtection
8495-PRWFH,InternetService_DSL
0439-IFYUN,PhoneService
0439-IFYUN,OnlineBackup
0439-IFYUN,InternetService_Fiber
5716-LIBJC,PhoneService
5716-LIBJC,MultipleLines
5716-LIBJC,OnlineBackup
5716-LIBJC,DeviceProtection
5716-LIBJC,StreamingTV
5716-LIBJC,StreamingMovies
5716-LIBJC,InternetService_Fiber
2868-LLSKM,PhoneService
2868-LLSKM,MultipleLines
2868-LLSKM,OnlineBackup
2868-LLSKM,TechSupport
2868-LLSKM,InternetService_Fiber
8111-RKSPX,PhoneService
8111-RKSPX,MultipleLines
8111-RKSPX,InternetService_Fiber
2988-QRAJY,PhoneService
2988-QRAJY,MultipleLines
2988-QRAJY,OnlineSecurity
2988-QRAJY,OnlineBackup
2988-QRAJY,DeviceProtection
2988-QRAJY,StreamingTV
2988-QRAJY,StreamingMovies
2988-QRAJY,InternetService_Fiber
1585-MQSSU,PhoneService
1585-MQSSU,TechSupport
1585-MQSSU,InternetService_DSL
0071-NDAFP,PhoneService
0071-NDAFP,MultipleLines
2856-NNASM,PhoneService
2856-NNASM,StreamingTV
2856-NNASM,StreamingMovies
2856-NNASM,InternetService_Fiber
7328-ZJAJO,PhoneService
6458-CYIDZ,PhoneService
6458-CYIDZ,OnlineSecurity
6458-CYIDZ,OnlineBackup
6458-CYIDZ,InternetService_Fiber
8559-CIZFV,PhoneService
8559-CIZFV,MultipleLines
8559-CIZFV,OnlineSecurity
8559-CIZFV,OnlineBackup
8559-CIZFV,TechSupport
8559-CIZFV,StreamingTV
8559-CIZFV,InternetService_DSL
1090-PYKCI,PhoneService
1090-PYKCI,MultipleLines
1090-PYKCI,OnlineSecurity
1090-PYKCI,OnlineBackup
1090-PYKCI,DeviceProtection
1090-PYKCI,TechSupport
1090-PYKCI,StreamingTV
1090-PYKCI,InternetService_Fiber
3058-WQDRE,InternetService_DSL
7547-EKNFS,PhoneService
7547-EKNFS,MultipleLines
7547-EKNFS,OnlineBackup
7547-EKNFS,DeviceProtection
7547-EKNFS,StreamingTV
7547-EKNFS,InternetService_Fiber
2279-AXJJK,PhoneService
2279-AXJJK,MultipleLines
2279-AXJJK,OnlineBackup
2279-AXJJK,TechSupport
2279-AXJJK,StreamingMovies
2279-AXJJK,InternetService_Fiber
6769-DYBQN,PhoneService
6769-DYBQN,OnlineSecurity
6769-DYBQN,StreamingMovies
6769-DYBQN,InternetService_Fiber
0909-SELIE,PhoneService
0909-SELIE,MultipleLines
0909-SELIE,OnlineSecurity
0909-SELIE,OnlineBackup
0909-SELIE,DeviceProtection
0909-SELIE,TechSupport
0909-SELIE,StreamingMovies
0909-SELIE,InternetService_DSL
3417-TSCIC,InternetService_DSL
1042-HFUCW,PhoneService
1042-HFUCW,OnlineBackup
1042-HFUCW,TechSupport
1042-HFUCW,InternetService_DSL
4439-JMPMT,PhoneService
4439-JMPMT,TechSupport
4439-JMPMT,StreamingTV
4439-JMPMT,InternetService_Fiber
6537-OTKMY,DeviceProtection
6537-OTKMY,StreamingTV
6537-OTKMY,StreamingMovies
6537-OTKMY,InternetService_DSL
8999-EXMNO,PhoneService
6725-TPKJO,PhoneService
2446-BEGGB,PhoneService
2446-BEGGB,MultipleLines
2446-BEGGB,OnlineBackup
2446-BEGGB,StreamingTV
2446-BEGGB,StreamingMovies
2446-BEGGB,InternetService_Fiber
7162-WPHPM,PhoneService
7162-WPHPM,MultipleLines
7162-WPHPM,OnlineSecurity
7162-WPHPM,OnlineBackup
7162-WPHPM,DeviceProtection
7162-WPHPM,TechSupport
7162-WPHPM,InternetService_DSL
1599-MMYRQ,PhoneService
1599-MMYRQ,OnlineSecurity
1599-MMYRQ,OnlineBackup
1599-MMYRQ,InternetService_Fiber
8821-KVZKQ,OnlineBackup
8821-KVZKQ,DeviceProtection
8821-KVZKQ,TechSupport
8821-KVZKQ,StreamingTV
8821-KVZKQ,StreamingMovies
8821-KVZKQ,InternetService_DSL
1496-GGSUK,InternetService_DSL
6434-TTGJP,OnlineSecurity
6434-TTGJP,OnlineBackup
6434-TTGJP,DeviceProtection
6434-TTGJP,TechSupport
6434-TTGJP,StreamingMovies
6434-TTGJP,InternetService_DSL
0042-JVWOJ,PhoneService
0130-SXOUN,PhoneService
0130-SXOUN,MultipleLines
0130-SXOUN,OnlineBackup
0130-SXOUN,StreamingMovies
0130-SXOUN,InternetService_Fiber
2575-GFSOE,PhoneService
2575-GFSOE,InternetService_Fiber
2330-PQGDQ,PhoneService
2330-PQGDQ,MultipleLines
2330-PQGDQ,OnlineBackup
2330-PQGDQ,TechSupport
2330-PQGDQ,InternetService_Fiber
1452-UZOSF,PhoneService
1452-UZOSF,MultipleLines
1452-UZOSF,OnlineSecurity
1452-UZOSF,OnlineBackup
1452-UZOSF,DeviceProtection
1452-UZOSF,TechSupport
1452-UZOSF,StreamingTV
1452-UZOSF,InternetService_Fiber
2097-YVPKN,PhoneService
2097-YVPKN,MultipleLines
2842-JTCCU,PhoneService
2842-JTCCU,InternetService_DSL
8597-CTXVJ,PhoneService
8597-CTXVJ,MultipleLines
8597-CTXVJ,OnlineSecurity
8597-CTXVJ,OnlineBackup
8597-CTXVJ,TechSupport
8597-CTXVJ,InternetService_DSL
6631-HMANX,PhoneService
6631-HMANX,MultipleLines
6631-HMANX,OnlineBackup
6631-HMANX,DeviceProtection
6631-HMANX,TechSupport
6631-HMANX,StreamingTV
6631-HMANX,StreamingMovies
6631-HMANX,InternetService_DSL
9962-BFPDU,PhoneService
3296-SILRA,PhoneService
3296-SILRA,OnlineBackup
3296-SILRA,InternetService_Fiber
9681-OXGVC,PhoneService
9681-OXGVC,MultipleLines
9681-OXGVC,DeviceProtection
9681-OXGVC,StreamingTV
9681-OXGVC,StreamingMovies
9681-OXGVC,InternetService_Fiber
6394-HHHZM,PhoneService
5995-LFTLE,PhoneService
5995-LFTLE,MultipleLines
5180-UCIIQ,OnlineSecurity
5180-UCIIQ,StreamingMovies
5180-UCIIQ,InternetService_DSL
1932-UEDCX,PhoneService
1932-UEDCX,MultipleLines
1932-UEDCX,OnlineBackup
1932-UEDCX,StreamingTV
1932-UEDCX,StreamingMovies
1932-UEDCX,InternetService_Fiber
7153-OANIO,PhoneService
7153-OANIO,InternetService_Fiber
5188-HGMLP,PhoneService
5188-HGMLP,MultipleLines
5188-HGMLP,InternetService_Fiber
0665-XHDJU,PhoneService
0665-XHDJU,MultipleLines
0665-XHDJU,OnlineBackup
0665-XHDJU,StreamingTV
0665-XHDJU,StreamingMovies
0665-XHDJU,InternetService_Fiber
6521-YYTYI,PhoneService
6521-YYTYI,MultipleLines
6521-YYTYI,StreamingTV
6521-YYTYI,StreamingMovies
6521-YYTYI,InternetService_Fiber
8878-HMWBV,PhoneService
8878-HMWBV,DeviceProtection
8878-HMWBV,InternetService_DSL
8265-HKSOW,PhoneService
8265-HKSOW,MultipleLines
8265-HKSOW,OnlineSecurity
8265-HKSOW,OnlineBackup
8265-HKSOW,DeviceProtection
8265-HKSOW,TechSupport
8265-HKSOW,StreamingMovies
8265-HKSOW,InternetService_Fiber
3544-FBCAS,PhoneService
3544-FBCAS,MultipleLines
3544-FBCAS,OnlineSecurity
3544-FBCAS,OnlineBackup
3544-FBCAS,DeviceProtection
3544-FBCAS,StreamingTV
3544-FBCAS,StreamingMovies
3544-FBCAS,InternetService_DSL
5331-RGMTT,PhoneService
5331-RGMTT,MultipleLines
5331-RGMTT,DeviceProtection
5331-RGMTT,StreamingTV
5331-RGMTT,StreamingMovies
5331-RGMTT,InternetService_Fiber
4759-PXTAN,PhoneService
4759-PXTAN,MultipleLines
4759-PXTAN,OnlineBackup
4759-PXTAN,TechSupport
4759-PXTAN,StreamingTV
4759-PXTAN,StreamingMovies
4759-PXTAN,InternetService_DSL
7054-DMVAS,PhoneService
7054-DMVAS,OnlineSecurity
7054-DMVAS,OnlineBackup
7054-DMVAS,StreamingTV
7054-DMVAS,InternetService_DSL
3428-MMGUB,PhoneService
3428-MMGUB,MultipleLines
3428-MMGUB,DeviceProtection
3428-MMGUB,StreamingTV
3428-MMGUB,InternetService_Fiber
6549-BTYPG,OnlineBackup
6549-BTYPG,DeviceProtection
6549-BTYPG,TechSupport
6549-BTYPG,StreamingTV
6549-BTYPG,StreamingMovies
6549-BTYPG,InternetService_DSL
7823-JSOAG,PhoneService
7823-JSOAG,MultipleLines
7823-JSOAG,InternetService_Fiber
3705-RHRFR,PhoneService
3705-RHRFR,MultipleLines
3705-RHRFR,OnlineSecurity
3705-RHRFR,StreamingTV
3705-RHRFR,StreamingMovies
3705-RHRFR,InternetService_Fiber
9374-YOLBJ,PhoneService
9074-KGVOX,OnlineSecurity
9074-KGVOX,StreamingTV
9074-KGVOX,InternetService_DSL
6128-DAFVY,StreamingTV
6128-DAFVY,StreamingMovies
6128-DAFVY,InternetService_DSL
9933-QRGTX,PhoneService
9933-QRGTX,OnlineSecurity
9933-QRGTX,TechSupport
9933-QRGTX,StreamingTV
9933-QRGTX,StreamingMovies
9933-QRGTX,InternetService_Fiber
4476-OSWTN,PhoneService
4476-OSWTN,MultipleLines
4476-OSWTN,OnlineSecurity
4476-OSWTN,DeviceProtection
4476-OSWTN,TechSupport
4476-OSWTN,StreamingTV
4476-OSWTN,StreamingMovies
4476-OSWTN,InternetService_Fiber
3751-KTZEL,StreamingMovies
3751-KTZEL,InternetService_DSL
1977-STDKI,PhoneService
1977-STDKI,OnlineBackup
1977-STDKI,InternetService_Fiber
5066-GFJMM,PhoneService
2661-GKBTK,PhoneService
2661-GKBTK,OnlineBackup
2661-GKBTK,TechSupport
2661-GKBTK,StreamingTV
2661-GKBTK,StreamingMovies
2661-GKBTK,InternetService_DSL
0458-HEUZG,DeviceProtection
0458-HEUZG,TechSupport
0458-HEUZG,InternetService_DSL
7268-WNTCP,PhoneService
0824-VWDPO,PhoneService
0824-VWDPO,MultipleLines
0824-VWDPO,OnlineSecurity
0824-VWDPO,OnlineBackup
0824-VWDPO,StreamingMovies
0824-VWDPO,InternetService_Fiber
8409-WQJUX,DeviceProtection
8409-WQJUX,TechSupport
8409-WQJUX,StreamingTV
8409-WQJUX,StreamingMovies
8409-WQJUX,InternetService_DSL
2578-JQPHZ,PhoneService
2578-JQPHZ,DeviceProtection
2578-JQPHZ,TechSupport
2578-JQPHZ,StreamingTV
2578-JQPHZ,StreamingMovies
2578-JQPHZ,InternetService_Fiber
3278-FSIXX,PhoneService
3278-FSIXX,InternetService_DSL
5813-UECBU,PhoneService
5813-UECBU,MultipleLines
5813-UECBU,OnlineBackup
5813-UECBU,DeviceProtection
5813-UECBU,InternetService_Fiber
0328-GRPMV,PhoneService
0328-GRPMV,InternetService_Fiber
9746-UGFAC,PhoneService
2946-KIQSP,DeviceProtection
2946-KIQSP,TechSupport
2946-KIQSP,InternetService_DSL
0625-AFOHS,PhoneService
6726-WEXXK,PhoneService
6726-WEXXK,MultipleLines
6726-WEXXK,OnlineSecurity
6726-WEXXK,DeviceProtection
6726-WEXXK,InternetService_Fiber
4636-OLWOE,PhoneService
4636-OLWOE,OnlineBackup
4636-OLWOE,DeviceProtection
4636-OLWOE,TechSupport
4636-OLWOE,InternetService_DSL
4342-HENTK,PhoneService
4342-HENTK,InternetService_Fiber
4685-ERGHK,PhoneService
4685-ERGHK,MultipleLines
4685-ERGHK,StreamingTV
4685-ERGHK,InternetService_Fiber
0885-HMGPY,PhoneService
0885-HMGPY,MultipleLines
0885-HMGPY,OnlineSecurity
0885-HMGPY,OnlineBackup
0885-HMGPY,DeviceProtection
0885-HMGPY,TechSupport
0885-HMGPY,InternetService_DSL
5003-OKNNK,PhoneService
4195-SMMNX,PhoneService
7208-PSIHR,PhoneService
7208-PSIHR,MultipleLines
7208-PSIHR,DeviceProtection
7208-PSIHR,TechSupport
7208-PSIHR,StreamingTV
7208-PSIHR,StreamingMovies
7208-PSIHR,InternetService_Fiber
4012-ZTHBR,PhoneService
4012-ZTHBR,InternetService_DSL
0489-WMEMG,PhoneService
0489-WMEMG,TechSupport
0489-WMEMG,InternetService_DSL
7435-ZNUYY,PhoneService
1354-YZFNB,PhoneService
6956-SMUCM,PhoneService
6956-SMUCM,OnlineSecurity
6956-SMUCM,DeviceProtection
6956-SMUCM,StreamingTV
6956-SMUCM,StreamingMovies
6956-SMUCM,InternetService_Fiber
2985-FMWYF,PhoneService
2985-FMWYF,MultipleLines
2985-FMWYF,StreamingTV
2985-FMWYF,StreamingMovies
2985-FMWYF,InternetService_Fiber
2812-ENYMO,OnlineSecurity
2812-ENYMO,TechSupport
2812-ENYMO,StreamingTV
2812-ENYMO,StreamingMovies
2812-ENYMO,InternetService_DSL
2717-HVIZY,PhoneService
3223-WZWJM,PhoneService
3223-WZWJM,MultipleLines
3223-WZWJM,StreamingMovies
3223-WZWJM,InternetService_Fiber
3422-GALYP,PhoneService
3422-GALYP,MultipleLines
3422-GALYP,OnlineBackup
3422-GALYP,InternetService_Fiber
9053-JZFKV,PhoneService
9053-JZFKV,MultipleLines
9053-JZFKV,OnlineSecurity
9053-JZFKV,OnlineBackup
9053-JZFKV,DeviceProtection
9053-JZFKV,TechSupport
9053-JZFKV,StreamingTV
9053-JZFKV,StreamingMovies
9053-JZFKV,InternetService_Fiber
2530-ENDWQ,PhoneService
2530-ENDWQ,MultipleLines
2530-ENDWQ,StreamingTV
2530-ENDWQ,StreamingMovies
2530-ENDWQ,InternetService_Fiber
2890-WFBHU,PhoneService
2890-WFBHU,MultipleLines
2890-WFBHU,OnlineSecurity
2890-WFBHU,OnlineBackup
2890-WFBHU,DeviceProtection
2890-WFBHU,TechSupport
2890-WFBHU,StreamingMovies
2890-WFBHU,InternetService_DSL
0327-WFZSY,PhoneService
0327-WFZSY,MultipleLines
0327-WFZSY,DeviceProtection
0327-WFZSY,StreamingTV
0327-WFZSY,StreamingMovies
0327-WFZSY,InternetService_Fiber
7977-HXJKU,PhoneService
6615-ZGEDR,PhoneService
7033-CLAMM,PhoneService
4023-RTIQM,OnlineSecurity
4023-RTIQM,OnlineBackup
4023-RTIQM,DeviceProtection
4023-RTIQM,StreamingMovies
4023-RTIQM,InternetService_DSL
0864-FVJNJ,PhoneService
0864-FVJNJ,MultipleLines
0864-FVJNJ,OnlineSecurity
0864-FVJNJ,OnlineBackup
0864-FVJNJ,DeviceProtection
0864-FVJNJ,TechSupport
0864-FVJNJ,StreamingTV
0864-FVJNJ,StreamingMovies
0864-FVJNJ,InternetService_Fiber
7356-IWLFW,PhoneService
7356-IWLFW,MultipleLines
7356-IWLFW,OnlineBackup
7356-IWLFW,InternetService_Fiber
9541-PWTWO,PhoneService
9541-PWTWO,MultipleLines
9541-PWTWO,DeviceProtection
9541-PWTWO,TechSupport
9541-PWTWO,StreamingTV
9541-PWTWO,StreamingMovies
9541-PWTWO,InternetService_DSL
3967-VQOGC,PhoneService
3967-VQOGC,MultipleLines
7872-RDDLZ,PhoneService
7872-RDDLZ,MultipleLines
7872-RDDLZ,OnlineBackup
7872-RDDLZ,InternetService_DSL
9250-WYPLL,PhoneService
9250-WYPLL,MultipleLines
9250-WYPLL,InternetService_Fiber
6308-CQRBU,PhoneService
6308-CQRBU,MultipleLines
6308-CQRBU,OnlineBackup
6308-CQRBU,DeviceProtection
6308-CQRBU,TechSupport
6308-CQRBU,StreamingTV
6308-CQRBU,StreamingMovies
6308-CQRBU,InternetService_Fiber
2754-XBHTB,PhoneService
2754-XBHTB,StreamingTV
2754-XBHTB,InternetService_Fiber
1597-LHYNC,PhoneService
1597-LHYNC,MultipleLines
1597-LHYNC,OnlineSecurity
1597-LHYNC,OnlineBackup
1597-LHYNC,StreamingMovies
1597-LHYNC,InternetService_Fiber
0186-CAERR,PhoneService
0186-CAERR,MultipleLines
0186-CAERR,OnlineSecurity
0186-CAERR,OnlineBackup
0186-CAERR,DeviceProtection
0186-CAERR,TechSupport
0186-CAERR,StreamingTV
0186-CAERR,StreamingMovies
0186-CAERR,InternetService_Fiber
3043-SUDUA,PhoneService
5442-BHQNG,PhoneService
5442-BHQNG,InternetService_Fiber
2169-RRLFW,PhoneService
2169-RRLFW,MultipleLines
5872-OEQNH,OnlineSecurity
5872-OEQNH,DeviceProtection
5872-OEQNH,StreamingMovies
5872-OEQNH,InternetService_DSL
3162-KKZXO,PhoneService
3162-KKZXO,MultipleLines
3162-KKZXO,DeviceProtection
3162-KKZXO,StreamingTV
3162-KKZXO,StreamingMovies
3162-KKZXO,InternetService_Fiber
7055-VKGDA,PhoneService
7055-VKGDA,OnlineSecurity
7055-VKGDA,OnlineBackup
7055-VKGDA,TechSupport
7055-VKGDA,StreamingTV
7055-VKGDA,StreamingMovies
7055-VKGDA,InternetService_Fiber
0754-UKWQP,PhoneService
0754-UKWQP,DeviceProtection
0754-UKWQP,StreamingTV
0754-UKWQP,StreamingMovies
0754-UKWQP,InternetService_Fiber
8873-GLDMH,PhoneService
8873-GLDMH,MultipleLines
8873-GLDMH,InternetService_Fiber
5696-JVVQY,PhoneService
5696-JVVQY,OnlineSecurity
5696-JVVQY,OnlineBackup
5696-JVVQY,DeviceProtection
5696-JVVQY,StreamingMovies
5696-JVVQY,InternetService_DSL
8946-BFWSG,PhoneService
8946-BFWSG,MultipleLines
7493-TPUWZ,PhoneService
7493-TPUWZ,MultipleLines
7493-TPUWZ,OnlineBackup
7493-TPUWZ,InternetService_Fiber
0547-HURJB,PhoneService
8904-OPDCK,InternetService_DSL
8845-LWKGE,PhoneService
8845-LWKGE,DeviceProtection
8845-LWKGE,TechSupport
8845-LWKGE,StreamingTV
8845-LWKGE,InternetService_DSL
1577-HKTFG,PhoneService
8752-STIVR,PhoneService
8752-STIVR,StreamingTV
8752-STIVR,InternetService_Fiber
0691-NIKRI,PhoneService
0691-NIKRI,MultipleLines
0691-NIKRI,DeviceProtection
0691-NIKRI,TechSupport
0691-NIKRI,StreamingTV
0691-NIKRI,StreamingMovies
0691-NIKRI,InternetService_Fiber
5022-JNQEQ,PhoneService
5022-JNQEQ,TechSupport
5022-JNQEQ,InternetService_Fiber
4558-FANTW,PhoneService
4558-FANTW,OnlineSecurity
4558-FANTW,TechSupport
4558-FANTW,StreamingTV
4558-FANTW,InternetService_Fiber
3249-VHRIP,OnlineBackup
3249-VHRIP,DeviceProtection
3249-VHRIP,StreamingMovies
3249-VHRIP,InternetService_DSL
3736-BLEPA,PhoneService
3736-BLEPA,OnlineBackup
3736-BLEPA,TechSupport
3736-BLEPA,StreamingTV
3736-BLEPA,InternetService_Fiber
4701-LKOZD,PhoneService
4701-LKOZD,MultipleLines
4701-LKOZD,OnlineSecurity
4701-LKOZD,OnlineBackup
4701-LKOZD,DeviceProtection
4701-LKOZD,TechSupport
4701-LKOZD,StreamingTV
4701-LKOZD,StreamingMovies
4701-LKOZD,InternetService_DSL
6603-QWSPR,PhoneService
6603-QWSPR,OnlineBackup
6603-QWSPR,DeviceProtection
6603-QWSPR,TechSupport
6603-QWSPR,StreamingTV
6603-QWSPR,StreamingMovies
6603-QWSPR,InternetService_Fiber
9921-QFQUL,PhoneService
9921-QFQUL,MultipleLines
9921-QFQUL,DeviceProtection
9921-QFQUL,StreamingMovies
9921-QFQUL,InternetService_Fiber
1929-ZCBHE,OnlineSecurity
1929-ZCBHE,DeviceProtection
1929-ZCBHE,TechSupport
1929-ZCBHE,InternetService_DSL
4378-MYPGO,PhoneService
4378-MYPGO,OnlineSecurity
4378-MYPGO,OnlineBackup
4378-MYPGO,DeviceProtection
4378-MYPGO,StreamingTV
4378-MYPGO,StreamingMovies
4378-MYPGO,InternetService_Fiber
8651-ENBZX,PhoneService
8651-ENBZX,MultipleLines
8651-ENBZX,DeviceProtection
8651-ENBZX,TechSupport
8651-ENBZX,StreamingTV
8651-ENBZX,StreamingMovies
8651-ENBZX,InternetService_Fiber
4129-LYCOI,PhoneService
4129-LYCOI,MultipleLines
4129-LYCOI,OnlineBackup
4129-LYCOI,TechSupport
4129-LYCOI,StreamingTV
4129-LYCOI,StreamingMovies
4129-LYCOI,InternetService_Fiber
7798-JVXYM,PhoneService
7798-JVXYM,TechSupport
7798-JVXYM,StreamingTV
7798-JVXYM,StreamingMovies
7798-JVXYM,InternetService_DSL
8647-SDTWQ,PhoneService
8647-SDTWQ,MultipleLines
8647-SDTWQ,InternetService_Fiber
2696-ECXKC,PhoneService
2696-ECXKC,MultipleLines
2696-ECXKC,OnlineSecurity
2696-ECXKC,StreamingTV
2696-ECXKC,StreamingMovies
2696-ECXKC,InternetService_Fiber
2081-KJSQF,PhoneService
7623-TRNQN,PhoneService
7623-TRNQN,TechSupport
7623-TRNQN,InternetService_DSL
3323-CPBWR,PhoneService
3323-CPBWR,MultipleLines
3323-CPBWR,DeviceProtection
3323-CPBWR,TechSupport
3323-CPBWR,StreamingTV
3323-CPBWR,InternetService_Fiber
9330-IJWIO,PhoneService
9330-IJWIO,MultipleLines
9330-IJWIO,OnlineSecurity
9330-IJWIO,StreamingTV
9330-IJWIO,StreamingMovies
9330-IJWIO,InternetService_Fiber
3384-CTMSF,PhoneService
3384-CTMSF,MultipleLines
3384-CTMSF,OnlineBackup
3384-CTMSF,DeviceProtection
3384-CTMSF,StreamingTV
3384-CTMSF,StreamingMovies
3384-CTMSF,InternetService_Fiber
0902-RFHOF,PhoneService
9286-DOJGF,PhoneService
9286-DOJGF,MultipleLines
9286-DOJGF,InternetService_Fiber
6048-QBXKL,PhoneService
6048-QBXKL,MultipleLines
6048-QBXKL,OnlineBackup
6048-QBXKL,InternetService_DSL
9661-MHUMO,PhoneService
9661-MHUMO,TechSupport
9661-MHUMO,InternetService_DSL
7718-RXDGG,PhoneService
7718-RXDGG,InternetService_Fiber
1025-FALIX,PhoneService
1025-FALIX,InternetService_Fiber
3451-VAWLI,PhoneService
3407-QGWLG,PhoneService
1842-EZJMK,PhoneService
1842-EZJMK,MultipleLines
1842-EZJMK,OnlineBackup
1842-EZJMK,TechSupport
1842-EZJMK,StreamingTV
1842-EZJMK,StreamingMovies
1842-EZJMK,InternetService_Fiber
2347-WKKAE,PhoneService
2347-WKKAE,MultipleLines
2347-WKKAE,OnlineSecurity
2347-WKKAE,DeviceProtection
2347-WKKAE,StreamingMovies
2347-WKKAE,InternetService_Fiber
8735-DCXNF,PhoneService
8735-DCXNF,OnlineSecurity
8735-DCXNF,TechSupport
8735-DCXNF,InternetService_DSL
3214-IYUUQ,PhoneService
3214-IYUUQ,OnlineSecurity
3214-IYUUQ,OnlineBackup
3214-IYUUQ,TechSupport
3214-IYUUQ,StreamingMovies
3214-IYUUQ,InternetService_Fiber
1936-UAFEH,PhoneService
1936-UAFEH,MultipleLines
1936-UAFEH,OnlineSecurity
1936-UAFEH,OnlineBackup
1936-UAFEH,TechSupport
1936-UAFEH,StreamingTV
1936-UAFEH,StreamingMovies
1936-UAFEH,InternetService_Fiber
3587-PMCOY,PhoneService
3587-PMCOY,OnlineSecurity
3587-PMCOY,DeviceProtection
3587-PMCOY,StreamingTV
3587-PMCOY,StreamingMovies
3587-PMCOY,InternetService_Fiber
8079-XRJRS,PhoneService
8079-XRJRS,MultipleLines
8079-XRJRS,OnlineSecurity
8079-XRJRS,OnlineBackup
8079-XRJRS,DeviceProtection
8079-XRJRS,InternetService_Fiber
1027-LKKQQ,PhoneService
1027-LKKQQ,OnlineSecurity
1027-LKKQQ,DeviceProtection
1027-LKKQQ,TechSupport
1027-LKKQQ,StreamingTV
1027-LKKQQ,StreamingMovies
1027-LKKQQ,InternetService_DSL
7148-XZPHA,PhoneService
7148-XZPHA,OnlineBackup
7148-XZPHA,TechSupport
7148-XZPHA,InternetService_Fiber
8073-IJDCM,PhoneService
5309-TAIKL,PhoneService
5309-TAIKL,DeviceProtection
5309-TAIKL,TechSupport
5309-TAIKL,StreamingMovies
5309-TAIKL,InternetService_DSL
6856-RAURS,PhoneService
6856-RAURS,MultipleLines
6856-RAURS,InternetService_Fiber
8778-LMWTJ,PhoneService
8778-LMWTJ,OnlineSecurity
8778-LMWTJ,InternetService_Fiber
9717-IOAAF,PhoneService
9717-IOAAF,MultipleLines
8884-ADFVN,PhoneService
8884-ADFVN,MultipleLines
8884-ADFVN,DeviceProtection
8884-ADFVN,StreamingTV
8884-ADFVN,StreamingMovies
8884-ADFVN,InternetService_Fiber
2845-KDHVX,PhoneService
2845-KDHVX,OnlineBackup
2845-KDHVX,DeviceProtection
2845-KDHVX,TechSupport
2845-KDHVX,StreamingMovies
2845-KDHVX,InternetService_DSL
0848-SOMKO,OnlineSecurity
0848-SOMKO,DeviceProtection
0848-SOMKO,TechSupport
0848-SOMKO,StreamingMovies
0848-SOMKO,InternetService_DSL
2720-WGKHP,PhoneService
2720-WGKHP,MultipleLines
2720-WGKHP,StreamingTV
2720-WGKHP,StreamingMovies
2720-WGKHP,InternetService_Fiber
6734-FQAJX,PhoneService
6734-FQAJX,OnlineSecurity
6734-FQAJX,OnlineBackup
6734-FQAJX,TechSupport
6734-FQAJX,StreamingTV
6734-FQAJX,StreamingMovies
6734-FQAJX,InternetService_Fiber
2869-ADAWR,PhoneService
2869-ADAWR,MultipleLines
2869-ADAWR,OnlineBackup
2869-ADAWR,StreamingTV
2869-ADAWR,InternetService_Fiber
1535-VTJOQ,PhoneService
1535-VTJOQ,MultipleLines
6368-TZZDT,PhoneService
0943-ZQPXH,PhoneService
0943-ZQPXH,DeviceProtection
0943-ZQPXH,StreamingTV
0943-ZQPXH,StreamingMovies
0943-ZQPXH,InternetService_Fiber
1293-BSEUN,PhoneService
9894-EZEWG,PhoneService
9894-EZEWG,OnlineBackup
9894-EZEWG,InternetService_Fiber
1302-TPUBN,PhoneService
7851-FLGGQ,OnlineBackup
7851-FLGGQ,TechSupport
7851-FLGGQ,StreamingMovies
7851-FLGGQ,InternetService_DSL
0637-UBJRP,PhoneService
0637-UBJRP,OnlineSecurity
0637-UBJRP,StreamingMovies
0637-UBJRP,InternetService_Fiber
0940-OUQEC,PhoneService
0940-OUQEC,MultipleLines
0940-OUQEC,OnlineBackup
0940-OUQEC,InternetService_Fiber
2378-VTKDH,PhoneService
2378-VTKDH,MultipleLines
2378-VTKDH,OnlineBackup
2378-VTKDH,DeviceProtection
2378-VTKDH,StreamingTV
2378-VTKDH,StreamingMovies
2378-VTKDH,InternetService_Fiber
0927-CNGRH,PhoneService
8608-OZTLB,PhoneService
8608-OZTLB,OnlineSecurity
8608-OZTLB,OnlineBackup
8608-OZTLB,DeviceProtection
8608-OZTLB,TechSupport
8608-OZTLB,StreamingTV
8608-OZTLB,InternetService_DSL
2335-GSODA,OnlineSecurity
2335-GSODA,DeviceProtection
2335-GSODA,TechSupport
2335-GSODA,InternetService_DSL
1952-DVVSW,PhoneService
0702-PGIBZ,PhoneService
0702-PGIBZ,MultipleLines
0702-PGIBZ,OnlineBackup
0702-PGIBZ,StreamingTV
0702-PGIBZ,StreamingMovies
0702-PGIBZ,InternetService_Fiber
6656-GULJQ,PhoneService
6656-GULJQ,MultipleLines
6656-GULJQ,OnlineSecurity
6656-GULJQ,DeviceProtection
6656-GULJQ,TechSupport
6656-GULJQ,StreamingTV
6656-GULJQ,StreamingMovies
6656-GULJQ,InternetService_DSL
9853-JFZDU,PhoneService
9853-JFZDU,OnlineBackup
9853-JFZDU,TechSupport
9853-JFZDU,InternetService_DSL
1963-VAUKV,PhoneService
3777-XROBG,PhoneService
6994-FGRHH,PhoneService
6994-FGRHH,OnlineBackup
6994-FGRHH,DeviceProtection
6994-FGRHH,TechSupport
6994-FGRHH,StreamingTV
6994-FGRHH,StreamingMovies
6994-FGRHH,InternetService_Fiber
4000-VGMQP,PhoneService
4000-VGMQP,MultipleLines
4000-VGMQP,OnlineBackup
4000-VGMQP,DeviceProtection
4000-VGMQP,StreamingTV
4000-VGMQP,StreamingMovies
4000-VGMQP,InternetService_DSL
3999-WRNGR,OnlineBackup
3999-WRNGR,StreamingTV
3999-WRNGR,StreamingMovies
3999-WRNGR,InternetService_DSL
3466-RITXD,PhoneService
3466-RITXD,MultipleLines
3466-RITXD,OnlineSecurity
3466-RITXD,OnlineBackup
3466-RITXD,StreamingTV
3466-RITXD,InternetService_Fiber
2680-XKKNJ,PhoneService
2680-XKKNJ,OnlineSecurity
2680-XKKNJ,OnlineBackup
2680-XKKNJ,TechSupport
2680-XKKNJ,InternetService_DSL
3058-HJCUY,PhoneService
3058-HJCUY,MultipleLines
3058-HJCUY,DeviceProtection
3058-HJCUY,TechSupport
3058-HJCUY,StreamingTV
3058-HJCUY,StreamingMovies
3058-HJCUY,InternetService_Fiber
2974-GGUXS,PhoneService
2974-GGUXS,MultipleLines
2974-GGUXS,OnlineBackup
2974-GGUXS,StreamingTV
2974-GGUXS,InternetService_Fiber
7994-XIRTR,PhoneService
7994-XIRTR,DeviceProtection
7994-XIRTR,TechSupport
7994-XIRTR,StreamingMovies
7994-XIRTR,InternetService_DSL
3259-FDWOY,PhoneService
3259-FDWOY,MultipleLines
3259-FDWOY,OnlineBackup
3259-FDWOY,DeviceProtection
3259-FDWOY,StreamingTV
3259-FDWOY,StreamingMovies
3259-FDWOY,InternetService_Fiber
2101-RANCD,PhoneService
2101-RANCD,MultipleLines
2101-RANCD,InternetService_Fiber
7921-BEPCI,PhoneService
7921-BEPCI,MultipleLines
7921-BEPCI,OnlineSecurity
7921-BEPCI,OnlineBackup
7921-BEPCI,InternetService_DSL
0807-ZABDG,PhoneService
0807-ZABDG,OnlineSecurity
0807-ZABDG,TechSupport
0807-ZABDG,InternetService_DSL
8510-TMWYB,PhoneService
8510-TMWYB,MultipleLines
8510-TMWYB,OnlineBackup
8510-TMWYB,DeviceProtection
8510-TMWYB,InternetService_DSL
3258-ZKPAI,PhoneService
3258-ZKPAI,MultipleLines
3258-ZKPAI,OnlineSecurity
3258-ZKPAI,OnlineBackup
3258-ZKPAI,DeviceProtection
3258-ZKPAI,TechSupport
3258-ZKPAI,StreamingTV
3258-ZKPAI,StreamingMovies
3258-ZKPAI,InternetService_Fiber
1428-IEDPR,PhoneService
1428-IEDPR,MultipleLines
1428-IEDPR,OnlineSecurity
1428-IEDPR,DeviceProtection
1428-IEDPR,TechSupport
1428-IEDPR,StreamingTV
1428-IEDPR,StreamingMovies
1428-IEDPR,InternetService_Fiber
5298-GSTLM,PhoneService
5298-GSTLM,MultipleLines
5298-GSTLM,OnlineSecurity
5298-GSTLM,StreamingTV
5298-GSTLM,StreamingMovies
5298-GSTLM,InternetService_Fiber
4450-YOOHP,DeviceProtection
4450-YOOHP,StreamingTV
4450-YOOHP,StreamingMovies
4450-YOOHP,InternetService_DSL
6728-CZFEI,PhoneService
6728-CZFEI,StreamingTV
6728-CZFEI,InternetService_DSL
5748-RNCJT,PhoneService
5748-RNCJT,MultipleLines
5748-RNCJT,DeviceProtection
5748-RNCJT,TechSupport
5748-RNCJT,StreamingTV
5748-RNCJT,StreamingMovies
5748-RNCJT,InternetService_Fiber
3653-NCRDJ,PhoneService
6121-TNHBO,PhoneService
6121-TNHBO,MultipleLines
6121-TNHBO,OnlineSecurity
6121-TNHBO,OnlineBackup
6121-TNHBO,DeviceProtection
6121-TNHBO,TechSupport
6121-TNHBO,StreamingTV
6121-TNHBO,InternetService_DSL
5119-NZPTV,PhoneService
5119-NZPTV,InternetService_Fiber
6519-ZHPXP,PhoneService
6519-ZHPXP,OnlineSecurity
6519-ZHPXP,OnlineBackup
6519-ZHPXP,DeviceProtection
6519-ZHPXP,TechSupport
6519-ZHPXP,StreamingTV
6519-ZHPXP,StreamingMovies
6519-ZHPXP,InternetService_Fiber
7739-LAXOG,PhoneService
7739-LAXOG,MultipleLines
7739-LAXOG,DeviceProtection
7739-LAXOG,StreamingMovies
7739-LAXOG,InternetService_Fiber
3472-QPRCH,PhoneService
3472-QPRCH,MultipleLines
8224-UAXBZ,OnlineSecurity
8224-UAXBZ,OnlineBackup
8224-UAXBZ,StreamingTV
8224-UAXBZ,InternetService_DSL
9610-WCESF,OnlineSecurity
9610-WCESF,TechSupport
9610-WCESF,StreamingTV
9610-WCESF,InternetService_DSL
9776-CLUJA,PhoneService
9776-CLUJA,MultipleLines
9776-CLUJA,OnlineSecurity
9776-CLUJA,InternetService_Fiber
2486-WYVVE,PhoneService
2486-WYVVE,MultipleLines
2486-WYVVE,DeviceProtection
2486-WYVVE,TechSupport
2486-WYVVE,StreamingTV
2486-WYVVE,StreamingMovies
2486-WYVVE,InternetService_DSL
3865-ZYKAD,PhoneService
3865-ZYKAD,MultipleLines
3865-ZYKAD,OnlineSecurity
3865-ZYKAD,OnlineBackup
3865-ZYKAD,InternetService_Fiber
1422-DGUBX,PhoneService
1422-DGUBX,MultipleLines
1422-DGUBX,TechSupport
1422-DGUBX,InternetService_Fiber
2999-AANRQ,PhoneService
2999-AANRQ,OnlineSecurity
2999-AANRQ,OnlineBackup
2999-AANRQ,TechSupport
2999-AANRQ,StreamingTV
2999-AANRQ,InternetService_DSL
8668-KNZTI,PhoneService
8668-KNZTI,OnlineSecurity
8668-KNZTI,DeviceProtection
8668-KNZTI,InternetService_DSL
0480-KYJVA,PhoneService
0480-KYJVA,MultipleLines
6034-ZRYCV,OnlineBackup
6034-ZRYCV,DeviceProtection
6034-ZRYCV,StreamingTV
6034-ZRYCV,StreamingMovies
6034-ZRYCV,InternetService_DSL
9746-YKGXB,OnlineSecurity
9746-YKGXB,DeviceProtection
9746-YKGXB,StreamingMovies
9746-YKGXB,InternetService_DSL
3926-YZVVX,PhoneService
3926-YZVVX,TechSupport
3926-YZVVX,InternetService_DSL
6000-UKLWI,PhoneService
2079-FBMZK,PhoneService
2079-FBMZK,InternetService_Fiber
6332-FBZRI,PhoneService
6332-FBZRI,MultipleLines
6332-FBZRI,OnlineSecurity
6332-FBZRI,OnlineBackup
6332-FBZRI,DeviceProtection
6332-FBZRI,TechSupport
6332-FBZRI,InternetService_DSL
2096-XOTMO,PhoneService
3266-FTKHB,PhoneService
8221-EQDGL,PhoneService
8221-EQDGL,OnlineSecurity
8221-EQDGL,OnlineBackup
8221-EQDGL,DeviceProtection
8221-EQDGL,InternetService_DSL
2346-LOCWC,PhoneService
6608-QQLVK,PhoneService
6608-QQLVK,DeviceProtection
6608-QQLVK,InternetService_DSL
0298-XACET,OnlineBackup
0298-XACET,DeviceProtection
0298-XACET,TechSupport
0298-XACET,StreamingTV
0298-XACET,InternetService_DSL
7560-QJAVJ,PhoneService
7560-QJAVJ,OnlineSecurity
7560-QJAVJ,DeviceProtection
7560-QJAVJ,TechSupport
7560-QJAVJ,StreamingTV
7560-QJAVJ,StreamingMovies
7560-QJAVJ,InternetService_DSL
2995-YWTCD,PhoneService
2995-YWTCD,MultipleLines
3551-HUAZH,PhoneService
3551-HUAZH,MultipleLines
3551-HUAZH,InternetService_Fiber
9137-UIYPG,PhoneService
9137-UIYPG,OnlineSecurity
9137-UIYPG,DeviceProtection
9137-UIYPG,TechSupport
9137-UIYPG,StreamingTV
9137-UIYPG,StreamingMovies
9137-UIYPG,InternetService_Fiber
2809-ZMYOQ,PhoneService
2809-ZMYOQ,MultipleLines
2809-ZMYOQ,DeviceProtection
2809-ZMYOQ,StreamingTV
2809-ZMYOQ,StreamingMovies
2809-ZMYOQ,InternetService_Fiber
5084-OOVCJ,PhoneService
5084-OOVCJ,OnlineSecurity
5084-OOVCJ,TechSupport
5084-OOVCJ,InternetService_DSL
0254-WWRKD,PhoneService
0254-WWRKD,OnlineBackup
0254-WWRKD,InternetService_DSL
7727-SHVZV,PhoneService
6302-JGYRJ,PhoneService
6302-JGYRJ,MultipleLines
6302-JGYRJ,OnlineBackup
6302-JGYRJ,TechSupport
6302-JGYRJ,StreamingTV
6302-JGYRJ,StreamingMovies
6302-JGYRJ,InternetService_DSL
5339-PXDVH,PhoneService
5339-PXDVH,MultipleLines
5339-PXDVH,OnlineSecurity
5339-PXDVH,StreamingTV
5339-PXDVH,InternetService_Fiber
2205-LPVGL,PhoneService
2205-LPVGL,MultipleLines
2205-LPVGL,OnlineSecurity
2205-LPVGL,OnlineBackup
2205-LPVGL,TechSupport
2205-LPVGL,InternetService_Fiber
8782-NUUOL,PhoneService
8782-NUUOL,OnlineSecurity
8782-NUUOL,DeviceProtection
8782-NUUOL,TechSupport
8782-NUUOL,StreamingTV
8782-NUUOL,StreamingMovies
8782-NUUOL,InternetService_DSL
3685-YLCMQ,PhoneService
3685-YLCMQ,MultipleLines
3685-YLCMQ,DeviceProtection
3685-YLCMQ,TechSupport
3685-YLCMQ,StreamingTV
3685-YLCMQ,StreamingMovies
3685-YLCMQ,InternetService_Fiber
7601-WFVZV,PhoneService
4609-KNNWG,PhoneService
4868-AADLV,PhoneService
4868-AADLV,MultipleLines
4868-AADLV,OnlineSecurity
4868-AADLV,OnlineBackup
4868-AADLV,DeviceProtection
4868-AADLV,TechSupport
4868-AADLV,StreamingTV
4868-AADLV,StreamingMovies
4868-AADLV,InternetService_Fiber
9529-OFXHY,PhoneService
9529-OFXHY,MultipleLines
9529-OFXHY,OnlineSecurity
9529-OFXHY,StreamingTV
9529-OFXHY,InternetService_Fiber
8634-MPHTR,PhoneService
8634-MPHTR,MultipleLines
8634-MPHTR,DeviceProtection
8634-MPHTR,StreamingTV
8634-MPHTR,StreamingMovies
8634-MPHTR,InternetService_Fiber
2669-QVCRG,PhoneService
2669-QVCRG,MultipleLines
2669-QVCRG,OnlineSecurity
2669-QVCRG,InternetService_Fiber
2478-EEWWM,StreamingTV
2478-EEWWM,StreamingMovies
2478-EEWWM,InternetService_DSL
9174-IHETN,PhoneService
9174-IHETN,InternetService_Fiber
2233-TXSIU,OnlineSecurity
2233-TXSIU,DeviceProtection
2233-TXSIU,StreamingTV
2233-TXSIU,InternetService_DSL
9644-UMGQA,PhoneService
9644-UMGQA,OnlineSecurity
9644-UMGQA,InternetService_DSL
3256-EZDBI,OnlineBackup
3256-EZDBI,InternetService_DSL
8761-NSOBC,PhoneService
8761-NSOBC,OnlineBackup
8761-NSOBC,TechSupport
8761-NSOBC,StreamingTV
8761-NSOBC,StreamingMovies
8761-NSOBC,InternetService_Fiber
0419-YAAPX,PhoneService
0419-YAAPX,OnlineBackup
0419-YAAPX,StreamingTV
0419-YAAPX,InternetService_Fiber
8413-VONUO,PhoneService
8413-VONUO,OnlineBackup
8413-VONUO,StreamingTV
8413-VONUO,StreamingMovies
8413-VONUO,InternetService_Fiber
0872-CASZJ,PhoneService
0872-CASZJ,MultipleLines
0872-CASZJ,OnlineSecurity
0872-CASZJ,TechSupport
0872-CASZJ,StreamingMovies
0872-CASZJ,InternetService_DSL
4726-DLWQN,PhoneService
4726-DLWQN,MultipleLines
4726-DLWQN,OnlineSecurity
4726-DLWQN,OnlineBackup
4726-DLWQN,StreamingTV
4726-DLWQN,InternetService_DSL
8164-OCKUJ,PhoneService
3094-JOJAI,PhoneService
3094-JOJAI,MultipleLines
3094-JOJAI,InternetService_Fiber
9494-MRNYX,PhoneService
9494-MRNYX,MultipleLines
9494-MRNYX,InternetService_Fiber
2599-CZABP,PhoneService
2599-CZABP,InternetService_DSL
7945-PRBVF,PhoneService
4544-RXFMG,PhoneService
4544-RXFMG,InternetService_DSL
0859-YGKFW,PhoneService
1150-FTQGN,PhoneService
1150-FTQGN,MultipleLines
1150-FTQGN,OnlineSecurity
1150-FTQGN,OnlineBackup
1150-FTQGN,StreamingTV
1150-FTQGN,InternetService_Fiber
9223-UCPVT,PhoneService
9223-UCPVT,DeviceProtection
9223-UCPVT,StreamingTV
9223-UCPVT,StreamingMovies
9223-UCPVT,InternetService_Fiber
7196-LIWRH,PhoneService
5448-VWNAM,PhoneService
5448-VWNAM,MultipleLines
5448-VWNAM,OnlineSecurity
5448-VWNAM,OnlineBackup
5448-VWNAM,TechSupport
5448-VWNAM,StreamingTV
5448-VWNAM,InternetService_DSL
1177-XZBJL,PhoneService
1177-XZBJL,MultipleLines
1177-XZBJL,OnlineSecurity
1177-XZBJL,OnlineBackup
1177-XZBJL,TechSupport
1177-XZBJL,InternetService_DSL
3518-FSTWG,PhoneService
3518-FSTWG,MultipleLines
3518-FSTWG,OnlineSecurity
3518-FSTWG,OnlineBackup
3518-FSTWG,DeviceProtection
3518-FSTWG,StreamingTV
3518-FSTWG,StreamingMovies
3518-FSTWG,InternetService_Fiber
9330-VOFSZ,PhoneService
9330-VOFSZ,MultipleLines
9330-VOFSZ,OnlineBackup
9330-VOFSZ,DeviceProtection
9330-VOFSZ,TechSupport
9330-VOFSZ,StreamingTV
9330-VOFSZ,StreamingMovies
9330-VOFSZ,InternetService_Fiber
4351-QLCSU,PhoneService
4351-QLCSU,StreamingTV
4351-QLCSU,InternetService_DSL
0939-EREMR,PhoneService
0939-EREMR,DeviceProtection
0939-EREMR,TechSupport
0939-EREMR,InternetService_DSL
9389-ACWBI,PhoneService
9389-ACWBI,InternetService_Fiber
5419-JPRRN,PhoneService
5419-JPRRN,MultipleLines
5419-JPRRN,DeviceProtection
5419-JPRRN,StreamingTV
5419-JPRRN,StreamingMovies
5419-JPRRN,InternetService_Fiber
3644-QXEHN,PhoneService
3644-QXEHN,DeviceProtection
3644-QXEHN,StreamingTV
3644-QXEHN,StreamingMovies
3644-QXEHN,InternetService_Fiber
2911-IJORQ,PhoneService
2911-IJORQ,MultipleLines
2911-IJORQ,OnlineSecurity
2911-IJORQ,OnlineBackup
2911-IJORQ,DeviceProtection
2911-IJORQ,TechSupport
2911-IJORQ,StreamingTV
2911-IJORQ,StreamingMovies
2911-IJORQ,InternetService_DSL
5921-NGYRH,PhoneService
5921-NGYRH,OnlineSecurity
5921-NGYRH,InternetService_Fiber
2100-BDNSN,PhoneService
2100-BDNSN,MultipleLines
2100-BDNSN,DeviceProtection
2100-BDNSN,TechSupport
2100-BDNSN,StreamingTV
2100-BDNSN,InternetService_DSL
5998-DZLYR,PhoneService
5998-DZLYR,MultipleLines
5998-DZLYR,OnlineBackup
5998-DZLYR,TechSupport
5998-DZLYR,StreamingMovies
5998-DZLYR,InternetService_Fiber
0488-GSLFR,PhoneService
0488-GSLFR,InternetService_Fiber
9318-NKNFC,PhoneService
3985-HOYPM,PhoneService
9728-FTTVZ,PhoneService
9728-FTTVZ,InternetService_Fiber
9548-LERKT,PhoneService
6576-FBXOJ,DeviceProtection
6576-FBXOJ,TechSupport
6576-FBXOJ,StreamingTV
6576-FBXOJ,StreamingMovies
6576-FBXOJ,InternetService_DSL
4310-KEDTB,DeviceProtection
4310-KEDTB,InternetService_DSL
7254-IQWOZ,PhoneService
7254-IQWOZ,InternetService_Fiber
2474-BRUCM,PhoneService
2474-BRUCM,MultipleLines
2474-BRUCM,OnlineSecurity
2474-BRUCM,StreamingTV
2474-BRUCM,StreamingMovies
2474-BRUCM,InternetService_Fiber
4062-HBMOS,PhoneService
4062-HBMOS,MultipleLines
4062-HBMOS,OnlineBackup
4062-HBMOS,DeviceProtection
4062-HBMOS,StreamingTV
4062-HBMOS,StreamingMovies
4062-HBMOS,InternetService_Fiber
0742-NXBGR,PhoneService
0742-NXBGR,OnlineBackup
0742-NXBGR,DeviceProtection
0742-NXBGR,InternetService_Fiber
2676-ISHSF,PhoneService
9236-NDUCW,OnlineSecurity
9236-NDUCW,TechSupport
9236-NDUCW,InternetService_DSL
4753-PADAS,PhoneService
4753-PADAS,MultipleLines
4753-PADAS,OnlineBackup
4753-PADAS,DeviceProtection
4753-PADAS,StreamingTV
4753-PADAS,StreamingMovies
4753-PADAS,InternetService_Fiber
6103-QCKFX,PhoneService
6103-QCKFX,OnlineSecurity
6103-QCKFX,TechSupport
6103-QCKFX,InternetService_DSL
7781-EWARA,OnlineBackup
7781-EWARA,DeviceProtection
7781-EWARA,TechSupport
7781-EWARA,StreamingTV
7781-EWARA,StreamingMovies
7781-EWARA,InternetService_DSL
6110-OHIHY,PhoneService
6110-OHIHY,StreamingTV
6110-OHIHY,InternetService_Fiber
7018-FPXHH,PhoneService
7018-FPXHH,OnlineSecurity
7018-FPXHH,OnlineBackup
7018-FPXHH,DeviceProtection
7018-FPXHH,InternetService_DSL
5889-LFOLL,PhoneService
5889-LFOLL,MultipleLines
5889-LFOLL,StreamingMovies
5889-LFOLL,InternetService_Fiber
5708-EVONK,PhoneService
5708-EVONK,MultipleLines
5708-EVONK,OnlineSecurity
5708-EVONK,OnlineBackup
5708-EVONK,StreamingMovies
5708-EVONK,InternetService_Fiber
8708-XPXHZ,PhoneService
8708-XPXHZ,MultipleLines
8708-XPXHZ,StreamingTV
8708-XPXHZ,StreamingMovies
8708-XPXHZ,InternetService_Fiber
0616-ATFGB,InternetService_DSL
0572-ZJKLT,PhoneService
0572-ZJKLT,MultipleLines
0572-ZJKLT,OnlineSecurity
0572-ZJKLT,DeviceProtection
0572-ZJKLT,TechSupport
0572-ZJKLT,StreamingMovies
0572-ZJKLT,InternetService_Fiber
5135-RDDQL,PhoneService
5135-RDDQL,OnlineSecurity
5135-RDDQL,InternetService_DSL
1353-LJWEM,PhoneService
1353-LJWEM,OnlineBackup
1353-LJWEM,DeviceProtection
1353-LJWEM,TechSupport
1353-LJWEM,InternetService_DSL
1794-SWWKL,PhoneService
1794-SWWKL,MultipleLines
1794-SWWKL,DeviceProtection
1794-SWWKL,TechSupport
1794-SWWKL,InternetService_DSL
6166-YIPFO,OnlineSecurity
6166-YIPFO,OnlineBackup
6166-YIPFO,DeviceProtection
6166-YIPFO,TechSupport
6166-YIPFO,StreamingTV
6166-YIPFO,StreamingMovies
6166-YIPFO,InternetService_DSL
7016-BPGEU,InternetService_DSL
6876-ADESB,PhoneService
6876-ADESB,DeviceProtection
6876-ADESB,InternetService_DSL
9332-GYWLO,PhoneService
9332-GYWLO,StreamingTV
9332-GYWLO,InternetService_DSL
1963-SVUCV,PhoneService
1963-SVUCV,InternetService_DSL
4184-VODJZ,PhoneService
4184-VODJZ,MultipleLines
4184-VODJZ,OnlineBackup
4184-VODJZ,StreamingMovies
4184-VODJZ,InternetService_Fiber
0220-EBGCE,PhoneService
0220-EBGCE,DeviceProtection
0220-EBGCE,StreamingMovies
0220-EBGCE,InternetService_Fiber
1092-WPIVQ,PhoneService
1092-WPIVQ,MultipleLines
7233-IOQNP,OnlineSecurity
7233-IOQNP,TechSupport
7233-IOQNP,InternetService_DSL
2834-JKOOW,OnlineSecurity
2834-JKOOW,OnlineBackup
2834-JKOOW,DeviceProtection
2834-JKOOW,TechSupport
2834-JKOOW,InternetService_DSL
2754-VDLTR,PhoneService
2754-VDLTR,MultipleLines
2754-VDLTR,StreamingTV
2754-VDLTR,StreamingMovies
2754-VDLTR,InternetService_Fiber
2400-FEQME,PhoneService
3190-XFANI,PhoneService
3190-XFANI,MultipleLines
3190-XFANI,TechSupport
3190-XFANI,StreamingTV
3190-XFANI,StreamingMovies
3190-XFANI,InternetService_Fiber
7551-DACSP,PhoneService
7551-DACSP,OnlineBackup
7551-DACSP,DeviceProtection
7551-DACSP,InternetService_DSL
4957-SREEC,PhoneService
7235-NXZCP,PhoneService
7235-NXZCP,MultipleLines
7235-NXZCP,InternetService_Fiber
0230-UBYPQ,OnlineSecurity
0230-UBYPQ,TechSupport
0230-UBYPQ,InternetService_DSL
4923-ADWXJ,PhoneService
4923-ADWXJ,OnlineBackup
4923-ADWXJ,TechSupport
4923-ADWXJ,StreamingMovies
4923-ADWXJ,InternetService_DSL
1763-KUAAW,PhoneService
1104-TNLZA,PhoneService
1104-TNLZA,MultipleLines
1104-TNLZA,OnlineBackup
1104-TNLZA,TechSupport
1104-TNLZA,StreamingTV
1104-TNLZA,StreamingMovies
1104-TNLZA,InternetService_Fiber
5195-KPUNQ,PhoneService
5195-KPUNQ,OnlineSecurity
5195-KPUNQ,OnlineBackup
5195-KPUNQ,TechSupport
5195-KPUNQ,StreamingMovies
5195-KPUNQ,InternetService_Fiber
0520-FDVVT,PhoneService
0520-FDVVT,OnlineBackup
0520-FDVVT,DeviceProtection
0520-FDVVT,StreamingTV
0520-FDVVT,StreamingMovies
0520-FDVVT,InternetService_Fiber
3439-GVUSX,InternetService_DSL
1444-VVSGW,PhoneService
1444-VVSGW,MultipleLines
1444-VVSGW,OnlineSecurity
1444-VVSGW,OnlineBackup
1444-VVSGW,DeviceProtection
1444-VVSGW,TechSupport
1444-VVSGW,StreamingTV
1444-VVSGW,StreamingMovies
1444-VVSGW,InternetService_Fiber
5712-PTIWW,PhoneService
5712-PTIWW,DeviceProtection
5712-PTIWW,TechSupport
5712-PTIWW,InternetService_Fiber
5949-HGVJL,PhoneService
5949-HGVJL,OnlineBackup
5949-HGVJL,TechSupport
5949-HGVJL,StreamingTV
5949-HGVJL,StreamingMovies
5949-HGVJL,InternetService_DSL
5203-XEHAX,PhoneService
5203-XEHAX,OnlineSecurity
5203-XEHAX,OnlineBackup
5203-XEHAX,StreamingMovies
5203-XEHAX,InternetService_DSL
1635-HDGFT,PhoneService
3315-TOTBP,PhoneService
3315-TOTBP,MultipleLines
3315-TOTBP,InternetService_Fiber
8050-XGRVL,PhoneService
8050-XGRVL,OnlineSecurity
8050-XGRVL,DeviceProtection
8050-XGRVL,InternetService_DSL
6661-HBGWL,PhoneService
6661-HBGWL,MultipleLines
6661-HBGWL,OnlineBackup
6661-HBGWL,DeviceProtection
6661-HBGWL,StreamingTV
6661-HBGWL,StreamingMovies
6661-HBGWL,InternetService_Fiber
1518-VOWAV,PhoneService
1518-VOWAV,OnlineSecurity
1518-VOWAV,OnlineBackup
1518-VOWAV,StreamingTV
1518-VOWAV,StreamingMovies
1518-VOWAV,InternetService_DSL
9828-QHFBK,PhoneService
9828-QHFBK,OnlineSecurity
9828-QHFBK,InternetService_DSL
3908-MKIMJ,OnlineSecurity
3908-MKIMJ,OnlineBackup
3908-MKIMJ,DeviceProtection
3908-MKIMJ,InternetService_DSL
5012-YSPJJ,PhoneService
5012-YSPJJ,DeviceProtection
5012-YSPJJ,TechSupport
5012-YSPJJ,InternetService_DSL
5909-ECHUI,PhoneService
5909-ECHUI,StreamingMovies
5909-ECHUI,InternetService_DSL
1309-BXVOQ,PhoneService
1309-BXVOQ,MultipleLines
1309-BXVOQ,DeviceProtection
1309-BXVOQ,TechSupport
1309-BXVOQ,StreamingTV
1309-BXVOQ,StreamingMovies
1309-BXVOQ,InternetService_Fiber
6728-VOIFY,PhoneService
6728-VOIFY,OnlineBackup
6728-VOIFY,StreamingTV
6728-VOIFY,StreamingMovies
6728-VOIFY,InternetService_Fiber
9317-WZPGV,PhoneService
9317-WZPGV,StreamingMovies
9317-WZPGV,InternetService_Fiber
4891-NLUBA,OnlineBackup
4891-NLUBA,DeviceProtection
4891-NLUBA,TechSupport
4891-NLUBA,StreamingTV
4891-NLUBA,StreamingMovies
4891-NLUBA,InternetService_DSL
2856-HYAPG,PhoneService
2856-HYAPG,InternetService_Fiber
8969-PRHFK,PhoneService
0661-KQHNK,PhoneService
8709-KRDVL,PhoneService
8709-KRDVL,MultipleLines
8709-KRDVL,OnlineBackup
8709-KRDVL,StreamingTV
8709-KRDVL,StreamingMovies
8709-KRDVL,InternetService_Fiber
4488-PSYCG,PhoneService
1427-VERSM,PhoneService
1427-VERSM,DeviceProtection
1427-VERSM,TechSupport
1427-VERSM,StreamingTV
1427-VERSM,StreamingMovies
1427-VERSM,InternetService_Fiber
9801-NOSHQ,PhoneService
6339-YPSAH,PhoneService
6339-YPSAH,DeviceProtection
6339-YPSAH,InternetService_Fiber
3621-CEOVK,PhoneService
3621-CEOVK,MultipleLines
3621-CEOVK,OnlineBackup
3621-CEOVK,StreamingTV
3621-CEOVK,StreamingMovies
3621-CEOVK,InternetService_Fiber
6906-ANDWJ,PhoneService
6906-ANDWJ,MultipleLines
6906-ANDWJ,InternetService_Fiber
2159-TURXX,PhoneService
1548-FEHVL,PhoneService
1548-FEHVL,MultipleLines
1548-FEHVL,OnlineSecurity
1548-FEHVL,OnlineBackup
1548-FEHVL,StreamingTV
1548-FEHVL,StreamingMovies
1548-FEHVL,InternetService_Fiber
3795-CAWEX,PhoneService
3795-CAWEX,MultipleLines
3795-CAWEX,OnlineSecurity
3795-CAWEX,OnlineBackup
3795-CAWEX,DeviceProtection
3795-CAWEX,TechSupport
3795-CAWEX,StreamingTV
3795-CAWEX,StreamingMovies
3795-CAWEX,InternetService_Fiber
6215-NQCPY,PhoneService
6215-NQCPY,MultipleLines
6215-NQCPY,OnlineSecurity
6215-NQCPY,StreamingTV
6215-NQCPY,StreamingMovies
6215-NQCPY,InternetService_Fiber
5647-URDKA,PhoneService
2229-DPMBI,PhoneService
9626-WEQRM,OnlineSecurity
9626-WEQRM,InternetService_DSL
2188-SXWVT,PhoneService
2188-SXWVT,OnlineSecurity
2188-SXWVT,OnlineBackup
2188-SXWVT,InternetService_DSL
6258-PVZWJ,PhoneService
6258-PVZWJ,MultipleLines
6258-PVZWJ,OnlineSecurity
6258-PVZWJ,OnlineBackup
6258-PVZWJ,DeviceProtection
6258-PVZWJ,TechSupport
6258-PVZWJ,StreamingTV
6258-PVZWJ,StreamingMovies
6258-PVZWJ,InternetService_DSL
1094-BKOSX,OnlineBackup
1094-BKOSX,DeviceProtection
1094-BKOSX,TechSupport
1094-BKOSX,StreamingMovies
1094-BKOSX,InternetService_DSL
6969-MVBAI,PhoneService
6969-MVBAI,MultipleLines
6969-MVBAI,DeviceProtection
6969-MVBAI,StreamingTV
6969-MVBAI,InternetService_Fiber
2978-XXSOG,PhoneService
2978-XXSOG,MultipleLines
2978-XXSOG,OnlineSecurity
2978-XXSOG,TechSupport
2978-XXSOG,InternetService_DSL
2342-CKIAO,PhoneService
6953-PBDIN,PhoneService
6953-PBDIN,MultipleLines
6953-PBDIN,OnlineBackup
6953-PBDIN,DeviceProtection
6953-PBDIN,TechSupport
6953-PBDIN,StreamingTV
6953-PBDIN,InternetService_DSL
3898-BSJYF,PhoneService
3898-BSJYF,MultipleLines
3898-BSJYF,OnlineSecurity
3898-BSJYF,DeviceProtection
3898-BSJYF,TechSupport
3898-BSJYF,StreamingMovies
3898-BSJYF,InternetService_DSL
3938-YFPXD,PhoneService
3938-YFPXD,MultipleLines
3938-YFPXD,OnlineSecurity
3938-YFPXD,DeviceProtection
3938-YFPXD,TechSupport
3938-YFPXD,StreamingTV
3938-YFPXD,StreamingMovies
3938-YFPXD,InternetService_DSL
7696-AMHOD,PhoneService
7696-AMHOD,OnlineBackup
7696-AMHOD,DeviceProtection
7696-AMHOD,StreamingTV
7696-AMHOD,StreamingMovies
7696-AMHOD,InternetService_DSL
2453-SAFNS,PhoneService
2453-SAFNS,MultipleLines
2453-SAFNS,OnlineBackup
2453-SAFNS,TechSupport
2453-SAFNS,StreamingTV
2453-SAFNS,InternetService_DSL
9558-IHEZX,PhoneService
9558-IHEZX,MultipleLines
9558-IHEZX,OnlineSecurity
9558-IHEZX,OnlineBackup
9558-IHEZX,DeviceProtection
9558-IHEZX,StreamingTV
9558-IHEZX,StreamingMovies
9558-IHEZX,InternetService_Fiber
9617-UDPEU,PhoneService
6340-DACFT,PhoneService
4955-VCWBI,PhoneService
6813-GZQCG,PhoneService
6813-GZQCG,MultipleLines
7426-GSWPO,PhoneService
7426-GSWPO,MultipleLines
7426-GSWPO,OnlineSecurity
7426-GSWPO,OnlineBackup
7426-GSWPO,StreamingTV
7426-GSWPO,StreamingMovies
7426-GSWPO,InternetService_Fiber
3389-KTRXV,PhoneService
3389-KTRXV,MultipleLines
3118-UHVVQ,PhoneService
3118-UHVVQ,MultipleLines
1031-IIDEO,PhoneService
1031-IIDEO,InternetService_Fiber
5832-XKAES,PhoneService
5832-XKAES,InternetService_Fiber
3205-MXZRA,PhoneService
3205-MXZRA,TechSupport
3205-MXZRA,StreamingTV
3205-MXZRA,InternetService_DSL
4701-AHWMW,DeviceProtection
4701-AHWMW,TechSupport
4701-AHWMW,StreamingTV
4701-AHWMW,StreamingMovies
4701-AHWMW,InternetService_DSL
8317-BVKSO,PhoneService
5702-KVQRD,PhoneService
5702-KVQRD,OnlineSecurity
5702-KVQRD,DeviceProtection
5702-KVQRD,TechSupport
5702-KVQRD,StreamingTV
5702-KVQRD,StreamingMovies
5702-KVQRD,InternetService_DSL
0083-PIVIK,PhoneService
0083-PIVIK,MultipleLines
0083-PIVIK,OnlineSecurity
0083-PIVIK,OnlineBackup
0083-PIVIK,DeviceProtection
0083-PIVIK,TechSupport
0083-PIVIK,StreamingTV
0083-PIVIK,InternetService_DSL
9210-IAHGH,PhoneService
9210-IAHGH,TechSupport
9210-IAHGH,StreamingTV
9210-IAHGH,StreamingMovies
9210-IAHGH,InternetService_DSL
6169-PGNCD,PhoneService
6169-PGNCD,OnlineSecurity
6169-PGNCD,OnlineBackup
6169-PGNCD,DeviceProtection
6169-PGNCD,TechSupport
6169-PGNCD,StreamingTV
6169-PGNCD,InternetService_DSL
0023-XUOPT,PhoneService
0023-XUOPT,MultipleLines
0023-XUOPT,OnlineBackup
0023-XUOPT,DeviceProtection
0023-XUOPT,StreamingTV
0023-XUOPT,InternetService_Fiber
4592-IWTJI,OnlineSecurity
4592-IWTJI,InternetService_DSL
4909-JOUPP,PhoneService
4909-JOUPP,MultipleLines
4909-JOUPP,OnlineBackup
4909-JOUPP,DeviceProtection
4909-JOUPP,TechSupport
4909-JOUPP,StreamingTV
4909-JOUPP,StreamingMovies
4909-JOUPP,InternetService_Fiber
4657-FWVFY,PhoneService
4657-FWVFY,MultipleLines
4657-FWVFY,OnlineBackup
4657-FWVFY,DeviceProtection
4657-FWVFY,StreamingTV
4657-FWVFY,InternetService_Fiber
2257-BOVXD,PhoneService
2257-BOVXD,MultipleLines
2257-BOVXD,TechSupport
2257-BOVXD,StreamingTV
2257-BOVXD,InternetService_DSL
7729-JTEEC,PhoneService
7729-JTEEC,InternetService_DSL
7632-MNYOY,PhoneService
7632-MNYOY,MultipleLines
7632-MNYOY,OnlineBackup
7632-MNYOY,DeviceProtection
7632-MNYOY,TechSupport
7632-MNYOY,StreamingTV
7632-MNYOY,StreamingMovies
7632-MNYOY,InternetService_Fiber
6518-LGAOV,PhoneService
6518-LGAOV,MultipleLines
6518-LGAOV,DeviceProtection
6518-LGAOV,TechSupport
6518-LGAOV,StreamingTV
6518-LGAOV,StreamingMovies
6518-LGAOV,InternetService_Fiber
7242-QZLXF,InternetService_DSL
4576-CSAJH,PhoneService
4576-CSAJH,OnlineBackup
4576-CSAJH,TechSupport
4576-CSAJH,InternetService_DSL
1000-AJSLD,PhoneService
9696-RMYBA,PhoneService
9696-RMYBA,StreamingTV
9696-RMYBA,InternetService_Fiber
8690-UPCZI,PhoneService
8690-UPCZI,MultipleLines
8690-UPCZI,OnlineSecurity
8690-UPCZI,TechSupport
8690-UPCZI,StreamingTV
8690-UPCZI,InternetService_DSL
1062-LHZOD,PhoneService
1062-LHZOD,InternetService_Fiber
9770-LXDBK,PhoneService
4086-WITJG,PhoneService
8344-WFMFH,PhoneService
8344-WFMFH,OnlineBackup
8344-WFMFH,InternetService_DSL
9600-NAXZN,PhoneService
9600-NAXZN,MultipleLines
9600-NAXZN,OnlineBackup
9600-NAXZN,StreamingTV
9600-NAXZN,StreamingMovies
9600-NAXZN,InternetService_Fiber
8822-KNBHV,PhoneService
8822-KNBHV,MultipleLines
8822-KNBHV,OnlineSecurity
8822-KNBHV,OnlineBackup
8822-KNBHV,DeviceProtection
8822-KNBHV,StreamingTV
8822-KNBHV,StreamingMovies
8822-KNBHV,InternetService_DSL
8404-FYDIB,PhoneService
8404-FYDIB,MultipleLines
8404-FYDIB,OnlineSecurity
8404-FYDIB,OnlineBackup
8404-FYDIB,InternetService_Fiber
2791-SFVEW,PhoneService
6457-USBER,PhoneService
6457-USBER,StreamingMovies
6457-USBER,InternetService_Fiber
6762-NSODU,PhoneService
4662-EKDPQ,PhoneService
4662-EKDPQ,MultipleLines
4662-EKDPQ,StreamingMovies
4662-EKDPQ,InternetService_DSL
9248-OJYKK,PhoneService
9248-OJYKK,MultipleLines
9248-OJYKK,InternetService_Fiber
9888-ZCUMM,OnlineSecurity
9888-ZCUMM,DeviceProtection
9888-ZCUMM,TechSupport
9888-ZCUMM,StreamingTV
9888-ZCUMM,StreamingMovies
9888-ZCUMM,InternetService_DSL
3398-FSHON,PhoneService
3398-FSHON,MultipleLines
3398-FSHON,OnlineBackup
3398-FSHON,StreamingTV
3398-FSHON,InternetService_Fiber
3319-DWOEP,PhoneService
3319-DWOEP,DeviceProtection
3319-DWOEP,StreamingTV
3319-DWOEP,StreamingMovies
3319-DWOEP,InternetService_Fiber
1074-WVEVG,PhoneService
9979-RGMZT,PhoneService
9979-RGMZT,OnlineBackup
9979-RGMZT,StreamingTV
9979-RGMZT,StreamingMovies
9979-RGMZT,InternetService_Fiber
6437-UDQJM,PhoneService
6437-UDQJM,MultipleLines
6437-UDQJM,OnlineSecurity
6437-UDQJM,OnlineBackup
6437-UDQJM,DeviceProtection
6437-UDQJM,StreamingTV
6437-UDQJM,StreamingMovies
6437-UDQJM,InternetService_DSL
1226-IENZN,PhoneService
1226-IENZN,StreamingMovies
1226-IENZN,InternetService_Fiber
2108-GLPQB,PhoneService
2108-GLPQB,MultipleLines
2108-GLPQB,DeviceProtection
2108-GLPQB,InternetService_DSL
9259-PACGQ,PhoneService
9259-PACGQ,MultipleLines
9259-PACGQ,OnlineSecurity
9259-PACGQ,OnlineBackup
9259-PACGQ,TechSupport
9259-PACGQ,InternetService_DSL
4415-IJZTP,PhoneService
4415-IJZTP,MultipleLines
4415-IJZTP,InternetService_Fiber
1465-VINDH,PhoneService
1465-VINDH,MultipleLines
1465-VINDH,OnlineBackup
1465-VINDH,DeviceProtection
1465-VINDH,StreamingTV
1465-VINDH,StreamingMovies
1465-VINDH,InternetService_Fiber
5474-LAMUQ,PhoneService
3468-DRVQJ,PhoneService
3468-DRVQJ,MultipleLines
3468-DRVQJ,OnlineSecurity
3468-DRVQJ,OnlineBackup
3468-DRVQJ,StreamingTV
3468-DRVQJ,InternetService_DSL
1122-YJBCS,PhoneService
1122-YJBCS,OnlineSecurity
1122-YJBCS,OnlineBackup
1122-YJBCS,InternetService_DSL
4990-ALDGW,PhoneService
4816-OKWNX,PhoneService
4816-OKWNX,OnlineBackup
4816-OKWNX,DeviceProtection
4816-OKWNX,TechSupport
4816-OKWNX,StreamingTV
4816-OKWNX,StreamingMovies
4816-OKWNX,InternetService_Fiber
3315-IKYZQ,OnlineSecurity
3315-IKYZQ,DeviceProtection
3315-IKYZQ,TechSupport
3315-IKYZQ,StreamingTV
3315-IKYZQ,InternetService_DSL
2810-FTLEM,PhoneService
2810-FTLEM,OnlineSecurity
2810-FTLEM,InternetService_DSL
4747-LCAQL,PhoneService
4747-LCAQL,OnlineSecurity
4747-LCAQL,OnlineBackup
4747-LCAQL,TechSupport
4747-LCAQL,StreamingTV
4747-LCAQL,StreamingMovies
4747-LCAQL,InternetService_DSL
3411-WLRSQ,PhoneService
3411-WLRSQ,OnlineBackup
3411-WLRSQ,InternetService_Fiber
0898-XCGTF,PhoneService
0898-XCGTF,MultipleLines
0898-XCGTF,StreamingTV
0898-XCGTF,StreamingMovies
0898-XCGTF,InternetService_Fiber
8006-PYCSW,PhoneService
8249-THVEC,PhoneService
8722-PRFDV,PhoneService
8722-PRFDV,OnlineSecurity
8722-PRFDV,DeviceProtection
8722-PRFDV,StreamingTV
8722-PRFDV,StreamingMovies
8722-PRFDV,InternetService_DSL
2164-SOQXL,PhoneService
4020-KIUDI,PhoneService
5850-BDWCY,PhoneService
2038-YSEZE,PhoneService
2038-YSEZE,MultipleLines
2038-YSEZE,OnlineSecurity
2038-YSEZE,OnlineBackup
2038-YSEZE,TechSupport
2038-YSEZE,InternetService_DSL
0827-ITJPH,PhoneService
8799-OXZMD,DeviceProtection
8799-OXZMD,InternetService_DSL
1925-TIBLE,PhoneService
1925-TIBLE,MultipleLines
1925-TIBLE,StreamingTV
1925-TIBLE,InternetService_Fiber
1705-GUHPV,PhoneService
1705-GUHPV,MultipleLines
4779-ZGICK,PhoneService
4779-ZGICK,MultipleLines
0048-PIHNL,PhoneService
0818-OCPZO,PhoneService
0818-OCPZO,MultipleLines
0818-OCPZO,OnlineBackup
0818-OCPZO,InternetService_Fiber
3967-KXAPS,PhoneService
3967-KXAPS,MultipleLines
3967-KXAPS,OnlineSecurity
3967-KXAPS,OnlineBackup
3967-KXAPS,DeviceProtection
3967-KXAPS,TechSupport
3967-KXAPS,StreamingTV
3967-KXAPS,StreamingMovies
3967-KXAPS,InternetService_DSL
1447-GIQMR,PhoneService
1447-GIQMR,InternetService_Fiber
3704-IEAXF,OnlineBackup
3704-IEAXF,TechSupport
3704-IEAXF,StreamingTV
3704-IEAXF,StreamingMovies
3704-IEAXF,InternetService_DSL
6810-VCAEX,OnlineSecurity
6810-VCAEX,OnlineBackup
6810-VCAEX,TechSupport
6810-VCAEX,InternetService_DSL
0674-EYYZV,PhoneService
0674-EYYZV,StreamingTV
0674-EYYZV,InternetService_DSL
4480-MBMLB,PhoneService
4480-MBMLB,MultipleLines
4480-MBMLB,OnlineBackup
4480-MBMLB,DeviceProtection
4480-MBMLB,StreamingTV
4480-MBMLB,StreamingMovies
4480-MBMLB,InternetService_Fiber
1395-OFUWC,OnlineBackup
1395-OFUWC,InternetService_DSL
0822-QGCXA,PhoneService
0822-QGCXA,MultipleLines
0822-QGCXA,OnlineBackup
0822-QGCXA,DeviceProtection
0822-QGCXA,TechSupport
0822-QGCXA,StreamingTV
0822-QGCXA,StreamingMovies
0822-QGCXA,InternetService_DSL
0872-NXJYS,PhoneService
0872-NXJYS,StreamingMovies
0872-NXJYS,InternetService_Fiber
2832-KJCRD,PhoneService
2832-KJCRD,MultipleLines
2832-KJCRD,DeviceProtection
2832-KJCRD,TechSupport
2832-KJCRD,StreamingTV
2832-KJCRD,StreamingMovies
2832-KJCRD,InternetService_Fiber
3588-WSTTJ,PhoneService
3588-WSTTJ,MultipleLines
3588-WSTTJ,OnlineSecurity
3588-WSTTJ,StreamingTV
3588-WSTTJ,StreamingMovies
3588-WSTTJ,InternetService_Fiber
4075-WKNIU,PhoneService
4075-WKNIU,MultipleLines
4075-WKNIU,OnlineBackup
4075-WKNIU,DeviceProtection
4075-WKNIU,TechSupport
4075-WKNIU,StreamingTV
4075-WKNIU,InternetService_DSL
5090-EMGTC,PhoneService
5090-EMGTC,OnlineBackup
5090-EMGTC,TechSupport
5090-EMGTC,StreamingTV
5090-EMGTC,StreamingMovies
5090-EMGTC,InternetService_Fiber
2346-CZYIL,PhoneService
3798-EPWRR,PhoneService
3798-EPWRR,InternetService_DSL
6258-NGCNG,PhoneService
6258-NGCNG,MultipleLines
4186-ZBUEW,PhoneService
4186-ZBUEW,MultipleLines
4186-ZBUEW,OnlineBackup
4186-ZBUEW,TechSupport
4186-ZBUEW,StreamingMovies
4186-ZBUEW,InternetService_DSL
5274-XHAKY,PhoneService
5274-XHAKY,MultipleLines
5274-XHAKY,OnlineSecurity
5274-XHAKY,OnlineBackup
5274-XHAKY,StreamingTV
5274-XHAKY,InternetService_Fiber
1442-BQPVU,OnlineBackup
1442-BQPVU,InternetService_DSL
3978-YNKDD,PhoneService
4940-KHCWD,OnlineSecurity
4940-KHCWD,OnlineBackup
4940-KHCWD,TechSupport
4940-KHCWD,InternetService_DSL
9412-ARGBX,PhoneService
9412-ARGBX,OnlineBackup
9412-ARGBX,DeviceProtection
9412-ARGBX,TechSupport
9412-ARGBX,StreamingTV
9412-ARGBX,InternetService_Fiber
1389-CXMLU,PhoneService
1389-CXMLU,MultipleLines
1389-CXMLU,DeviceProtection
1389-CXMLU,StreamingTV
1389-CXMLU,InternetService_Fiber
9589-ABEPT,PhoneService
9589-ABEPT,MultipleLines
9589-ABEPT,OnlineBackup
9589-ABEPT,TechSupport
9589-ABEPT,StreamingTV
9589-ABEPT,InternetService_Fiber
9388-ZEYVT,DeviceProtection
9388-ZEYVT,TechSupport
9388-ZEYVT,StreamingMovies
9388-ZEYVT,InternetService_DSL
0305-SQECB,OnlineSecurity
0305-SQECB,TechSupport
0305-SQECB,InternetService_DSL
7605-SNLQG,PhoneService
7605-SNLQG,DeviceProtection
7605-SNLQG,InternetService_DSL
4670-TABXH,PhoneService
4670-TABXH,MultipleLines
4670-TABXH,OnlineBackup
4670-TABXH,DeviceProtection
4670-TABXH,TechSupport
4670-TABXH,StreamingTV
4670-TABXH,StreamingMovies
4670-TABXH,InternetService_Fiber
5561-NWEVX,PhoneService
5561-NWEVX,MultipleLines
5561-NWEVX,DeviceProtection
5561-NWEVX,InternetService_Fiber
0064-SUDOG,PhoneService
8561-NMTBD,PhoneService
8561-NMTBD,MultipleLines
8561-NMTBD,OnlineBackup
8561-NMTBD,DeviceProtection
8561-NMTBD,TechSupport
8561-NMTBD,StreamingTV
8561-NMTBD,StreamingMovies
8561-NMTBD,InternetService_Fiber
5161-XEUVX,PhoneService
5161-XEUVX,MultipleLines
5161-XEUVX,DeviceProtection
5161-XEUVX,TechSupport
5161-XEUVX,StreamingTV
5161-XEUVX,InternetService_Fiber
8292-FRFZQ,OnlineSecurity
8292-FRFZQ,OnlineBackup
8292-FRFZQ,TechSupport
8292-FRFZQ,InternetService_DSL
8591-NXRCV,PhoneService
8591-NXRCV,MultipleLines
8591-NXRCV,OnlineSecurity
8591-NXRCV,DeviceProtection
8591-NXRCV,TechSupport
8591-NXRCV,StreamingMovies
8591-NXRCV,InternetService_DSL
7895-VONWT,DeviceProtection
7895-VONWT,StreamingTV
7895-VONWT,StreamingMovies
7895-VONWT,InternetService_DSL
4526-RMTLL,PhoneService
4526-RMTLL,MultipleLines
4526-RMTLL,OnlineSecurity
4526-RMTLL,OnlineBackup
4526-RMTLL,TechSupport
4526-RMTLL,StreamingMovies
4526-RMTLL,InternetService_DSL
6253-GNHWH,PhoneService
6253-GNHWH,MultipleLines
6253-GNHWH,OnlineSecurity
6253-GNHWH,OnlineBackup
6253-GNHWH,DeviceProtection
6253-GNHWH,TechSupport
6253-GNHWH,InternetService_DSL
4566-NECEV,PhoneService
4566-NECEV,MultipleLines
4566-NECEV,OnlineBackup
4566-NECEV,DeviceProtection
4566-NECEV,StreamingMovies
4566-NECEV,InternetService_Fiber
8080-POTJR,PhoneService
8080-POTJR,MultipleLines
8080-POTJR,OnlineSecurity
8080-POTJR,DeviceProtection
8080-POTJR,StreamingTV
8080-POTJR,StreamingMovies
8080-POTJR,InternetService_DSL
6906-MPARY,PhoneService
6906-MPARY,OnlineBackup
6906-MPARY,TechSupport
6906-MPARY,StreamingMovies
6906-MPARY,InternetService_Fiber
3662-FXJFO,PhoneService
8107-RZLNV,PhoneService
8107-RZLNV,MultipleLines
8107-RZLNV,OnlineBackup
8107-RZLNV,DeviceProtection
8107-RZLNV,StreamingTV
8107-RZLNV,StreamingMovies
8107-RZLNV,InternetService_Fiber
0516-OOHAR,PhoneService
0516-OOHAR,OnlineBackup
0516-OOHAR,DeviceProtection
0516-OOHAR,StreamingTV
0516-OOHAR,StreamingMovies
0516-OOHAR,InternetService_Fiber
2027-CWDNU,PhoneService
2027-CWDNU,TechSupport
2027-CWDNU,StreamingMovies
2027-CWDNU,InternetService_Fiber
2737-WFVYW,StreamingTV
2737-WFVYW,StreamingMovies
2737-WFVYW,InternetService_DSL
9912-OMZDS,PhoneService
9912-OMZDS,MultipleLines
9912-OMZDS,OnlineBackup
9912-OMZDS,DeviceProtection
9912-OMZDS,StreamingTV
9912-OMZDS,StreamingMovies
9912-OMZDS,InternetService_Fiber
3733-ZEECP,PhoneService
3733-ZEECP,TechSupport
3733-ZEECP,InternetService_DSL
7878-RTCZG,PhoneService
2452-MRMZF,PhoneService
2452-MRMZF,MultipleLines
2272-QAGFO,PhoneService
2272-QAGFO,MultipleLines
2272-QAGFO,InternetService_Fiber
7103-IPXPJ,PhoneService
7103-IPXPJ,MultipleLines
7103-IPXPJ,TechSupport
7103-IPXPJ,StreamingTV
7103-IPXPJ,StreamingMovies
7103-IPXPJ,InternetService_Fiber
4342-HFXWS,PhoneService
4342-HFXWS,OnlineSecurity
4342-HFXWS,DeviceProtection
4342-HFXWS,TechSupport
4342-HFXWS,StreamingTV
4342-HFXWS,InternetService_DSL
3545-CNWRG,PhoneService
3545-CNWRG,MultipleLines
3545-CNWRG,OnlineBackup
3545-CNWRG,StreamingTV
3545-CNWRG,StreamingMovies
3545-CNWRG,InternetService_Fiber
1785-BPHTP,PhoneService
1785-BPHTP,DeviceProtection
1785-BPHTP,StreamingTV
1785-BPHTP,InternetService_Fiber
4989-LIXVT,PhoneService
4989-LIXVT,MultipleLines
4989-LIXVT,OnlineBackup
4989-LIXVT,DeviceProtection
4989-LIXVT,StreamingMovies
4989-LIXVT,InternetService_Fiber
7315-WYOAW,PhoneService
7315-WYOAW,MultipleLines
7315-WYOAW,TechSupport
7315-WYOAW,StreamingTV
7315-WYOAW,StreamingMovies
7315-WYOAW,InternetService_Fiber
1173-XZPYF,PhoneService
1173-XZPYF,MultipleLines
1173-XZPYF,DeviceProtection
1173-XZPYF,StreamingTV
1173-XZPYF,InternetService_Fiber
9850-OWRHQ,PhoneService
9850-OWRHQ,MultipleLines
9850-OWRHQ,InternetService_Fiber
3768-NLUBH,PhoneService
3768-NLUBH,MultipleLines
3768-NLUBH,DeviceProtection
3768-NLUBH,StreamingTV
3768-NLUBH,StreamingMovies
3768-NLUBH,InternetService_Fiber
8676-TRMJS,PhoneService
8676-TRMJS,MultipleLines
8676-TRMJS,InternetService_Fiber
2509-TFPJU,PhoneService
2509-TFPJU,MultipleLines
9530-GRMJG,PhoneService
9530-GRMJG,MultipleLines
9530-GRMJG,OnlineBackup
9530-GRMJG,DeviceProtection
9530-GRMJG,TechSupport
9530-GRMJG,StreamingTV
9530-GRMJG,StreamingMovies
9530-GRMJG,InternetService_DSL
6898-RBTLU,PhoneService
6898-RBTLU,MultipleLines
6898-RBTLU,OnlineBackup
6898-RBTLU,TechSupport
6898-RBTLU,StreamingTV
6898-RBTLU,StreamingMovies
6898-RBTLU,InternetService_DSL
5481-NTDOH,PhoneService
5481-NTDOH,MultipleLines
5481-NTDOH,OnlineSecurity
5481-NTDOH,DeviceProtection
5481-NTDOH,StreamingTV
5481-NTDOH,StreamingMovies
5481-NTDOH,InternetService_Fiber
2068-WWXQZ,PhoneService
7359-SSBJK,PhoneService
7359-SSBJK,OnlineSecurity
7359-SSBJK,OnlineBackup
7359-SSBJK,TechSupport
7359-SSBJK,StreamingTV
7359-SSBJK,InternetService_DSL
2061-VVFST,PhoneService
0685-MLYYM,PhoneService
0685-MLYYM,InternetService_Fiber
0749-IRGQE,StreamingTV
0749-IRGQE,StreamingMovies
0749-IRGQE,InternetService_DSL
2380-DAMQP,PhoneService
2380-DAMQP,MultipleLines
2380-DAMQP,OnlineSecurity
2380-DAMQP,OnlineBackup
2380-DAMQP,DeviceProtection
2380-DAMQP,TechSupport
2380-DAMQP,StreamingTV
2380-DAMQP,StreamingMovies
2380-DAMQP,InternetService_Fiber
2256-YLYLP,PhoneService
2256-YLYLP,DeviceProtection
2256-YLYLP,TechSupport
2256-YLYLP,StreamingTV
2256-YLYLP,StreamingMovies
2256-YLYLP,InternetService_DSL
1272-ILHFG,PhoneService
0164-XAIRP,PhoneService
5666-CYCYZ,PhoneService
5666-CYCYZ,MultipleLines
5666-CYCYZ,TechSupport
5666-CYCYZ,StreamingMovies
5666-CYCYZ,InternetService_Fiber
4011-ARPHK,PhoneService
4011-ARPHK,OnlineSecurity
4011-ARPHK,InternetService_DSL
8182-PNAGI,PhoneService
8182-PNAGI,TechSupport
8182-PNAGI,InternetService_DSL
6365-HITVU,PhoneService
6365-HITVU,OnlineSecurity
6365-HITVU,OnlineBackup
6365-HITVU,DeviceProtection
6365-HITVU,TechSupport
6365-HITVU,StreamingTV
6365-HITVU,StreamingMovies
6365-HITVU,InternetService_DSL
7558-IMLMT,PhoneService
9488-FYQAU,PhoneService
9488-FYQAU,MultipleLines
9488-FYQAU,OnlineBackup
9488-FYQAU,DeviceProtection
9488-FYQAU,TechSupport
9488-FYQAU,StreamingTV
9488-FYQAU,StreamingMovies
9488-FYQAU,InternetService_Fiber
3590-TCXTB,PhoneService
6994-KERXL,PhoneService
6994-KERXL,StreamingMovies
6994-KERXL,InternetService_DSL
7957-RYHQD,PhoneService
7957-RYHQD,OnlineSecurity
7957-RYHQD,OnlineBackup
7957-RYHQD,InternetService_Fiber
2180-DXNEG,PhoneService
2180-DXNEG,DeviceProtection
2180-DXNEG,StreamingTV
2180-DXNEG,StreamingMovies
2180-DXNEG,InternetService_Fiber
1960-UOTYM,PhoneService
1960-UOTYM,OnlineSecurity
1960-UOTYM,OnlineBackup
1960-UOTYM,DeviceProtection
1960-UOTYM,StreamingTV
1960-UOTYM,StreamingMovies
1960-UOTYM,InternetService_DSL
2740-JFBOK,PhoneService
2740-JFBOK,MultipleLines
6500-JVEGC,PhoneService
6500-JVEGC,MultipleLines
6500-JVEGC,OnlineSecurity
6500-JVEGC,OnlineBackup
6500-JVEGC,DeviceProtection
6500-JVEGC,StreamingTV
6500-JVEGC,InternetService_Fiber
5515-AKOAJ,PhoneService
5515-AKOAJ,MultipleLines
5515-AKOAJ,TechSupport
5515-AKOAJ,StreamingTV
5515-AKOAJ,StreamingMovies
5515-AKOAJ,InternetService_Fiber
8976-OQHGT,PhoneService
8976-OQHGT,OnlineBackup
8976-OQHGT,TechSupport
8976-OQHGT,InternetService_DSL
5245-VDBUR,OnlineSecurity
5245-VDBUR,DeviceProtection
5245-VDBUR,InternetService_DSL
6230-BSUXY,PhoneService
6230-BSUXY,DeviceProtection
6230-BSUXY,StreamingMovies
6230-BSUXY,InternetService_Fiber
8469-SNFFH,PhoneService
8469-SNFFH,MultipleLines
8469-SNFFH,OnlineSecurity
8469-SNFFH,OnlineBackup
8469-SNFFH,DeviceProtection
8469-SNFFH,TechSupport
8469-SNFFH,StreamingTV
8469-SNFFH,InternetService_DSL
2144-ESWKO,OnlineSecurity
2144-ESWKO,DeviceProtection
2144-ESWKO,InternetService_DSL
1241-FPMOF,PhoneService
9928-BZVLZ,OnlineSecurity
9928-BZVLZ,DeviceProtection
9928-BZVLZ,TechSupport
9928-BZVLZ,StreamingMovies
9928-BZVLZ,InternetService_DSL
4114-QMKVN,PhoneService
4114-QMKVN,MultipleLines
4114-QMKVN,OnlineSecurity
4114-QMKVN,OnlineBackup
4114-QMKVN,StreamingMovies
4114-QMKVN,InternetService_DSL
2775-SEFEE,PhoneService
2775-SEFEE,MultipleLines
2775-SEFEE,OnlineSecurity
2775-SEFEE,OnlineBackup
2775-SEFEE,TechSupport
2775-SEFEE,InternetService_DSL
9003-CPATH,PhoneService
9003-CPATH,MultipleLines
9003-CPATH,DeviceProtection
9003-CPATH,InternetService_Fiber
1754-GKYPY,PhoneService
1754-GKYPY,StreamingTV
1754-GKYPY,StreamingMovies
1754-GKYPY,InternetService_Fiber
5294-CDGWY,OnlineSecurity
5294-CDGWY,OnlineBackup
5294-CDGWY,DeviceProtection
5294-CDGWY,StreamingTV
5294-CDGWY,StreamingMovies
5294-CDGWY,InternetService_DSL
7956-XQWGU,PhoneService
1591-MQJTP,PhoneService
1591-MQJTP,MultipleLines
1591-MQJTP,OnlineSecurity
1591-MQJTP,DeviceProtection
1591-MQJTP,StreamingMovies
1591-MQJTP,InternetService_Fiber
5295-PCJOO,PhoneService
5295-PCJOO,OnlineSecurity
5295-PCJOO,InternetService_DSL
2369-FEVNO,PhoneService
9863-JZAIC,PhoneService
9863-JZAIC,StreamingTV
9863-JZAIC,InternetService_DSL
7471-MQPOS,PhoneService
7471-MQPOS,MultipleLines
7471-MQPOS,OnlineBackup
7471-MQPOS,DeviceProtection
7471-MQPOS,TechSupport
7471-MQPOS,StreamingMovies
7471-MQPOS,InternetService_DSL
7660-HDPJV,PhoneService
7660-HDPJV,InternetService_Fiber
5115-SQAAU,PhoneService
5115-SQAAU,MultipleLines
9845-QOMAD,PhoneService
7672-VFMXZ,PhoneService
7672-VFMXZ,OnlineSecurity
7672-VFMXZ,TechSupport
7672-VFMXZ,InternetService_DSL
9739-JLPQJ,PhoneService
9739-JLPQJ,MultipleLines
9739-JLPQJ,OnlineSecurity
9739-JLPQJ,OnlineBackup
9739-JLPQJ,DeviceProtection
9739-JLPQJ,TechSupport
9739-JLPQJ,StreamingTV
9739-JLPQJ,StreamingMovies
9739-JLPQJ,InternetService_Fiber
9916-AYHTC,PhoneService
3855-ONCAR,PhoneService
3855-ONCAR,StreamingTV
3855-ONCAR,InternetService_Fiber
1488-SYSFC,PhoneService
7931-PXHFC,PhoneService
7931-PXHFC,DeviceProtection
7931-PXHFC,TechSupport
7931-PXHFC,StreamingMovies
7931-PXHFC,InternetService_DSL
3990-QYKBE,PhoneService
3990-QYKBE,MultipleLines
3990-QYKBE,StreamingTV
3990-QYKBE,StreamingMovies
3990-QYKBE,InternetService_Fiber
0970-QXPXW,PhoneService
3259-KNMRR,PhoneService
3259-KNMRR,MultipleLines
3259-KNMRR,OnlineBackup
3259-KNMRR,DeviceProtection
3259-KNMRR,StreamingTV
3259-KNMRR,StreamingMovies
3259-KNMRR,InternetService_DSL
6120-RJKLU,PhoneService
6120-RJKLU,OnlineSecurity
6120-RJKLU,DeviceProtection
6120-RJKLU,TechSupport
6120-RJKLU,StreamingTV
6120-RJKLU,StreamingMovies
6120-RJKLU,InternetService_DSL
9572-WUKSB,TechSupport
9572-WUKSB,InternetService_DSL
5893-KCLGT,PhoneService
0076-LVEPS,OnlineSecurity
0076-LVEPS,OnlineBackup
0076-LVEPS,DeviceProtection
0076-LVEPS,TechSupport
0076-LVEPS,InternetService_DSL
3640-JQGJG,PhoneService
3640-JQGJG,InternetService_DSL
4919-MOAVT,PhoneService
4919-MOAVT,InternetService_Fiber
1596-OQSPS,PhoneService
1596-OQSPS,OnlineBackup
1596-OQSPS,InternetService_DSL
9867-XOBQA,OnlineSecurity
9867-XOBQA,OnlineBackup
9867-XOBQA,DeviceProtection
9867-XOBQA,TechSupport
9867-XOBQA,StreamingTV
9867-XOBQA,InternetService_DSL
9546-KDTRB,PhoneService
9546-KDTRB,MultipleLines
3090-HAWSU,PhoneService
3090-HAWSU,MultipleLines
3090-HAWSU,OnlineSecurity
3090-HAWSU,DeviceProtection
3090-HAWSU,TechSupport
3090-HAWSU,StreamingTV
3090-HAWSU,StreamingMovies
3090-HAWSU,InternetService_Fiber
9820-RMCQV,PhoneService
9820-RMCQV,OnlineSecurity
9820-RMCQV,InternetService_DSL
3174-RKMOW,PhoneService
3174-RKMOW,MultipleLines
3174-RKMOW,OnlineBackup
3174-RKMOW,DeviceProtection
3174-RKMOW,TechSupport
3174-RKMOW,StreamingTV
3174-RKMOW,StreamingMovies
3174-RKMOW,InternetService_Fiber
1760-CAZHT,PhoneService
7839-QRKXN,PhoneService
8441-SHIPE,PhoneService
8441-SHIPE,MultipleLines
5204-QZXPU,DeviceProtection
5204-QZXPU,StreamingTV
5204-QZXPU,InternetService_DSL
4597-ELFTS,PhoneService
4597-ELFTS,MultipleLines
1320-GVNHT,PhoneService
1320-GVNHT,MultipleLines
1320-GVNHT,OnlineSecurity
1320-GVNHT,OnlineBackup
1320-GVNHT,DeviceProtection
1320-GVNHT,StreamingTV
1320-GVNHT,StreamingMovies
1320-GVNHT,InternetService_Fiber
1047-RNXZV,PhoneService
3541-ZNUHK,PhoneService
3541-ZNUHK,MultipleLines
3541-ZNUHK,OnlineSecurity
3541-ZNUHK,OnlineBackup
3541-ZNUHK,InternetService_Fiber
8450-JOVAH,PhoneService
8450-JOVAH,MultipleLines
8450-JOVAH,OnlineSecurity
8450-JOVAH,InternetService_DSL
8725-JEDFD,PhoneService
8725-JEDFD,InternetService_Fiber
7562-UXTPG,PhoneService
7562-UXTPG,InternetService_Fiber
8071-SBTRN,PhoneService
8071-SBTRN,MultipleLines
8071-SBTRN,OnlineSecurity
8071-SBTRN,OnlineBackup
8071-SBTRN,DeviceProtection
8071-SBTRN,StreamingTV
8071-SBTRN,StreamingMovies
8071-SBTRN,InternetService_Fiber
1113-IUJYX,PhoneService
1113-IUJYX,OnlineSecurity
1113-IUJYX,OnlineBackup
1113-IUJYX,TechSupport
1113-IUJYX,StreamingTV
1113-IUJYX,StreamingMovies
1113-IUJYX,InternetService_Fiber
6668-CNMFP,PhoneService
6668-CNMFP,MultipleLines
6668-CNMFP,TechSupport
6668-CNMFP,StreamingMovies
6668-CNMFP,InternetService_Fiber
5626-MGTUK,PhoneService
5626-MGTUK,MultipleLines
5626-MGTUK,OnlineSecurity
5626-MGTUK,StreamingTV
5626-MGTUK,InternetService_Fiber
5681-LLOEI,PhoneService
5681-LLOEI,MultipleLines
5681-LLOEI,OnlineSecurity
5681-LLOEI,DeviceProtection
5681-LLOEI,TechSupport
5681-LLOEI,InternetService_Fiber
8212-DJRCH,PhoneService
8212-DJRCH,OnlineSecurity
8212-DJRCH,DeviceProtection
8212-DJRCH,StreamingMovies
8212-DJRCH,InternetService_Fiber
4323-OHFOW,PhoneService
4323-OHFOW,MultipleLines
4323-OHFOW,OnlineBackup
4323-OHFOW,TechSupport
4323-OHFOW,StreamingTV
4323-OHFOW,StreamingMovies
4323-OHFOW,InternetService_Fiber
4933-BSAIP,PhoneService
2030-BTZRO,PhoneService
1116-DXXDF,PhoneService
1116-DXXDF,OnlineSecurity
1116-DXXDF,DeviceProtection
1116-DXXDF,StreamingTV
1116-DXXDF,StreamingMovies
1116-DXXDF,InternetService_Fiber
9274-CNFMO,PhoneService
9274-CNFMO,MultipleLines
9274-CNFMO,InternetService_Fiber
7758-XKCBS,TechSupport
7758-XKCBS,InternetService_DSL
8992-JQYUN,DeviceProtection
8992-JQYUN,StreamingTV
8992-JQYUN,StreamingMovies
8992-JQYUN,InternetService_DSL
6563-VNPMN,PhoneService
6563-VNPMN,OnlineSecurity
6563-VNPMN,OnlineBackup
6563-VNPMN,TechSupport
6563-VNPMN,InternetService_Fiber
0617-AQNWT,OnlineSecurity
0617-AQNWT,DeviceProtection
0617-AQNWT,TechSupport
0617-AQNWT,StreamingMovies
0617-AQNWT,InternetService_DSL
2267-WTPYD,PhoneService
2267-WTPYD,MultipleLines
2267-WTPYD,OnlineBackup
2267-WTPYD,DeviceProtection
2267-WTPYD,StreamingMovies
2267-WTPYD,InternetService_Fiber
0270-THENM,PhoneService
0270-THENM,MultipleLines
0270-THENM,OnlineSecurity
0270-THENM,OnlineBackup
0270-THENM,DeviceProtection
0270-THENM,TechSupport
0270-THENM,InternetService_DSL
2446-PLQVO,PhoneService
2446-PLQVO,InternetService_Fiber
4707-MAXGU,PhoneService
4707-MAXGU,MultipleLines
2710-WYVXG,PhoneService
2710-WYVXG,OnlineSecurity
2710-WYVXG,OnlineBackup
2710-WYVXG,TechSupport
2710-WYVXG,StreamingMovies
2710-WYVXG,InternetService_DSL
3005-NFMTA,PhoneService
3005-NFMTA,MultipleLines
3005-NFMTA,OnlineSecurity
3005-NFMTA,StreamingTV
3005-NFMTA,StreamingMovies
3005-NFMTA,InternetService_Fiber
6300-BWMJX,PhoneService
6300-BWMJX,MultipleLines
6300-BWMJX,DeviceProtection
6300-BWMJX,TechSupport
6300-BWMJX,StreamingTV
6300-BWMJX,InternetService_Fiber
8784-CGILN,PhoneService
8784-CGILN,MultipleLines
8784-CGILN,TechSupport
8784-CGILN,StreamingTV
8784-CGILN,StreamingMovies
8784-CGILN,InternetService_Fiber
5389-FFVKB,PhoneService
5389-FFVKB,StreamingMovies
5389-FFVKB,InternetService_Fiber
7009-LGECI,PhoneService
7009-LGECI,OnlineSecurity
7009-LGECI,InternetService_DSL
8444-WRIDW,PhoneService
8444-WRIDW,MultipleLines
8444-WRIDW,OnlineBackup
8444-WRIDW,InternetService_Fiber
5022-KVDQT,PhoneService
5022-KVDQT,MultipleLines
5022-KVDQT,DeviceProtection
5022-KVDQT,InternetService_Fiber
7976-CICYS,PhoneService
1036-GUDCL,PhoneService
1036-GUDCL,OnlineSecurity
1036-GUDCL,OnlineBackup
1036-GUDCL,TechSupport
1036-GUDCL,StreamingTV
1036-GUDCL,StreamingMovies
1036-GUDCL,InternetService_DSL
2005-DWQZJ,PhoneService
8148-WOCMK,PhoneService
7815-PDTHL,PhoneService
9451-LPGOO,PhoneService
9451-LPGOO,MultipleLines
9451-LPGOO,StreamingMovies
9451-LPGOO,InternetService_Fiber
9173-IVZVP,PhoneService
9129-UXERG,PhoneService
9129-UXERG,MultipleLines
9129-UXERG,OnlineBackup
9129-UXERG,TechSupport
9129-UXERG,StreamingTV
9129-UXERG,StreamingMovies
9129-UXERG,InternetService_Fiber
3635-JBPSG,OnlineBackup
3635-JBPSG,StreamingMovies
3635-JBPSG,InternetService_DSL
7964-ZRKKG,PhoneService
7964-ZRKKG,MultipleLines
7964-ZRKKG,OnlineBackup
7964-ZRKKG,StreamingTV
7964-ZRKKG,InternetService_Fiber
5868-YWPDW,PhoneService
5868-YWPDW,OnlineBackup
5868-YWPDW,StreamingMovies
5868-YWPDW,InternetService_Fiber
6229-LSCKB,PhoneService
6229-LSCKB,StreamingTV
6229-LSCKB,InternetService_Fiber
2025-JKFWI,PhoneService
2025-JKFWI,MultipleLines
2025-JKFWI,TechSupport
2025-JKFWI,StreamingTV
2025-JKFWI,StreamingMovies
2025-JKFWI,InternetService_Fiber
4078-SAYYN,PhoneService
4078-SAYYN,MultipleLines
4078-SAYYN,DeviceProtection
4078-SAYYN,StreamingTV
4078-SAYYN,StreamingMovies
4078-SAYYN,InternetService_Fiber
1724-IQWNM,PhoneService
8217-QYOHV,PhoneService
8217-QYOHV,OnlineSecurity
8217-QYOHV,TechSupport
8217-QYOHV,InternetService_DSL
5546-QUERU,PhoneService
9940-HPQPG,PhoneService
9940-HPQPG,MultipleLines
9940-HPQPG,OnlineSecurity
9940-HPQPG,OnlineBackup
9940-HPQPG,DeviceProtection
9940-HPQPG,InternetService_Fiber
6897-UUBNU,PhoneService
6897-UUBNU,OnlineBackup
6897-UUBNU,TechSupport
6897-UUBNU,StreamingTV
6897-UUBNU,InternetService_Fiber
6127-IYJOZ,PhoneService
6127-IYJOZ,InternetService_DSL
6618-RYATB,PhoneService
6618-RYATB,MultipleLines
6618-RYATB,DeviceProtection
6618-RYATB,InternetService_Fiber
8930-XOTDP,PhoneService
8930-XOTDP,StreamingTV
8930-XOTDP,InternetService_DSL
5916-QEWPT,PhoneService
5916-QEWPT,DeviceProtection
5916-QEWPT,StreamingTV
5916-QEWPT,StreamingMovies
5916-QEWPT,InternetService_DSL
5060-TQUQN,PhoneService
5060-TQUQN,MultipleLines
5060-TQUQN,OnlineBackup
5060-TQUQN,TechSupport
5060-TQUQN,InternetService_Fiber
0531-XBKMM,PhoneService
0531-XBKMM,MultipleLines
0531-XBKMM,OnlineSecurity
0531-XBKMM,OnlineBackup
0531-XBKMM,TechSupport
0531-XBKMM,InternetService_DSL
8465-SBRXP,PhoneService
8465-SBRXP,MultipleLines
8465-SBRXP,DeviceProtection
8465-SBRXP,TechSupport
8465-SBRXP,StreamingTV
8465-SBRXP,InternetService_Fiber
2408-PSJVE,PhoneService
2408-PSJVE,OnlineBackup
2408-PSJVE,DeviceProtection
2408-PSJVE,TechSupport
2408-PSJVE,InternetService_DSL
9079-YEXQJ,PhoneService
9079-YEXQJ,MultipleLines
9079-YEXQJ,OnlineBackup
9079-YEXQJ,DeviceProtection
9079-YEXQJ,TechSupport
9079-YEXQJ,StreamingTV
9079-YEXQJ,StreamingMovies
9079-YEXQJ,InternetService_Fiber
9700-ZCLOT,PhoneService
8738-JOKAR,PhoneService
8738-JOKAR,OnlineSecurity
8738-JOKAR,OnlineBackup
8738-JOKAR,TechSupport
8738-JOKAR,StreamingMovies
8738-JOKAR,InternetService_DSL
4534-WGCIR,PhoneService
4534-WGCIR,MultipleLines
1930-WNXSB,PhoneService
1930-WNXSB,OnlineBackup
1930-WNXSB,StreamingTV
1930-WNXSB,StreamingMovies
1930-WNXSB,InternetService_Fiber
2685-SREOM,PhoneService
2685-SREOM,MultipleLines
2685-SREOM,DeviceProtection
2685-SREOM,StreamingMovies
2685-SREOM,InternetService_Fiber
3508-CFVZL,PhoneService
3508-CFVZL,MultipleLines
3508-CFVZL,OnlineSecurity
3508-CFVZL,OnlineBackup
3508-CFVZL,DeviceProtection
3508-CFVZL,TechSupport
3508-CFVZL,StreamingTV
3508-CFVZL,StreamingMovies
3508-CFVZL,InternetService_Fiber
0402-CQAJN,PhoneService
0402-CQAJN,MultipleLines
0402-CQAJN,OnlineBackup
0402-CQAJN,DeviceProtection
0402-CQAJN,StreamingTV
0402-CQAJN,StreamingMovies
0402-CQAJN,InternetService_Fiber
6692-UDPJC,PhoneService
6692-UDPJC,MultipleLines
6692-UDPJC,TechSupport
6692-UDPJC,StreamingTV
6692-UDPJC,InternetService_Fiber
1273-MTETI,PhoneService
1273-MTETI,MultipleLines
1273-MTETI,DeviceProtection
1273-MTETI,StreamingMovies
1273-MTETI,InternetService_Fiber
0657-DOGUM,PhoneService
0657-DOGUM,MultipleLines
0657-DOGUM,OnlineSecurity
0657-DOGUM,TechSupport
0657-DOGUM,InternetService_DSL
5480-HPRRX,InternetService_DSL
8792-AOROI,PhoneService
8792-AOROI,OnlineSecurity
8792-AOROI,TechSupport
8792-AOROI,StreamingMovies
8792-AOROI,InternetService_DSL
0295-PPHDO,PhoneService
0295-PPHDO,MultipleLines
0295-PPHDO,StreamingTV
0295-PPHDO,StreamingMovies
0295-PPHDO,InternetService_Fiber
5146-YYFRZ,PhoneService
1195-OIYEJ,PhoneService
1195-OIYEJ,StreamingTV
1195-OIYEJ,StreamingMovies
1195-OIYEJ,InternetService_Fiber
5906-CVLHP,PhoneService
5906-CVLHP,OnlineBackup
5906-CVLHP,TechSupport
5906-CVLHP,InternetService_DSL
3452-SRFEG,PhoneService
3452-SRFEG,MultipleLines
3452-SRFEG,InternetService_Fiber
4070-OKWVH,PhoneService
4070-OKWVH,MultipleLines
4070-OKWVH,OnlineBackup
4070-OKWVH,DeviceProtection
4070-OKWVH,StreamingTV
4070-OKWVH,InternetService_Fiber
5297-MDOIR,PhoneService
5297-MDOIR,OnlineSecurity
5297-MDOIR,DeviceProtection
5297-MDOIR,InternetService_Fiber
6369-MCAKO,PhoneService
6369-MCAKO,MultipleLines
6369-MCAKO,OnlineSecurity
6369-MCAKO,OnlineBackup
6369-MCAKO,DeviceProtection
6369-MCAKO,TechSupport
6369-MCAKO,StreamingTV
6369-MCAKO,StreamingMovies
6369-MCAKO,InternetService_DSL
4926-UMJZD,PhoneService
4926-UMJZD,TechSupport
4926-UMJZD,InternetService_DSL
6848-HJTXY,PhoneService
6341-AEVKX,PhoneService
6341-AEVKX,OnlineSecurity
6341-AEVKX,DeviceProtection
6341-AEVKX,TechSupport
6341-AEVKX,StreamingTV
6341-AEVKX,StreamingMovies
6341-AEVKX,InternetService_Fiber
4501-EQDRN,PhoneService
4501-EQDRN,InternetService_Fiber
2990-HWIML,PhoneService
2990-HWIML,StreamingTV
2990-HWIML,StreamingMovies
2990-HWIML,InternetService_Fiber
0682-USIXD,PhoneService
0682-USIXD,TechSupport
0682-USIXD,StreamingTV
0682-USIXD,InternetService_Fiber
6976-BWGLQ,PhoneService
6976-BWGLQ,MultipleLines
7078-NVFAM,OnlineSecurity
7078-NVFAM,OnlineBackup
7078-NVFAM,InternetService_DSL
8065-QBYTO,PhoneService
8065-QBYTO,MultipleLines
8065-QBYTO,OnlineSecurity
8065-QBYTO,OnlineBackup
8065-QBYTO,TechSupport
8065-QBYTO,StreamingTV
8065-QBYTO,InternetService_Fiber
2133-TSRRM,PhoneService
2133-TSRRM,OnlineSecurity
2133-TSRRM,OnlineBackup
2133-TSRRM,DeviceProtection
2133-TSRRM,StreamingTV
2133-TSRRM,StreamingMovies
2133-TSRRM,InternetService_Fiber
7384-GHBPI,StreamingMovies
7384-GHBPI,InternetService_DSL
7603-USHJS,PhoneService
7603-USHJS,MultipleLines
7603-USHJS,InternetService_Fiber
7234-FECYN,PhoneService
7234-FECYN,MultipleLines
7234-FECYN,DeviceProtection
7234-FECYN,StreamingTV
7234-FECYN,StreamingMovies
7234-FECYN,InternetService_Fiber
2511-ALLCS,PhoneService
2511-ALLCS,MultipleLines
3191-CSNMG,PhoneService
3191-CSNMG,StreamingTV
3191-CSNMG,InternetService_Fiber
7952-OBOYL,PhoneService
7952-OBOYL,DeviceProtection
7952-OBOYL,TechSupport
7952-OBOYL,StreamingTV
7952-OBOYL,InternetService_Fiber
7470-DYNOE,PhoneService
7470-DYNOE,DeviceProtection
7470-DYNOE,StreamingMovies
7470-DYNOE,InternetService_DSL
7853-OETYL,OnlineSecurity
7853-OETYL,InternetService_DSL
1545-ACTAS,PhoneService
1545-ACTAS,OnlineSecurity
1545-ACTAS,DeviceProtection
1545-ACTAS,StreamingTV
1545-ACTAS,StreamingMovies
1545-ACTAS,InternetService_Fiber
5876-HZVZM,PhoneService
5876-HZVZM,OnlineSecurity
5876-HZVZM,OnlineBackup
5876-HZVZM,InternetService_DSL
1400-MMYXY,PhoneService
1400-MMYXY,MultipleLines
1400-MMYXY,OnlineBackup
1400-MMYXY,DeviceProtection
1400-MMYXY,StreamingTV
1400-MMYXY,StreamingMovies
1400-MMYXY,InternetService_Fiber
5126-RCXYW,DeviceProtection
5126-RCXYW,TechSupport
5126-RCXYW,StreamingMovies
5126-RCXYW,InternetService_DSL
3085-QUOZK,PhoneService
3085-QUOZK,InternetService_DSL
2363-BJLSL,PhoneService
2363-BJLSL,OnlineBackup
2363-BJLSL,DeviceProtection
2363-BJLSL,TechSupport
2363-BJLSL,StreamingTV
2363-BJLSL,StreamingMovies
2363-BJLSL,InternetService_DSL
1956-YIFGE,PhoneService
1956-YIFGE,OnlineBackup
1956-YIFGE,DeviceProtection
1956-YIFGE,StreamingTV
1956-YIFGE,StreamingMovies
1956-YIFGE,InternetService_Fiber
3926-CUQZX,PhoneService
3926-CUQZX,InternetService_DSL
7921-LMDFQ,PhoneService
7921-LMDFQ,DeviceProtection
7921-LMDFQ,StreamingTV
7921-LMDFQ,StreamingMovies
7921-LMDFQ,InternetService_Fiber
2925-MXLSX,PhoneService
2925-MXLSX,MultipleLines
2925-MXLSX,OnlineBackup
2925-MXLSX,DeviceProtection
2925-MXLSX,StreamingTV
2925-MXLSX,InternetService_DSL
5820-PTRYM,PhoneService
5820-PTRYM,MultipleLines
5820-PTRYM,OnlineSecurity
5820-PTRYM,OnlineBackup
5820-PTRYM,DeviceProtection
5820-PTRYM,TechSupport
5820-PTRYM,InternetService_DSL
9609-BENEA,PhoneService
9609-BENEA,MultipleLines
9609-BENEA,OnlineBackup
9609-BENEA,TechSupport
9609-BENEA,StreamingTV
9609-BENEA,InternetService_DSL
6211-WHMYA,OnlineBackup
6211-WHMYA,TechSupport
6211-WHMYA,StreamingTV
6211-WHMYA,InternetService_DSL
4459-BBGHE,StreamingTV
4459-BBGHE,StreamingMovies
4459-BBGHE,InternetService_DSL
9945-PSVIP,PhoneService
1041-RXHRA,PhoneService
1041-RXHRA,InternetService_Fiber
1750-CSKKM,PhoneService
1750-CSKKM,StreamingTV
1750-CSKKM,InternetService_DSL
9108-EJFJP,PhoneService
9108-EJFJP,OnlineSecurity
9108-EJFJP,OnlineBackup
9108-EJFJP,InternetService_DSL
0530-IJVDB,PhoneService
0530-IJVDB,MultipleLines
0530-IJVDB,OnlineSecurity
0530-IJVDB,OnlineBackup
0530-IJVDB,DeviceProtection
0530-IJVDB,TechSupport
0530-IJVDB,StreamingTV
0530-IJVDB,StreamingMovies
0530-IJVDB,InternetService_Fiber
0508-SQWPL,PhoneService
2215-ZAFGX,PhoneService
2215-ZAFGX,MultipleLines
2215-ZAFGX,StreamingTV
2215-ZAFGX,InternetService_Fiber
8213-TAZPM,PhoneService
8213-TAZPM,MultipleLines
8213-TAZPM,OnlineBackup
8213-TAZPM,DeviceProtection
8213-TAZPM,TechSupport
8213-TAZPM,StreamingTV
8213-TAZPM,StreamingMovies
8213-TAZPM,InternetService_Fiber
7142-HVGBG,PhoneService
7142-HVGBG,MultipleLines
7142-HVGBG,OnlineBackup
7142-HVGBG,DeviceProtection
7142-HVGBG,StreamingTV
7142-HVGBG,StreamingMovies
7142-HVGBG,InternetService_Fiber
1304-SEGFY,PhoneService
1304-SEGFY,MultipleLines
1304-SEGFY,DeviceProtection
1304-SEGFY,StreamingTV
1304-SEGFY,StreamingMovies
1304-SEGFY,InternetService_Fiber
7242-EDTYC,PhoneService
2904-GGUAZ,PhoneService
2904-GGUAZ,MultipleLines
2904-GGUAZ,OnlineSecurity
2904-GGUAZ,OnlineBackup
2904-GGUAZ,InternetService_Fiber
8267-ZNYVZ,PhoneService
8267-ZNYVZ,OnlineSecurity
8267-ZNYVZ,DeviceProtection
8267-ZNYVZ,TechSupport
8267-ZNYVZ,StreamingTV
8267-ZNYVZ,StreamingMovies
8267-ZNYVZ,InternetService_Fiber
5136-GFPMB,PhoneService
5136-GFPMB,MultipleLines
5136-GFPMB,DeviceProtection
5136-GFPMB,StreamingMovies
5136-GFPMB,InternetService_Fiber
2595-KIWPV,PhoneService
5243-SAOTC,PhoneService
5243-SAOTC,MultipleLines
5243-SAOTC,OnlineBackup
5243-SAOTC,InternetService_Fiber
9398-MMQTO,PhoneService
9398-MMQTO,OnlineBackup
9398-MMQTO,InternetService_Fiber
7619-PLRLP,PhoneService
7619-PLRLP,MultipleLines
7619-PLRLP,OnlineSecurity
7619-PLRLP,OnlineBackup
7619-PLRLP,DeviceProtection
7619-PLRLP,StreamingMovies
7619-PLRLP,InternetService_DSL
6457-GIRWB,PhoneService
6457-GIRWB,InternetService_Fiber
6508-NJYRO,PhoneService
1450-SKCVI,PhoneService
1450-SKCVI,OnlineBackup
1450-SKCVI,InternetService_Fiber
4710-NKCAW,PhoneService
4710-NKCAW,MultipleLines
4710-NKCAW,OnlineSecurity
4710-NKCAW,OnlineBackup
4710-NKCAW,TechSupport
4710-NKCAW,InternetService_DSL
5306-BVTKJ,PhoneService
5306-BVTKJ,OnlineBackup
5306-BVTKJ,DeviceProtection
5306-BVTKJ,InternetService_DSL
0357-NVCRI,PhoneService
5570-PTWEH,PhoneService
5570-PTWEH,MultipleLines
5570-PTWEH,InternetService_Fiber
2371-KFUOG,PhoneService
2371-KFUOG,OnlineSecurity
2371-KFUOG,OnlineBackup
2371-KFUOG,StreamingTV
2371-KFUOG,StreamingMovies
2371-KFUOG,InternetService_Fiber
0463-ZSDNT,PhoneService
0463-ZSDNT,StreamingMovies
0463-ZSDNT,InternetService_DSL
6502-MJQAE,PhoneService
6502-MJQAE,InternetService_Fiber
6257-DTAYD,PhoneService
6257-DTAYD,MultipleLines
6257-DTAYD,OnlineBackup
6257-DTAYD,TechSupport
6257-DTAYD,StreamingTV
6257-DTAYD,StreamingMovies
6257-DTAYD,InternetService_Fiber
4616-ULAOA,PhoneService
4616-ULAOA,MultipleLines
4616-ULAOA,OnlineBackup
4616-ULAOA,DeviceProtection
4616-ULAOA,TechSupport
4616-ULAOA,StreamingTV
4616-ULAOA,StreamingMovies
4616-ULAOA,InternetService_Fiber
7693-LCKZL,PhoneService
7693-LCKZL,MultipleLines
7693-LCKZL,OnlineBackup
7693-LCKZL,InternetService_Fiber
7746-AWNQW,DeviceProtection
7746-AWNQW,TechSupport
7746-AWNQW,InternetService_DSL
5996-EBTKM,PhoneService
5996-EBTKM,MultipleLines
5996-EBTKM,DeviceProtection
5996-EBTKM,TechSupport
5996-EBTKM,StreamingMovies
5996-EBTKM,InternetService_DSL
2758-RNWXS,PhoneService
2758-RNWXS,OnlineSecurity
2758-RNWXS,TechSupport
2758-RNWXS,StreamingMovies
2758-RNWXS,InternetService_Fiber
2314-TNDJQ,OnlineSecurity
2314-TNDJQ,OnlineBackup
2314-TNDJQ,DeviceProtection
2314-TNDJQ,TechSupport
2314-TNDJQ,StreamingMovies
2314-TNDJQ,InternetService_DSL
2405-LBMUW,OnlineSecurity
2405-LBMUW,OnlineBackup
2405-LBMUW,TechSupport
2405-LBMUW,StreamingMovies
2405-LBMUW,InternetService_DSL
3454-JFUBC,PhoneService
0032-PGELS,OnlineSecurity
0032-PGELS,InternetService_DSL
9039-ZVJDC,PhoneService
6797-LNAQX,PhoneService
6797-LNAQX,MultipleLines
6797-LNAQX,OnlineBackup
6797-LNAQX,StreamingTV
6797-LNAQX,StreamingMovies
6797-LNAQX,InternetService_Fiber
9013-AQORL,OnlineBackup
9013-AQORL,DeviceProtection
9013-AQORL,StreamingMovies
9013-AQORL,InternetService_DSL
2898-MRKPI,PhoneService
2898-MRKPI,MultipleLines
2898-MRKPI,OnlineBackup
2898-MRKPI,StreamingTV
2898-MRKPI,StreamingMovies
2898-MRKPI,InternetService_Fiber
2750-BJLSB,PhoneService
2750-BJLSB,OnlineSecurity
2750-BJLSB,DeviceProtection
2750-BJLSB,TechSupport
2750-BJLSB,StreamingTV
2750-BJLSB,StreamingMovies
2750-BJLSB,InternetService_Fiber
3648-GZPHF,DeviceProtection
3648-GZPHF,TechSupport
3648-GZPHF,InternetService_DSL
2075-RMJIK,PhoneService
2075-RMJIK,OnlineSecurity
2075-RMJIK,InternetService_DSL
9588-YRFHY,PhoneService
6394-MFYNG,PhoneService
6394-MFYNG,MultipleLines
6394-MFYNG,OnlineBackup
6394-MFYNG,DeviceProtection
6394-MFYNG,StreamingTV
6394-MFYNG,StreamingMovies
6394-MFYNG,InternetService_Fiber
1564-NTYXF,PhoneService
1564-NTYXF,MultipleLines
1564-NTYXF,StreamingMovies
1564-NTYXF,InternetService_Fiber
9364-YKUVW,PhoneService
5392-AKEMH,PhoneService
5392-AKEMH,InternetService_DSL
2451-YMUXS,PhoneService
2451-YMUXS,MultipleLines
2451-YMUXS,OnlineSecurity
2451-YMUXS,OnlineBackup
2451-YMUXS,TechSupport
2451-YMUXS,InternetService_DSL
3914-FDRHP,PhoneService
3914-FDRHP,TechSupport
3914-FDRHP,StreamingTV
3914-FDRHP,InternetService_Fiber
3078-ZKNTS,PhoneService
1024-KPRBB,PhoneService
1024-KPRBB,StreamingTV
1024-KPRBB,StreamingMovies
1024-KPRBB,InternetService_Fiber
4690-PKDQG,PhoneService
4690-PKDQG,MultipleLines
4690-PKDQG,OnlineBackup
4690-PKDQG,DeviceProtection
4690-PKDQG,StreamingTV
4690-PKDQG,InternetService_Fiber
8155-IBNHG,PhoneService
8155-IBNHG,MultipleLines
8155-IBNHG,InternetService_Fiber
0886-QGENL,PhoneService
0886-QGENL,OnlineSecurity
0886-QGENL,DeviceProtection
0886-QGENL,StreamingTV
0886-QGENL,StreamingMovies
0886-QGENL,InternetService_Fiber
9547-ITEFG,PhoneService
9547-ITEFG,MultipleLines
9547-ITEFG,OnlineBackup
9547-ITEFG,DeviceProtection
9547-ITEFG,StreamingTV
9547-ITEFG,StreamingMovies
9547-ITEFG,InternetService_Fiber
1264-FUHCX,OnlineBackup
1264-FUHCX,TechSupport
1264-FUHCX,StreamingTV
1264-FUHCX,StreamingMovies
1264-FUHCX,InternetService_DSL
7789-CRUVC,PhoneService
7789-CRUVC,MultipleLines
7789-CRUVC,OnlineSecurity
7789-CRUVC,OnlineBackup
7789-CRUVC,DeviceProtection
7789-CRUVC,TechSupport
7789-CRUVC,InternetService_Fiber
6598-KELSS,OnlineSecurity
6598-KELSS,OnlineBackup
6598-KELSS,StreamingTV
6598-KELSS,InternetService_DSL
8739-WWKDU,PhoneService
8739-WWKDU,MultipleLines
8739-WWKDU,OnlineBackup
8739-WWKDU,StreamingTV
8739-WWKDU,InternetService_Fiber
8685-WHQPW,PhoneService
8685-WHQPW,MultipleLines
8685-WHQPW,InternetService_Fiber
4745-LSPLO,PhoneService
8083-YTZES,PhoneService
8083-YTZES,MultipleLines
8083-YTZES,InternetService_Fiber
7240-FQLHE,PhoneService
7240-FQLHE,MultipleLines
7240-FQLHE,TechSupport
7240-FQLHE,StreamingTV
7240-FQLHE,StreamingMovies
7240-FQLHE,InternetService_Fiber
6664-FPDAC,PhoneService
6664-FPDAC,MultipleLines
6664-FPDAC,OnlineBackup
6664-FPDAC,DeviceProtection
6664-FPDAC,TechSupport
6664-FPDAC,StreamingTV
6664-FPDAC,StreamingMovies
6664-FPDAC,InternetService_Fiber
9972-VAFJJ,PhoneService
9972-VAFJJ,OnlineBackup
9972-VAFJJ,DeviceProtection
9972-VAFJJ,TechSupport
9972-VAFJJ,StreamingTV
9972-VAFJJ,InternetService_Fiber
0422-UXFAP,PhoneService
0422-UXFAP,MultipleLines
0422-UXFAP,DeviceProtection
0422-UXFAP,StreamingTV
0422-UXFAP,StreamingMovies
0422-UXFAP,InternetService_Fiber
1904-WAJAA,PhoneService
1904-WAJAA,MultipleLines
1904-WAJAA,OnlineSecurity
1904-WAJAA,OnlineBackup
1904-WAJAA,DeviceProtection
1904-WAJAA,InternetService_DSL
5130-YPIRV,PhoneService
5130-YPIRV,OnlineSecurity
5130-YPIRV,OnlineBackup
5130-YPIRV,DeviceProtection
5130-YPIRV,StreamingTV
5130-YPIRV,InternetService_DSL
2843-CQMEG,PhoneService
2843-CQMEG,OnlineBackup
2843-CQMEG,InternetService_DSL
6439-PKTRR,PhoneService
6439-PKTRR,MultipleLines
6439-PKTRR,OnlineSecurity
6439-PKTRR,OnlineBackup
6439-PKTRR,DeviceProtection
6439-PKTRR,TechSupport
6439-PKTRR,StreamingTV
6439-PKTRR,InternetService_DSL
5351-QESIO,InternetService_DSL
0786-VSSUD,OnlineBackup
0786-VSSUD,StreamingTV
0786-VSSUD,InternetService_DSL
5568-DMXZS,PhoneService
5568-DMXZS,OnlineBackup
5568-DMXZS,TechSupport
5568-DMXZS,StreamingTV
5568-DMXZS,InternetService_DSL
8468-FZTOE,PhoneService
8468-FZTOE,OnlineSecurity
8468-FZTOE,OnlineBackup
8468-FZTOE,DeviceProtection
8468-FZTOE,TechSupport
8468-FZTOE,StreamingMovies
8468-FZTOE,InternetService_DSL
6633-SYEUS,PhoneService
6633-SYEUS,OnlineBackup
6633-SYEUS,DeviceProtection
6633-SYEUS,TechSupport
6633-SYEUS,InternetService_Fiber
6447-GORXK,InternetService_DSL
6967-PEJLL,OnlineSecurity
6967-PEJLL,DeviceProtection
6967-PEJLL,TechSupport
6967-PEJLL,InternetService_DSL
3976-BWUCK,PhoneService
3976-BWUCK,MultipleLines
3976-BWUCK,OnlineBackup
3976-BWUCK,TechSupport
3976-BWUCK,StreamingTV
3976-BWUCK,InternetService_Fiber
5981-ZVXOT,PhoneService
5981-ZVXOT,MultipleLines
5981-ZVXOT,OnlineSecurity
5981-ZVXOT,OnlineBackup
5981-ZVXOT,DeviceProtection
5981-ZVXOT,StreamingTV
5981-ZVXOT,StreamingMovies
5981-ZVXOT,InternetService_Fiber
1684-FLBGS,PhoneService
1684-FLBGS,MultipleLines
1684-FLBGS,OnlineBackup
1684-FLBGS,TechSupport
1684-FLBGS,StreamingTV
1684-FLBGS,InternetService_DSL
1389-WNUIB,PhoneService
1389-WNUIB,MultipleLines
1389-WNUIB,OnlineSecurity
1389-WNUIB,StreamingTV
1389-WNUIB,StreamingMovies
1389-WNUIB,InternetService_DSL
0376-OIWME,PhoneService
0376-OIWME,OnlineSecurity
0376-OIWME,StreamingTV
0376-OIWME,StreamingMovies
0376-OIWME,InternetService_Fiber
3585-ISXZP,PhoneService
3585-ISXZP,MultipleLines
3585-ISXZP,StreamingTV
3585-ISXZP,StreamingMovies
3585-ISXZP,InternetService_Fiber
0218-QNVAS,PhoneService
0218-QNVAS,MultipleLines
0218-QNVAS,OnlineBackup
0218-QNVAS,StreamingTV
0218-QNVAS,StreamingMovies
0218-QNVAS,InternetService_Fiber
6583-QGCSI,PhoneService
6583-QGCSI,MultipleLines
6583-QGCSI,OnlineBackup
6583-QGCSI,StreamingTV
6583-QGCSI,InternetService_Fiber
0804-YGEQV,PhoneService
0804-YGEQV,MultipleLines
7164-BPTUT,PhoneService
7164-BPTUT,MultipleLines
7164-BPTUT,OnlineSecurity
7164-BPTUT,OnlineBackup
7164-BPTUT,DeviceProtection
7164-BPTUT,TechSupport
7164-BPTUT,StreamingTV
7164-BPTUT,StreamingMovies
7164-BPTUT,InternetService_DSL
4174-LPGTI,PhoneService
4174-LPGTI,OnlineBackup
4174-LPGTI,TechSupport
4174-LPGTI,StreamingMovies
4174-LPGTI,InternetService_DSL
2523-EWWZL,PhoneService
2523-EWWZL,OnlineBackup
2523-EWWZL,InternetService_Fiber
0928-XUTSN,PhoneService
0928-XUTSN,StreamingMovies
0928-XUTSN,InternetService_Fiber
2108-XWMPY,OnlineSecurity
2108-XWMPY,OnlineBackup
2108-XWMPY,InternetService_DSL
0052-YNYOT,PhoneService
6304-IJFSQ,PhoneService
6304-IJFSQ,OnlineBackup
6304-IJFSQ,InternetService_DSL
9586-JGQKH,PhoneService
9586-JGQKH,MultipleLines
9586-JGQKH,OnlineBackup
9586-JGQKH,TechSupport
9586-JGQKH,StreamingTV
9586-JGQKH,StreamingMovies
9586-JGQKH,InternetService_Fiber
4501-VCPFK,DeviceProtection
4501-VCPFK,TechSupport
4501-VCPFK,InternetService_DSL
6075-SLNIL,PhoneService
6075-SLNIL,MultipleLines
6075-SLNIL,OnlineBackup
6075-SLNIL,DeviceProtection
6075-SLNIL,StreamingMovies
6075-SLNIL,InternetService_Fiber
9347-AERRL,PhoneService
0093-XWZFY,PhoneService
0093-XWZFY,MultipleLines
0093-XWZFY,OnlineBackup
0093-XWZFY,DeviceProtection
0093-XWZFY,StreamingTV
0093-XWZFY,StreamingMovies
0093-XWZFY,InternetService_Fiber
2274-XUATA,OnlineSecurity
2274-XUATA,OnlineBackup
2274-XUATA,DeviceProtection
2274-XUATA,TechSupport
2274-XUATA,StreamingTV
2274-XUATA,StreamingMovies
2274-XUATA,InternetService_DSL
1980-KXVPM,PhoneService
1980-KXVPM,MultipleLines
1980-KXVPM,InternetService_Fiber
7703-ZEKEF,PhoneService
7703-ZEKEF,MultipleLines
7703-ZEKEF,DeviceProtection
7703-ZEKEF,InternetService_Fiber
0723-DRCLG,PhoneService
0723-DRCLG,MultipleLines
0723-DRCLG,InternetService_Fiber
5482-NUPNA,PhoneService
5482-NUPNA,OnlineSecurity
5482-NUPNA,OnlineBackup
5482-NUPNA,TechSupport
5482-NUPNA,InternetService_DSL
6691-CCIHA,PhoneService
6691-CCIHA,MultipleLines
6691-CCIHA,OnlineSecurity
6691-CCIHA,OnlineBackup
6691-CCIHA,TechSupport
6691-CCIHA,StreamingTV
6691-CCIHA,StreamingMovies
6691-CCIHA,InternetService_DSL
1685-BQULA,PhoneService
1685-BQULA,MultipleLines
1685-BQULA,OnlineBackup
1685-BQULA,DeviceProtection
1685-BQULA,StreamingTV
1685-BQULA,InternetService_Fiber
9053-EJUNL,PhoneService
9053-EJUNL,MultipleLines
9053-EJUNL,OnlineBackup
9053-EJUNL,StreamingTV
9053-EJUNL,InternetService_Fiber
0666-UXTJO,PhoneService
0666-UXTJO,DeviceProtection
0666-UXTJO,StreamingTV
0666-UXTJO,InternetService_Fiber
1471-GIQKQ,PhoneService
1471-GIQKQ,OnlineBackup
1471-GIQKQ,InternetService_DSL
4807-IZYOZ,PhoneService
1122-JWTJW,PhoneService
1122-JWTJW,InternetService_Fiber
9710-NJERN,PhoneService
9837-FWLCH,PhoneService
1699-HPSBG,PhoneService
1699-HPSBG,TechSupport
1699-HPSBG,StreamingTV
1699-HPSBG,InternetService_DSL
7203-OYKCT,PhoneService
7203-OYKCT,MultipleLines
7203-OYKCT,OnlineBackup
7203-OYKCT,DeviceProtection
7203-OYKCT,StreamingTV
7203-OYKCT,StreamingMovies
7203-OYKCT,InternetService_Fiber
1035-IPQPU,PhoneService
1035-IPQPU,MultipleLines
1035-IPQPU,OnlineBackup
1035-IPQPU,DeviceProtection
1035-IPQPU,StreamingTV
1035-IPQPU,StreamingMovies
1035-IPQPU,InternetService_Fiber
7398-LXGYX,PhoneService
7398-LXGYX,MultipleLines
7398-LXGYX,OnlineSecurity
7398-LXGYX,DeviceProtection
7398-LXGYX,InternetService_Fiber
2823-LKABH,PhoneService
2823-LKABH,MultipleLines
2823-LKABH,DeviceProtection
2823-LKABH,TechSupport
2823-LKABH,StreamingMovies
2823-LKABH,InternetService_Fiber
8775-CEBBJ,PhoneService
8775-CEBBJ,InternetService_DSL
0550-DCXLH,PhoneService
0550-DCXLH,OnlineBackup
0550-DCXLH,TechSupport
0550-DCXLH,StreamingTV
0550-DCXLH,StreamingMovies
0550-DCXLH,InternetService_DSL
9281-CEDRU,PhoneService
9281-CEDRU,OnlineBackup
9281-CEDRU,TechSupport
9281-CEDRU,StreamingTV
9281-CEDRU,InternetService_DSL
2235-DWLJU,StreamingTV
2235-DWLJU,StreamingMovies
2235-DWLJU,InternetService_DSL
0871-OPBXW,PhoneService
3605-JISKB,PhoneService
3605-JISKB,MultipleLines
3605-JISKB,OnlineSecurity
3605-JISKB,OnlineBackup
3605-JISKB,InternetService_DSL
6894-LFHLY,PhoneService
6894-LFHLY,MultipleLines
6894-LFHLY,InternetService_Fiber
9767-FFLEM,PhoneService
9767-FFLEM,InternetService_Fiber
0639-TSIQW,PhoneService
0639-TSIQW,MultipleLines
0639-TSIQW,OnlineSecurity
0639-TSIQW,OnlineBackup
0639-TSIQW,DeviceProtection
0639-TSIQW,StreamingTV
0639-TSIQW,InternetService_Fiber
8456-QDAVC,PhoneService
8456-QDAVC,StreamingTV
8456-QDAVC,InternetService_Fiber
7750-EYXWZ,OnlineBackup
7750-EYXWZ,DeviceProtection
7750-EYXWZ,TechSupport
7750-EYXWZ,StreamingTV
7750-EYXWZ,StreamingMovies
7750-EYXWZ,InternetService_DSL
2569-WGERO,PhoneService
6840-RESVB,PhoneService
6840-RESVB,MultipleLines
6840-RESVB,OnlineSecurity
6840-RESVB,DeviceProtection
6840-RESVB,TechSupport
6840-RESVB,StreamingTV
6840-RESVB,StreamingMovies
6840-RESVB,InternetService_DSL
2234-XADUH,PhoneService
2234-XADUH,MultipleLines
2234-XADUH,OnlineBackup
2234-XADUH,DeviceProtection
2234-XADUH,StreamingTV
2234-XADUH,StreamingMovies
2234-XADUH,InternetService_Fiber
4801-JZAZL,OnlineSecurity
4801-JZAZL,InternetService_DSL
8361-LTMKD,PhoneService
8361-LTMKD,MultipleLines
8361-LTMKD,InternetService_Fiber
3186-AJIEK,PhoneService
3186-AJIEK,OnlineSecurity
3186-AJIEK,DeviceProtection
3186-AJIEK,TechSupport
3186-AJIEK,StreamingTV
3186-AJIEK,StreamingMovies
3186-AJIEK,InternetService_Fiber
